timestamp,DUT01,DUT02,DUT03,DUT04,DUT05,DUT06,DUT07,DUT08,DUT09,DUT10,DUT11,DUT12,DUT13,DUT14,DUT15,DUT16,DUT17,DUT18,DUT19,DUT20,Vacuum
"2025-06-18 12:01:16",27.8,27.8,28,27.7,27.5,27.4,27.3,27.4,26.9,27,27.7,-9999,-9999,-9999,-9999,-9999,-9999,-9999,-9999,-9999,32.01996994018555
"2025-06-18 12:01:27",27.8,27.8,27.9,27.7,27.6,27.4,27.4,27.5,27.1,27.1,27.7,-9999,-9999,-9999,-9999,-9999,-9999,-9999,-9999,-9999,17.619918823242188
"2025-06-18 12:01:37",27.9,27.8,28,27.7,27.7,27.5,27.5,27.6,27.3,27.3,27.8,-9999,-9999,-9999,-9999,-9999,-9999,-9999,-9999,-9999,11.220488548278809
"2025-06-18 12:01:47",27.9,27.8,27.9,27.7,27.7,27.5,27.7,27.6,27.4,27.4,27.9,-9999,-9999,-9999,-9999,-9999,-9999,-9999,-9999,-9999,10.85965347290039
"2025-06-18 12:01:58",27.9,27.9,28,27.7,27.8,27.6,27.7,27.7,27.5,27.5,27.9,-9999,-9999,-9999,-9999,-9999,-9999,-9999,-9999,-9999,10.537768363952637
"2025-06-18 12:02:08",27.9,27.9,28,27.7,27.8,27.6,27.8,27.7,27.6,27.5,27.9,-9999,-9999,-9999,-9999,-9999,-9999,-9999,-9999,-9999,10.250177383422852
"2025-06-18 12:02:18",27.9,27.9,28,27.7,27.9,27.7,27.8,27.7,27.6,27.6,27.9,-9999,-9999,-9999,-9999,-9999,-9999,-9999,-9999,-9999,9.988941192626953
"2025-06-18 12:02:29",28,27.9,28,27.7,27.9,27.7,27.9,27.8,27.7,27.7,27.9,-9999,-9999,-9999,-9999,-9999,-9999,-9999,-9999,-9999,9.753693580627441
"2025-06-18 12:02:39",28,27.9,28,27.8,27.9,27.8,27.9,27.8,27.7,27.7,28,-9999,-9999,-9999,-9999,-9999,-9999,-9999,-9999,-9999,9.533668518066406
"2025-06-18 12:02:50",28,28,28,27.8,27.9,27.8,28,27.8,27.8,27.7,28,-9999,-9999,-9999,-9999,-9999,-9999,-9999,-9999,-9999,9.333480834960938
"2025-06-18 12:03:00",28,28,28.1,27.9,28,27.9,28,27.9,27.8,27.8,28,-9999,-9999,-9999,-9999,-9999,-9999,-9999,-9999,-9999,9.1482515335083
"2025-06-18 12:03:10",28,28,28.1,27.9,28,27.8,28,27.9,27.9,27.8,28,-9999,-9999,-9999,-9999,-9999,-9999,-9999,-9999,-9999,8.973484992980957
"2025-06-18 12:03:21",28.1,28.1,28.1,28,28,27.9,28,27.9,27.9,27.8,28,-9999,-9999,-9999,-9999,-9999,-9999,-9999,-9999,-9999,8.81104850769043
"2025-06-18 12:03:31",28.1,28.1,28.1,28,28,27.9,28,27.9,27.9,27.9,28.1,-9999,-9999,-9999,-9999,-9999,-9999,-9999,-9999,-9999,8.658537864685059
"2025-06-18 12:03:42",28.2,28.1,28.2,28.1,28.1,28,28.1,28,27.9,27.9,28.1,-9999,-9999,-9999,-9999,-9999,-9999,-9999,-9999,-9999,8.513586044311523
"2025-06-18 12:03:52",28.2,28.2,28.3,28.1,28.1,28,28.1,28,28,27.9,28.1,-9999,-9999,-9999,-9999,-9999,-9999,-9999,-9999,-9999,8.378546714782715
"2025-06-18 12:04:02",28.2,28.2,28.3,28.1,28.1,28,28.1,28,28,28,28.1,-9999,-9999,-9999,-9999,-9999,-9999,-9999,-9999,-9999,8.249576568603516
"2025-06-18 12:04:13",28.3,28.3,28.3,28.2,28.1,28.1,28.2,28,28,28,28.2,-9999,-9999,-9999,-9999,-9999,-9999,-9999,-9999,-9999,8.127883911132812
"2025-06-18 12:04:23",28.3,28.3,28.4,28.2,28.2,28.1,28.2,28.1,28.1,28,28.2,-9999,-9999,-9999,-9999,-9999,-9999,-9999,-9999,-9999,8.011220932006836
"2025-06-18 12:04:33",28.3,28.3,28.4,28.3,28.2,28.1,28.3,28.1,28.1,28.1,28.2,-9999,-9999,-9999,-9999,-9999,-9999,-9999,-9999,-9999,7.901682376861572
"2025-06-18 12:04:44",28.3,28.3,28.4,28.3,28.2,28.1,28.3,28.2,28.2,28.1,28.3,-9999,-9999,-9999,-9999,-9999,-9999,-9999,-9999,-9999,7.794803619384766
"2025-06-18 12:04:54",28.3,28.4,28.4,28.3,28.3,28.2,28.3,28.2,28.2,28.1,28.3,-9999,-9999,-9999,-9999,-9999,-9999,-9999,-9999,-9999,7.694701671600342
"2025-06-18 12:05:05",28.4,28.4,28.4,28.3,28.3,28.2,28.3,28.2,28.2,28.1,28.3,-9999,-9999,-9999,-9999,-9999,-9999,-9999,-9999,-9999,7.596578121185303
"2025-06-18 12:05:15",28.4,28.4,28.4,28.3,28.3,28.2,28.4,28.2,28.2,28.2,28.3,-9999,-9999,-9999,-9999,-9999,-9999,-9999,-9999,-9999,7.502366065979004
"2025-06-18 12:05:25",28.3,28.3,28.4,28.3,28.3,28.2,28.4,28.3,28.2,28.2,28.3,-9999,-9999,-9999,-9999,-9999,-9999,-9999,-9999,-9999,7.411855220794678
"2025-06-18 12:05:36",28.3,28.3,28.4,28.3,28.3,28.2,28.4,28.2,28.2,28.2,28.4,-9999,-9999,-9999,-9999,-9999,-9999,-9999,-9999,-9999,7.326137542724609
"2025-06-18 12:05:46",28.3,28.3,28.4,28.2,28.2,28.2,28.4,28.3,28.2,28.2,28.4,-9999,-9999,-9999,-9999,-9999,-9999,-9999,-9999,-9999,7.2400078773498535
"2025-06-18 12:05:56",28.3,28.3,28.4,28.2,28.2,28.2,28.4,28.3,28.2,28.2,28.4,-9999,-9999,-9999,-9999,-9999,-9999,-9999,-9999,-9999,7.160034656524658
"2025-06-18 12:06:07",28.3,28.3,28.4,28.3,28.3,28.2,28.4,28.3,28.3,28.2,28.4,-9999,-9999,-9999,-9999,-9999,-9999,-9999,-9999,-9999,7.079278945922852
"2025-06-18 12:06:17",28.3,28.3,28.4,28.3,28.3,28.3,28.4,28.3,28.2,28.2,28.4,-9999,-9999,-9999,-9999,-9999,-9999,-9999,-9999,-9999,7.003268241882324
"2025-06-18 12:06:28",28.3,28.3,28.4,28.3,28.3,28.3,28.4,28.3,28.3,28.2,28.4,-9999,-9999,-9999,-9999,-9999,-9999,-9999,-9999,-9999,6.929261684417725
"2025-06-18 12:06:38",28.3,28.3,28.4,28.3,28.3,28.3,28.4,28.3,28.3,28.3,28.4,-9999,-9999,-9999,-9999,-9999,-9999,-9999,-9999,-9999,6.855278968811035
"2025-06-18 12:06:48",28.3,28.3,28.4,28.3,28.3,28.3,28.4,28.3,28.3,28.3,28.4,-9999,-9999,-9999,-9999,-9999,-9999,-9999,-9999,-9999,6.786473751068115
"2025-06-18 12:06:59",28.3,28.3,28.4,28.3,28.3,28.3,28.4,28.3,28.3,28.3,28.4,-9999,-9999,-9999,-9999,-9999,-9999,-9999,-9999,-9999,6.7173566818237305
"2025-06-18 12:07:09",28.3,28.4,28.4,28.3,28.3,28.3,28.4,28.3,28.3,28.3,28.4,-9999,-9999,-9999,-9999,-9999,-9999,-9999,-9999,-9999,6.653600692749023
"2025-06-18 12:07:20",28.4,28.4,28.4,28.3,28.3,28.3,28.5,28.3,28.3,28.3,28.4,-9999,-9999,-9999,-9999,-9999,-9999,-9999,-9999,-9999,6.587244033813477
"2025-06-18 12:07:30",28.4,28.4,28.5,28.4,28.3,28.3,28.4,28.3,28.3,28.3,28.4,-9999,-9999,-9999,-9999,-9999,-9999,-9999,-9999,-9999,6.5251874923706055
"2025-06-18 12:07:40",28.5,28.5,28.6,28.4,28.4,28.4,28.5,28.4,28.3,28.3,28.4,-9999,-9999,-9999,-9999,-9999,-9999,-9999,-9999,-9999,6.4648847579956055
"2025-06-18 12:07:51",28.5,28.5,28.6,28.5,28.4,28.4,28.5,28.4,28.4,28.3,28.5,-9999,-9999,-9999,-9999,-9999,-9999,-9999,-9999,-9999,6.405974388122559
"2025-06-18 12:08:01",28.5,28.6,28.6,28.5,28.4,28.4,28.5,28.4,28.4,28.4,28.6,-9999,-9999,-9999,-9999,-9999,-9999,-9999,-9999,-9999,6.348002910614014
"2025-06-18 12:08:11",28.6,28.6,28.7,28.6,28.5,28.5,28.6,28.4,28.5,28.4,28.6,-9999,-9999,-9999,-9999,-9999,-9999,-9999,-9999,-9999,6.291815757751465
"2025-06-18 12:08:22",28.7,28.7,28.7,28.6,28.5,28.5,28.6,28.5,28.5,28.5,28.7,-9999,-9999,-9999,-9999,-9999,-9999,-9999,-9999,-9999,6.236299991607666
"2025-06-18 12:08:32",28.7,28.7,28.8,28.7,28.5,28.5,28.6,28.5,28.5,28.5,28.8,-9999,-9999,-9999,-9999,-9999,-9999,-9999,-9999,-9999,6.18428373336792
"2025-06-18 12:08:43",28.8,28.8,28.8,28.7,28.6,28.6,28.6,28.5,28.5,28.6,28.8,-9999,-9999,-9999,-9999,-9999,-9999,-9999,-9999,-9999,6.132266998291016
"2025-06-18 12:08:53",28.9,28.9,28.9,28.8,28.6,28.6,28.7,28.6,28.6,28.6,28.9,-9999,-9999,-9999,-9999,-9999,-9999,-9999,-9999,-9999,6.082640647888184
"2025-06-18 12:09:03",28.9,28.9,28.9,28.8,28.7,28.7,28.7,28.6,28.6,28.7,29,-9999,-9999,-9999,-9999,-9999,-9999,-9999,-9999,-9999,6.031209468841553
"2025-06-18 12:09:14",29,28.9,29,28.9,28.7,28.7,28.7,28.6,28.7,28.7,29,-9999,-9999,-9999,-9999,-9999,-9999,-9999,-9999,-9999,5.949100971221924
"2025-06-18 12:09:24",29,29,29,28.9,28.7,28.7,28.8,28.7,28.7,28.8,29.1,-9999,-9999,-9999,-9999,-9999,-9999,-9999,-9999,-9999,5.900516033172607
"2025-06-18 12:09:34",29.1,29,29,29,28.8,28.8,28.8,28.7,28.7,28.8,29.2,-9999,-9999,-9999,-9999,-9999,-9999,-9999,-9999,-9999,5.852499008178711
"2025-06-18 12:09:45",29.2,29.1,29.1,29.1,28.9,28.8,28.9,28.8,28.8,28.9,29.2,-9999,-9999,-9999,-9999,-9999,-9999,-9999,-9999,-9999,5.806319236755371
"2025-06-18 12:09:55",29.2,29.2,29.1,29.1,28.9,28.8,28.9,28.8,28.8,28.9,29.3,-9999,-9999,-9999,-9999,-9999,-9999,-9999,-9999,-9999,5.759994983673096
"2025-06-18 12:10:06",29.2,29.2,29.2,29.1,29,28.9,28.9,28.8,28.8,29,29.3,-9999,-9999,-9999,-9999,-9999,-9999,-9999,-9999,-9999,5.71440315246582
"2025-06-18 12:10:16",29.3,29.2,29.2,29.2,29,28.9,29,28.9,28.9,29,29.4,-9999,-9999,-9999,-9999,-9999,-9999,-9999,-9999,-9999,5.670591354370117
"2025-06-18 12:10:26",29.3,29.3,29.3,29.2,29,29,29,28.9,28.9,29.1,29.4,-9999,-9999,-9999,-9999,-9999,-9999,-9999,-9999,-9999,5.627773284912109
"2025-06-18 12:10:37",29.4,29.3,29.3,29.3,29.1,29,29,29,29,29.1,29.5,-9999,-9999,-9999,-9999,-9999,-9999,-9999,-9999,-9999,5.585433006286621
"2025-06-18 12:10:47",29.4,29.4,29.3,29.3,29.1,29,29.1,29,29,29.2,29.5,-9999,-9999,-9999,-9999,-9999,-9999,-9999,-9999,-9999,5.543323040008545
"2025-06-18 12:10:58",29.5,29.4,29.4,29.4,29.2,29.1,29.1,29,29,29.2,29.5,-9999,-9999,-9999,-9999,-9999,-9999,-9999,-9999,-9999,5.501743316650391
"2025-06-18 12:11:08",29.5,29.4,29.4,29.4,29.2,29.1,29.1,29.1,29.1,29.2,29.6,-9999,-9999,-9999,-9999,-9999,-9999,-9999,-9999,-9999,5.462299823760986
"2025-06-18 12:11:18",29.5,29.5,29.4,29.4,29.2,29.1,29.2,29.1,29.1,29.3,29.6,-9999,-9999,-9999,-9999,-9999,-9999,-9999,-9999,-9999,5.423094749450684
"2025-06-18 12:11:29",29.6,29.5,29.5,29.5,29.3,29.2,29.2,29.2,29.2,29.3,29.7,-9999,-9999,-9999,-9999,-9999,-9999,-9999,-9999,-9999,5.3841094970703125
"2025-06-18 12:11:39",29.6,29.5,29.5,29.5,29.3,29.2,29.3,29.2,29.2,29.4,29.7,-9999,-9999,-9999,-9999,-9999,-9999,-9999,-9999,-9999,5.346367359161377
"2025-06-18 12:11:49",29.6,29.6,29.6,29.6,29.3,29.3,29.3,29.3,29.2,29.4,29.7,-9999,-9999,-9999,-9999,-9999,-9999,-9999,-9999,-9999,5.308842182159424
"2025-06-18 12:12:00",29.7,29.6,29.6,29.6,29.4,29.3,29.4,29.3,29.3,29.4,29.8,-9999,-9999,-9999,-9999,-9999,-9999,-9999,-9999,-9999,5.271196365356445
"2025-06-18 12:12:10",29.7,29.7,29.6,29.7,29.4,29.4,29.4,29.3,29.3,29.4,29.8,-9999,-9999,-9999,-9999,-9999,-9999,-9999,-9999,-9999,5.233730316162109
"2025-06-18 12:12:21",29.8,29.7,29.7,29.7,29.5,29.4,29.5,29.4,29.3,29.5,29.8,-9999,-9999,-9999,-9999,-9999,-9999,-9999,-9999,-9999,5.199434757232666
"2025-06-18 12:12:31",29.8,29.7,29.7,29.7,29.5,29.4,29.5,29.4,29.4,29.5,29.8,-9999,-9999,-9999,-9999,-9999,-9999,-9999,-9999,-9999,5.163939952850342
"2025-06-18 12:12:41",29.9,29.8,29.7,29.8,29.5,29.4,29.5,29.5,29.4,29.6,29.9,-9999,-9999,-9999,-9999,-9999,-9999,-9999,-9999,-9999,5.130037307739258
"2025-06-18 12:12:52",29.9,29.8,29.8,29.8,29.6,29.5,29.6,29.5,29.4,29.6,29.9,-9999,-9999,-9999,-9999,-9999,-9999,-9999,-9999,-9999,5.095923900604248
"2025-06-18 12:13:02",30,29.9,29.8,29.8,29.6,29.5,29.6,29.6,29.5,29.7,30,-9999,-9999,-9999,-9999,-9999,-9999,-9999,-9999,-9999,5.062961578369141
"2025-06-18 12:13:13",30,29.9,29.9,29.9,29.7,29.6,29.7,29.6,29.5,29.7,30,-9999,-9999,-9999,-9999,-9999,-9999,-9999,-9999,-9999,5.029240608215332
"2025-06-18 12:13:23",30,30,29.9,29.9,29.7,29.6,29.7,29.6,29.6,29.7,30,-9999,-9999,-9999,-9999,-9999,-9999,-9999,-9999,-9999,4.996293544769287
"2025-06-18 12:13:33",30.1,30,29.9,30,29.8,29.7,29.8,29.7,29.6,29.8,30.1,-9999,-9999,-9999,-9999,-9999,-9999,-9999,-9999,-9999,4.963831424713135
"2025-06-18 12:13:44",30.1,30,30,30,29.8,29.7,29.8,29.7,29.7,29.8,30.1,-9999,-9999,-9999,-9999,-9999,-9999,-9999,-9999,-9999,4.931912899017334
"2025-06-18 12:13:54",30.2,30,30,30,29.8,29.7,29.8,29.8,29.7,29.8,30.1,-9999,-9999,-9999,-9999,-9999,-9999,-9999,-9999,-9999,4.90102481842041
"2025-06-18 12:14:04",30.2,30.1,30,30.1,29.9,29.7,29.9,29.8,29.7,29.9,30.2,-9999,-9999,-9999,-9999,-9999,-9999,-9999,-9999,-9999,4.871763706207275
"2025-06-18 12:14:15",30.3,30.1,30.1,30.1,29.9,29.8,29.9,29.8,29.8,29.9,30.2,-9999,-9999,-9999,-9999,-9999,-9999,-9999,-9999,-9999,4.840200424194336
"2025-06-18 12:14:25",30.3,30.2,30.1,30.2,29.9,29.8,29.9,29.9,29.8,29.9,30.2,-9999,-9999,-9999,-9999,-9999,-9999,-9999,-9999,-9999,4.810983180999756
"2025-06-18 12:14:36",30.3,30.2,30.1,30.2,30,29.9,30,29.9,29.8,30,30.3,-9999,-9999,-9999,-9999,-9999,-9999,-9999,-9999,-9999,4.78097677230835
"2025-06-18 12:14:46",30.4,30.2,30.2,30.2,30,29.9,30,29.9,29.9,30,30.3,-9999,-9999,-9999,-9999,-9999,-9999,-9999,-9999,-9999,4.7519917488098145
"2025-06-18 12:14:56",30.4,30.3,30.2,30.3,30,29.9,30.1,30,29.9,30,30.3,-9999,-9999,-9999,-9999,-9999,-9999,-9999,-9999,-9999,4.724114418029785
"2025-06-18 12:15:07",30.4,30.3,30.3,30.3,30.1,30,30.1,30,30,30.1,30.4,-9999,-9999,-9999,-9999,-9999,-9999,-9999,-9999,-9999,4.694579124450684
"2025-06-18 12:15:17",30.5,30.3,30.3,30.4,30.1,30,30.1,30,30,30.1,30.4,-9999,-9999,-9999,-9999,-9999,-9999,-9999,-9999,-9999,4.667346477508545
"2025-06-18 12:15:27",30.4,30.4,30.3,30.4,30.1,30,30.2,30.1,30,30.2,30.4,-9999,-9999,-9999,-9999,-9999,-9999,-9999,-9999,-9999,4.638883590698242
"2025-06-18 12:15:38",30.4,30.3,30.3,30.4,30.2,30.1,30.2,30.1,30.1,30.2,30.5,-9999,-9999,-9999,-9999,-9999,-9999,-9999,-9999,-9999,4.609905242919922
"2025-06-18 12:15:48",30.3,30.2,30.2,30.3,30.2,30.1,30.2,30.1,30.1,30.2,30.5,-9999,-9999,-9999,-9999,-9999,-9999,-9999,-9999,-9999,4.578848361968994
"2025-06-18 12:15:59",30.2,30,30,30.3,30.2,30.1,30.2,30.1,30.1,30.2,30.5,-9999,-9999,-9999,-9999,-9999,-9999,-9999,-9999,-9999,4.548466682434082
"2025-06-18 12:16:09",30,29.9,29.9,30.1,30.1,30.1,30.2,30.1,30,30.2,30.4,-9999,-9999,-9999,-9999,-9999,-9999,-9999,-9999,-9999,4.517394542694092
"2025-06-18 12:16:19",29.8,29.7,29.7,29.9,30.1,30,30.1,30,30,30.1,30.4,-9999,-9999,-9999,-9999,-9999,-9999,-9999,-9999,-9999,4.485476016998291
"2025-06-18 12:16:30",29.7,29.5,29.5,29.7,30,29.9,30,30,29.9,30,30.3,-9999,-9999,-9999,-9999,-9999,-9999,-9999,-9999,-9999,4.455607891082764
"2025-06-18 12:16:40",29.6,29.4,29.4,29.5,30,29.9,30,29.9,29.8,30,30.2,-9999,-9999,-9999,-9999,-9999,-9999,-9999,-9999,-9999,4.4253621101379395
"2025-06-18 12:16:50",29.4,29.3,29.3,29.4,29.9,29.8,29.9,29.8,29.7,29.9,30.1,-9999,-9999,-9999,-9999,-9999,-9999,-9999,-9999,-9999,4.395480632781982
"2025-06-18 12:17:01",29.3,29.2,29.1,29.2,29.8,29.7,29.8,29.7,29.6,29.8,30,-9999,-9999,-9999,-9999,-9999,-9999,-9999,-9999,-9999,4.36526346206665
"2025-06-18 12:17:11",29.2,29.1,29,29.1,29.7,29.6,29.7,29.6,29.6,29.8,29.9,-9999,-9999,-9999,-9999,-9999,-9999,-9999,-9999,-9999,4.336155891418457
"2025-06-18 12:17:22",29.1,29,28.9,29,29.6,29.5,29.7,29.5,29.5,29.7,29.9,-9999,-9999,-9999,-9999,-9999,-9999,-9999,-9999,-9999,4.307951927185059
"2025-06-18 12:17:32",29,28.8,28.8,28.8,29.6,29.4,29.6,29.5,29.4,29.6,29.7,-9999,-9999,-9999,-9999,-9999,-9999,-9999,-9999,-9999,4.277350902557373
"2025-06-18 12:17:42",28.8,28.7,28.6,28.7,29.4,29.3,29.5,29.3,29.3,29.5,29.6,-9999,-9999,-9999,-9999,-9999,-9999,-9999,-9999,-9999,4.246585845947266
"2025-06-18 12:17:53",28.6,28.5,28.4,28.5,29.4,29.2,29.4,29.3,29.2,29.4,29.5,-9999,-9999,-9999,-9999,-9999,-9999,-9999,-9999,-9999,4.216500282287598
"2025-06-18 12:18:03",28.4,28.3,28.3,28.3,29.2,29.1,29.3,29.1,29.1,29.3,29.4,-9999,-9999,-9999,-9999,-9999,-9999,-9999,-9999,-9999,4.186462879180908
"2025-06-18 12:18:14",28.2,28.1,28,28.1,29.1,29,29.1,29,29,29.2,29.3,-9999,-9999,-9999,-9999,-9999,-9999,-9999,-9999,-9999,4.1553778648376465
"2025-06-18 12:18:24",28,27.9,27.8,27.9,29,28.8,29,28.9,28.8,29,29.1,-9999,-9999,-9999,-9999,-9999,-9999,-9999,-9999,-9999,4.123750686645508
"2025-06-18 12:18:34",27.7,27.6,27.5,27.6,28.8,28.7,28.8,28.7,28.6,28.8,28.9,-9999,-9999,-9999,-9999,-9999,-9999,-9999,-9999,-9999,4.091854095458984
"2025-06-18 12:18:45",27.4,27.2,27.2,27.3,28.6,28.5,28.7,28.6,28.5,28.7,28.7,-9999,-9999,-9999,-9999,-9999,-9999,-9999,-9999,-9999,4.058624267578125
"2025-06-18 12:18:55",27,26.9,26.9,27,28.4,28.3,28.5,28.4,28.3,28.5,28.5,-9999,-9999,-9999,-9999,-9999,-9999,-9999,-9999,-9999,4.023736953735352
"2025-06-18 12:19:05",26.6,26.5,26.5,26.6,28.2,28.1,28.3,28.1,28.1,28.3,28.3,-9999,-9999,-9999,-9999,-9999,-9999,-9999,-9999,-9999,3.988617181777954
"2025-06-18 12:19:16",26.2,26.1,26.1,26.2,28,27.9,28,27.9,27.8,28,28,-9999,-9999,-9999,-9999,-9999,-9999,-9999,-9999,-9999,3.9534599781036377
"2025-06-18 12:19:26",25.8,25.6,25.6,25.8,27.7,27.6,27.8,27.6,27.6,27.8,27.8,-9999,-9999,-9999,-9999,-9999,-9999,-9999,-9999,-9999,3.91645884513855
"2025-06-18 12:19:37",25.2,25.1,25.1,25.3,27.4,27.3,27.5,27.3,27.3,27.5,27.4,-9999,-9999,-9999,-9999,-9999,-9999,-9999,-9999,-9999,3.8781378269195557
"2025-06-18 12:19:47",24.7,24.7,24.6,24.8,27.1,27,27.2,27,27,27.2,27.1,-9999,-9999,-9999,-9999,-9999,-9999,-9999,-9999,-9999,3.839395761489868
"2025-06-18 12:19:57",24.1,24.1,24.1,24.3,26.8,26.7,26.9,26.7,26.6,26.9,26.8,-9999,-9999,-9999,-9999,-9999,-9999,-9999,-9999,-9999,3.800112009048462
"2025-06-18 12:20:08",23.7,23.5,23.5,23.7,26.5,26.3,26.5,26.3,26.2,26.5,26.4,-9999,-9999,-9999,-9999,-9999,-9999,-9999,-9999,-9999,3.760479688644409
"2025-06-18 12:20:18",23.1,23,22.9,23.1,26.1,26,26.1,26,25.9,26.2,26,-9999,-9999,-9999,-9999,-9999,-9999,-9999,-9999,-9999,3.718865156173706
"2025-06-18 12:20:28",22.5,22.4,22.4,22.5,25.7,25.6,25.7,25.5,25.5,25.8,25.6,-9999,-9999,-9999,-9999,-9999,-9999,-9999,-9999,-9999,3.6774590015411377
"2025-06-18 12:20:39",21.9,21.8,21.7,21.9,25.3,25.2,25.3,25.1,25.1,25.4,25.1,-9999,-9999,-9999,-9999,-9999,-9999,-9999,-9999,-9999,3.636160135269165
"2025-06-18 12:20:49",21.3,21.2,21.1,21.3,24.8,24.7,24.8,24.6,24.6,24.9,24.6,-9999,-9999,-9999,-9999,-9999,-9999,-9999,-9999,-9999,3.5941662788391113
"2025-06-18 12:21:00",20.6,20.6,20.5,20.6,24.4,24.3,24.4,24.1,24.1,24.4,24.2,-9999,-9999,-9999,-9999,-9999,-9999,-9999,-9999,-9999,3.550001859664917
"2025-06-18 12:21:10",20,20,19.9,20,23.9,23.8,23.9,23.7,23.7,24,23.7,-9999,-9999,-9999,-9999,-9999,-9999,-9999,-9999,-9999,3.506560802459717
"2025-06-18 12:21:20",19.3,19.3,19.2,19.3,23.4,23.3,23.4,23.2,23.2,23.5,23.2,-9999,-9999,-9999,-9999,-9999,-9999,-9999,-9999,-9999,3.463141679763794
"2025-06-18 12:21:31",18.7,18.7,18.6,18.7,23,22.8,22.9,22.6,22.7,23,22.7,-9999,-9999,-9999,-9999,-9999,-9999,-9999,-9999,-9999,3.42002534866333
"2025-06-18 12:21:41",18.1,18,17.9,18,22.4,22.3,22.4,22.1,22.1,22.5,22,-9999,-9999,-9999,-9999,-9999,-9999,-9999,-9999,-9999,3.3762290477752686
"2025-06-18 12:21:52",17.5,17.5,17.3,17.3,21.9,21.8,21.9,21.6,21.6,22,21.6,-9999,-9999,-9999,-9999,-9999,-9999,-9999,-9999,-9999,3.332873582839966
"2025-06-18 12:22:02",16.8,16.9,16.7,16.8,21.4,21.2,21.3,21,21.1,21.4,21.1,-9999,-9999,-9999,-9999,-9999,-9999,-9999,-9999,-9999,3.2888100147247314
"2025-06-18 12:22:12",16.2,16.3,16.1,16.2,20.8,20.7,20.8,20.5,20.6,20.9,20.5,-9999,-9999,-9999,-9999,-9999,-9999,-9999,-9999,-9999,3.2461297512054443
"2025-06-18 12:22:23",15.7,15.7,15.5,15.6,20.4,20.2,20.3,20,20,20.4,20,-9999,-9999,-9999,-9999,-9999,-9999,-9999,-9999,-9999,3.2036359310150146
"2025-06-18 12:22:33",15,15.2,14.9,15,19.8,19.6,19.7,19.4,19.5,19.8,19.4,-9999,-9999,-9999,-9999,-9999,-9999,-9999,-9999,-9999,3.1614997386932373
"2025-06-18 12:22:43",14.5,14.6,14.3,14.4,19.3,19.1,19.2,18.8,18.9,19.3,18.8,-9999,-9999,-9999,-9999,-9999,-9999,-9999,-9999,-9999,3.1192097663879395
"2025-06-18 12:22:54",14,14,13.8,13.9,18.8,18.6,18.6,18.3,18.4,18.8,18.3,-9999,-9999,-9999,-9999,-9999,-9999,-9999,-9999,-9999,3.0774550437927246
"2025-06-18 12:23:04",13.4,13.5,13.2,13.3,18.3,18,18.2,17.8,17.9,18.3,17.8,-9999,-9999,-9999,-9999,-9999,-9999,-9999,-9999,-9999,3.034557819366455
"2025-06-18 12:23:15",12.9,13,12.7,12.7,17.8,17.5,17.6,17.4,17.4,17.7,17.2,-9999,-9999,-9999,-9999,-9999,-9999,-9999,-9999,-9999,2.9940550327301025
"2025-06-18 12:23:25",12.3,12.4,12.1,12.2,17.2,17,17.1,16.8,16.9,17.3,16.7,-9999,-9999,-9999,-9999,-9999,-9999,-9999,-9999,-9999,2.9519755840301514
"2025-06-18 12:23:35",11.7,11.9,11.5,11.7,16.8,16.5,16.6,16.3,16.4,16.7,16.2,-9999,-9999,-9999,-9999,-9999,-9999,-9999,-9999,-9999,2.9113872051239014
"2025-06-18 12:23:46",11.2,11.3,11.1,11.1,16.3,16,16.1,15.8,15.9,16.3,15.7,-9999,-9999,-9999,-9999,-9999,-9999,-9999,-9999,-9999,2.8709239959716797
"2025-06-18 12:23:56",10.6,10.8,10.5,10.5,15.8,15.5,15.7,15.4,15.5,15.8,15.2,-9999,-9999,-9999,-9999,-9999,-9999,-9999,-9999,-9999,2.82906174659729
"2025-06-18 12:24:06",10.1,10.3,10,10.1,15.3,15,15.2,14.9,15,15.3,14.6,-9999,-9999,-9999,-9999,-9999,-9999,-9999,-9999,-9999,2.786677598953247
"2025-06-18 12:24:17",9.6,9.7,9.5,9.6,14.8,14.6,14.7,14.4,14.5,14.8,14.1,-9999,-9999,-9999,-9999,-9999,-9999,-9999,-9999,-9999,2.74778413772583
"2025-06-18 12:24:27",9,9.2,9,9,14.4,14.1,14.3,13.9,14,14.3,13.6,-9999,-9999,-9999,-9999,-9999,-9999,-9999,-9999,-9999,2.7077109813690186
"2025-06-18 12:24:38",8.6,8.7,8.5,8.5,13.9,13.6,13.8,13.4,13.6,13.8,13.1,-9999,-9999,-9999,-9999,-9999,-9999,-9999,-9999,-9999,2.66723895072937
"2025-06-18 12:24:48",8,8.1,8,8,13.4,13.1,13.3,13,13.1,13.4,12.6,-9999,-9999,-9999,-9999,-9999,-9999,-9999,-9999,-9999,2.627578020095825
"2025-06-18 12:24:58",7.5,7.7,7.6,7.5,12.9,12.7,12.8,12.5,12.6,12.9,12.1,-9999,-9999,-9999,-9999,-9999,-9999,-9999,-9999,-9999,2.587700128555298
"2025-06-18 12:25:09",6.9,7.1,7,7,12.4,12.2,12.3,11.9,12.1,12.4,11.6,-9999,-9999,-9999,-9999,-9999,-9999,-9999,-9999,-9999,2.549197196960449
"2025-06-18 12:25:19",6.4,6.7,6.5,6.6,11.9,11.7,11.8,11.4,11.6,11.9,11.1,-9999,-9999,-9999,-9999,-9999,-9999,-9999,-9999,-9999,2.509639263153076
"2025-06-18 12:25:30",5.9,6.1,6.1,6,11.4,11.2,11.3,11,11.1,11.4,10.6,-9999,-9999,-9999,-9999,-9999,-9999,-9999,-9999,-9999,2.471384048461914
"2025-06-18 12:25:40",5.4,5.7,5.7,5.6,11,10.7,10.8,10.4,10.6,10.9,10.1,-9999,-9999,-9999,-9999,-9999,-9999,-9999,-9999,-9999,2.4316420555114746
"2025-06-18 12:25:50",4.9,5.2,5.2,5.1,10.5,10.2,10.3,10,10.1,10.4,9.6,-9999,-9999,-9999,-9999,-9999,-9999,-9999,-9999,-9999,2.3927485942840576
"2025-06-18 12:26:01",4.4,4.7,4.7,4.7,10,9.7,9.8,9.4,9.7,9.9,9.1,-9999,-9999,-9999,-9999,-9999,-9999,-9999,-9999,-9999,2.354710340499878
"2025-06-18 12:26:11",4,4.2,4.3,4.2,9.5,9.2,9.3,9,9.2,9.4,8.7,-9999,-9999,-9999,-9999,-9999,-9999,-9999,-9999,-9999,2.3158915042877197
"2025-06-18 12:26:21",3.5,3.7,3.8,3.7,9,8.7,8.8,8.5,8.7,8.9,8.3,-9999,-9999,-9999,-9999,-9999,-9999,-9999,-9999,-9999,2.2771494388580322
"2025-06-18 12:26:32",3,3.2,3.4,3.2,8.5,8.3,8.3,8,8.2,8.4,7.8,-9999,-9999,-9999,-9999,-9999,-9999,-9999,-9999,-9999,2.2387492656707764
"2025-06-18 12:26:42",2.5,2.8,2.9,2.8,8,7.8,7.8,7.5,7.7,7.9,7.3,-9999,-9999,-9999,-9999,-9999,-9999,-9999,-9999,-9999,2.2003557682037354
"2025-06-18 12:26:53",2,2.3,2.4,2.3,7.5,7.3,7.3,7,7.2,7.4,6.8,-9999,-9999,-9999,-9999,-9999,-9999,-9999,-9999,-9999,2.163308620452881
"2025-06-18 12:27:03",1.5,1.8,2,1.9,7.1,6.8,6.9,6.5,6.7,6.9,6.4,-9999,-9999,-9999,-9999,-9999,-9999,-9999,-9999,-9999,2.125140905380249
"2025-06-18 12:27:13",1,1.3,1.5,1.4,6.6,6.3,6.4,6,6.3,6.4,5.9,-9999,-9999,-9999,-9999,-9999,-9999,-9999,-9999,-9999,2.0871596336364746
"2025-06-18 12:27:24",0.6,0.8,1.1,0.9,6.1,5.9,5.9,5.6,5.8,6,5.5,-9999,-9999,-9999,-9999,-9999,-9999,-9999,-9999,-9999,2.049853801727295
"2025-06-18 12:27:34",0.1,0.3,0.6,0.5,5.6,5.4,5.5,5.1,5.4,5.5,5.1,-9999,-9999,-9999,-9999,-9999,-9999,-9999,-9999,-9999,2.01289439201355
"2025-06-18 12:27:44",-0.3,-0.1,0.2,-0,5.2,4.9,5,4.6,4.9,5,4.6,-9999,-9999,-9999,-9999,-9999,-9999,-9999,-9999,-9999,1.975660800933838
"2025-06-18 12:27:55",-0.8,-0.6,-0.3,-0.4,4.7,4.5,4.5,4.2,4.4,4.6,4.2,-9999,-9999,-9999,-9999,-9999,-9999,-9999,-9999,-9999,1.9378176927566528
"2025-06-18 12:28:05",-1.3,-1.1,-0.7,-0.9,4.3,4,4.1,3.7,4,4.1,3.7,-9999,-9999,-9999,-9999,-9999,-9999,-9999,-9999,-9999,1.9006257057189941
"2025-06-18 12:28:16",-1.8,-1.6,-1.1,-1.3,3.8,3.6,3.7,3.2,3.5,3.6,3.3,-9999,-9999,-9999,-9999,-9999,-9999,-9999,-9999,-9999,1.863433837890625
"2025-06-18 12:28:26",-2.3,-2,-1.6,-1.8,3.4,3.1,3.1,2.8,3,3.2,2.9,-9999,-9999,-9999,-9999,-9999,-9999,-9999,-9999,-9999,1.8276715278625488
"2025-06-18 12:28:36",-2.6,-2.5,-2,-2.2,3,2.7,2.7,2.4,2.6,2.7,2.4,-9999,-9999,-9999,-9999,-9999,-9999,-9999,-9999,-9999,1.7904072999954224
"2025-06-18 12:28:47",-3.1,-2.9,-2.4,-2.7,2.5,2.3,2.3,1.9,2.2,2.3,2,-9999,-9999,-9999,-9999,-9999,-9999,-9999,-9999,-9999,1.7540639638900757
"2025-06-18 12:28:57",-3.5,-3.3,-2.9,-3.1,2.1,1.8,1.8,1.5,1.8,1.8,1.6,-9999,-9999,-9999,-9999,-9999,-9999,-9999,-9999,-9999,1.7177271842956543
"2025-06-18 12:29:08",-4,-3.8,-3.3,-3.6,1.6,1.3,1.4,1.1,1.3,1.4,1.1,-9999,-9999,-9999,-9999,-9999,-9999,-9999,-9999,-9999,1.6813465356826782
"2025-06-18 12:29:18",-4.5,-4.3,-3.7,-4,1.2,0.9,1,0.6,0.9,0.9,0.7,-9999,-9999,-9999,-9999,-9999,-9999,-9999,-9999,-9999,1.644606351852417
"2025-06-18 12:29:28",-4.9,-4.7,-4.1,-4.4,0.7,0.5,0.6,0.2,0.4,0.4,0.3,-9999,-9999,-9999,-9999,-9999,-9999,-9999,-9999,-9999,1.6088988780975342
"2025-06-18 12:29:39",-5.3,-5.1,-4.5,-4.9,0.3,0.1,0.1,-0.3,0,0,-0.2,-9999,-9999,-9999,-9999,-9999,-9999,-9999,-9999,-9999,1.5726783275604248
"2025-06-18 12:29:49",-5.8,-5.5,-4.9,-5.3,-0.2,-0.4,-0.3,-0.7,-0.5,-0.4,-0.6,-9999,-9999,-9999,-9999,-9999,-9999,-9999,-9999,-9999,1.5381526947021484
"2025-06-18 12:29:59",-6.2,-6,-5.3,-5.7,-0.5,-0.8,-0.7,-1.1,-0.8,-0.9,-1,-9999,-9999,-9999,-9999,-9999,-9999,-9999,-9999,-9999,1.502815842628479
"2025-06-18 12:30:10",-6.6,-6.4,-5.7,-6.1,-0.9,-1.2,-1.2,-1.5,-1.3,-1.3,-1.4,-9999,-9999,-9999,-9999,-9999,-9999,-9999,-9999,-9999,1.4672683477401733
"2025-06-18 12:30:20",-7,-6.9,-6.1,-6.5,-1.4,-1.6,-1.6,-1.9,-1.7,-1.7,-1.8,-9999,-9999,-9999,-9999,-9999,-9999,-9999,-9999,-9999,1.4328874349594116
"2025-06-18 12:30:31",-7.4,-7.3,-6.5,-6.9,-1.8,-2.1,-2,-2.3,-2.1,-2.2,-2.2,-9999,-9999,-9999,-9999,-9999,-9999,-9999,-9999,-9999,1.3977326154708862
"2025-06-18 12:30:41",-7.8,-7.7,-6.9,-7.3,-2.2,-2.4,-2.4,-2.8,-2.5,-2.5,-2.6,-9999,-9999,-9999,-9999,-9999,-9999,-9999,-9999,-9999,1.3639304637908936
"2025-06-18 12:30:51",-8.2,-8,-7.2,-7.7,-2.7,-2.9,-2.8,-3.2,-2.9,-2.9,-3,-9999,-9999,-9999,-9999,-9999,-9999,-9999,-9999,-9999,1.3305429220199585
"2025-06-18 12:31:02",-8.6,-8.4,-7.6,-8.1,-3,-3.2,-3.2,-3.6,-3.3,-3.3,-3.4,-9999,-9999,-9999,-9999,-9999,-9999,-9999,-9999,-9999,1.2973196506500244
"2025-06-18 12:31:12",-9,-8.8,-8,-8.4,-3.4,-3.7,-3.6,-4,-3.7,-3.8,-3.8,-9999,-9999,-9999,-9999,-9999,-9999,-9999,-9999,-9999,1.2651489973068237
"2025-06-18 12:31:22",-9.4,-9.2,-8.3,-8.8,-3.8,-4,-4,-4.4,-4.1,-4.2,-4.2,-9999,-9999,-9999,-9999,-9999,-9999,-9999,-9999,-9999,1.232846736907959
"2025-06-18 12:31:33",-9.7,-9.6,-8.7,-9.1,-4.2,-4.5,-4.4,-4.7,-4.5,-4.5,-4.6,-9999,-9999,-9999,-9999,-9999,-9999,-9999,-9999,-9999,1.2016955614089966
"2025-06-18 12:31:43",-10.1,-9.9,-9,-9.5,-4.5,-4.8,-4.7,-5.1,-4.8,-4.9,-5,-9999,-9999,-9999,-9999,-9999,-9999,-9999,-9999,-9999,1.1702550649642944
"2025-06-18 12:31:54",-10.4,-10.2,-9.3,-9.8,-4.9,-5.2,-5.1,-5.5,-5.2,-5.3,-5.3,-9999,-9999,-9999,-9999,-9999,-9999,-9999,-9999,-9999,1.1398800611495972
"2025-06-18 12:32:04",-10.7,-10.6,-9.6,-10.1,-5.3,-5.5,-5.4,-5.8,-5.6,-5.7,-5.6,-9999,-9999,-9999,-9999,-9999,-9999,-9999,-9999,-9999,1.1101125478744507
"2025-06-18 12:32:14",-11.1,-10.9,-9.9,-10.4,-5.7,-5.9,-5.8,-6.2,-6,-6,-6,-9999,-9999,-9999,-9999,-9999,-9999,-9999,-9999,-9999,1.0815553665161133
"2025-06-18 12:32:25",-11.4,-11.2,-10.2,-10.7,-6,-6.2,-6.2,-6.5,-6.3,-6.4,-6.3,-9999,-9999,-9999,-9999,-9999,-9999,-9999,-9999,-9999,1.0525398254394531
"2025-06-18 12:32:35",-11.7,-11.5,-10.4,-11,-6.3,-6.6,-6.5,-6.9,-6.6,-6.7,-6.7,-9999,-9999,-9999,-9999,-9999,-9999,-9999,-9999,-9999,1.0244606733322144
"2025-06-18 12:32:46",-12,-11.8,-10.7,-11.3,-6.7,-6.9,-6.8,-7.2,-6.9,-7,-7,-9999,-9999,-9999,-9999,-9999,-9999,-9999,-9999,-9999,0.9967936873435974
"2025-06-18 12:32:56",-12.3,-12.1,-10.9,-11.5,-7,-7.3,-7.2,-7.5,-7.3,-7.4,-7.3,-9999,-9999,-9999,-9999,-9999,-9999,-9999,-9999,-9999,0.9699379801750183
"2025-06-18 12:33:06",-12.5,-12.4,-11.2,-11.8,-7.3,-7.6,-7.5,-7.8,-7.6,-7.7,-7.6,-9999,-9999,-9999,-9999,-9999,-9999,-9999,-9999,-9999,0.9446895122528076
"2025-06-18 12:33:17",-12.8,-12.6,-11.4,-12,-7.7,-7.9,-7.8,-8.1,-7.9,-8,-7.9,-9999,-9999,-9999,-9999,-9999,-9999,-9999,-9999,-9999,0.9185091257095337
"2025-06-18 12:33:27",-13.1,-12.9,-11.6,-12.2,-8,-8.2,-8.1,-8.5,-8.2,-8.3,-8.2,-9999,-9999,-9999,-9999,-9999,-9999,-9999,-9999,-9999,0.8932957053184509
"2025-06-18 12:33:37",-13.3,-13.1,-11.9,-12.4,-8.3,-8.5,-8.4,-8.8,-8.5,-8.6,-8.5,-9999,-9999,-9999,-9999,-9999,-9999,-9999,-9999,-9999,0.8682073354721069
"2025-06-18 12:33:48",-13.5,-13.4,-12.1,-12.6,-8.6,-8.8,-8.7,-9.1,-8.8,-8.9,-8.8,-9999,-9999,-9999,-9999,-9999,-9999,-9999,-9999,-9999,0.844322681427002
"2025-06-18 12:33:58",-13.7,-13.6,-12.3,-12.9,-8.9,-9.1,-9,-9.3,-9.1,-9.2,-9.1,-9999,-9999,-9999,-9999,-9999,-9999,-9999,-9999,-9999,0.8205805420875549
"2025-06-18 12:34:09",-14,-13.8,-12.5,-13.1,-9.1,-9.4,-9.2,-9.6,-9.4,-9.5,-9.3,-9999,-9999,-9999,-9999,-9999,-9999,-9999,-9999,-9999,0.797939121723175
"2025-06-18 12:34:19",-14.2,-14,-12.7,-13.3,-9.4,-9.6,-9.5,-9.9,-9.6,-9.8,-9.6,-9999,-9999,-9999,-9999,-9999,-9999,-9999,-9999,-9999,0.7752845883369446
"2025-06-18 12:34:29",-14.4,-14.3,-12.8,-13.4,-9.7,-9.9,-9.7,-10.1,-9.9,-10,-9.9,-9999,-9999,-9999,-9999,-9999,-9999,-9999,-9999,-9999,0.7533184885978699
"2025-06-18 12:34:40",-14.6,-14.5,-13,-13.6,-9.9,-10.1,-10,-10.4,-10.2,-10.3,-10.1,-9999,-9999,-9999,-9999,-9999,-9999,-9999,-9999,-9999,0.7320672273635864
"2025-06-18 12:34:50",-14.8,-14.7,-13.2,-13.8,-10.2,-10.4,-10.3,-10.6,-10.4,-10.5,-10.4,-9999,-9999,-9999,-9999,-9999,-9999,-9999,-9999,-9999,0.7117807269096375
"2025-06-18 12:35:01",-15,-14.8,-13.3,-13.9,-10.4,-10.6,-10.5,-10.8,-10.6,-10.8,-10.6,-9999,-9999,-9999,-9999,-9999,-9999,-9999,-9999,-9999,0.6910820007324219
"2025-06-18 12:35:11",-15.2,-15,-13.5,-14.1,-10.7,-10.9,-10.7,-11,-10.8,-11,-10.9,-9999,-9999,-9999,-9999,-9999,-9999,-9999,-9999,-9999,0.6719467043876648
"2025-06-18 12:35:21",-15.3,-15.2,-13.6,-14.2,-10.9,-11.1,-10.9,-11.3,-11.1,-11.2,-11,-9999,-9999,-9999,-9999,-9999,-9999,-9999,-9999,-9999,0.6512764692306519
"2025-06-18 12:35:32",-15.5,-15.3,-13.8,-14.3,-11.1,-11.3,-11.2,-11.5,-11.3,-11.4,-11.3,-9999,-9999,-9999,-9999,-9999,-9999,-9999,-9999,-9999,0.632524847984314
"2025-06-18 12:35:42",-15.6,-15.5,-13.9,-14.5,-11.3,-11.5,-11.4,-11.7,-11.5,-11.7,-11.5,-9999,-9999,-9999,-9999,-9999,-9999,-9999,-9999,-9999,0.6144397854804993
"2025-06-18 12:35:52",-15.8,-15.6,-14,-14.6,-11.6,-11.7,-11.6,-11.9,-11.7,-11.9,-11.7,-9999,-9999,-9999,-9999,-9999,-9999,-9999,-9999,-9999,0.5970936417579651
"2025-06-18 12:36:03",-15.9,-15.8,-14.1,-14.7,-11.8,-11.9,-11.7,-12.1,-11.9,-12.1,-11.9,-9999,-9999,-9999,-9999,-9999,-9999,-9999,-9999,-9999,0.579328715801239
"2025-06-18 12:36:13",-16.1,-15.9,-14.2,-14.8,-12,-12.1,-12,-12.3,-12.1,-12.3,-12.1,-9999,-9999,-9999,-9999,-9999,-9999,-9999,-9999,-9999,0.5618795156478882
"2025-06-18 12:36:24",-16.2,-16,-14.3,-14.9,-12.2,-12.3,-12.2,-12.5,-12.3,-12.5,-12.3,-9999,-9999,-9999,-9999,-9999,-9999,-9999,-9999,-9999,0.5454543232917786
"2025-06-18 12:36:34",-16.3,-16.2,-14.4,-15,-12.4,-12.5,-12.3,-12.7,-12.5,-12.7,-12.5,-9999,-9999,-9999,-9999,-9999,-9999,-9999,-9999,-9999,0.5291365385055542
"2025-06-18 12:36:44",-16.4,-16.3,-14.5,-15.1,-12.6,-12.7,-12.5,-12.9,-12.7,-12.8,-12.7,-9999,-9999,-9999,-9999,-9999,-9999,-9999,-9999,-9999,0.5125358700752258
"2025-06-18 12:36:55",-16.6,-16.4,-14.6,-15.2,-12.8,-12.9,-12.6,-13,-12.8,-13,-12.8,-9999,-9999,-9999,-9999,-9999,-9999,-9999,-9999,-9999,0.4977683126926422
"2025-06-18 12:37:05",-16.6,-16.5,-14.7,-15.3,-12.9,-13.1,-12.8,-13.2,-13,-13.2,-13,-9999,-9999,-9999,-9999,-9999,-9999,-9999,-9999,-9999,0.4823276102542877
"2025-06-18 12:37:15",-16.8,-16.6,-14.8,-15.3,-13.1,-13.2,-13,-13.3,-13.2,-13.4,-13.2,-9999,-9999,-9999,-9999,-9999,-9999,-9999,-9999,-9999,0.46742191910743713
"2025-06-18 12:37:26",-16.8,-16.7,-14.9,-15.4,-13.3,-13.4,-13.2,-13.5,-13.4,-13.5,-13.3,-9999,-9999,-9999,-9999,-9999,-9999,-9999,-9999,-9999,0.4527486264705658
"2025-06-18 12:37:36",-16.9,-16.8,-14.9,-15.5,-13.4,-13.5,-13.3,-13.6,-13.5,-13.7,-13.5,-9999,-9999,-9999,-9999,-9999,-9999,-9999,-9999,-9999,0.4387265741825104
"2025-06-18 12:37:47",-17,-16.8,-15,-15.6,-13.6,-13.7,-13.5,-13.8,-13.6,-13.8,-13.6,-9999,-9999,-9999,-9999,-9999,-9999,-9999,-9999,-9999,0.4251540005207062
"2025-06-18 12:37:57",-17.1,-16.9,-15.1,-15.6,-13.7,-13.8,-13.6,-13.9,-13.8,-13.9,-13.8,-9999,-9999,-9999,-9999,-9999,-9999,-9999,-9999,-9999,0.411660373210907
"2025-06-18 12:38:07",-17.1,-17,-15.1,-15.6,-13.9,-14,-13.7,-14.1,-13.9,-14.1,-13.9,-9999,-9999,-9999,-9999,-9999,-9999,-9999,-9999,-9999,0.39925429224967957
"2025-06-18 12:38:18",-17.2,-17.1,-15.2,-15.7,-14,-14.1,-13.8,-14.2,-14,-14.2,-14,-9999,-9999,-9999,-9999,-9999,-9999,-9999,-9999,-9999,0.3865281045436859
"2025-06-18 12:38:28",-17.3,-17.2,-15.2,-15.8,-14.2,-14.2,-14,-14.3,-14.2,-14.3,-14.2,-9999,-9999,-9999,-9999,-9999,-9999,-9999,-9999,-9999,0.3743325173854828
"2025-06-18 12:38:38",-17.4,-17.2,-15.3,-15.8,-14.3,-14.3,-14.1,-14.4,-14.3,-14.4,-14.3,-9999,-9999,-9999,-9999,-9999,-9999,-9999,-9999,-9999,0.36317187547683716
"2025-06-18 12:38:49",-17.4,-17.3,-15.3,-15.8,-14.4,-14.5,-14.2,-14.5,-14.4,-14.6,-14.4,-9999,-9999,-9999,-9999,-9999,-9999,-9999,-9999,-9999,0.35083597898483276
"2025-06-18 12:38:59",-17.4,-17.3,-15.3,-15.8,-14.5,-14.6,-14.3,-14.6,-14.5,-14.7,-14.5,-9999,-9999,-9999,-9999,-9999,-9999,-9999,-9999,-9999,0.33942317962646484
"2025-06-18 12:39:10",-17.5,-17.4,-15.4,-15.9,-14.6,-14.7,-14.4,-14.7,-14.6,-14.8,-14.6,-9999,-9999,-9999,-9999,-9999,-9999,-9999,-9999,-9999,0.32837656140327454
"2025-06-18 12:39:20",-17.6,-17.4,-15.4,-15.9,-14.7,-14.7,-14.5,-14.8,-14.7,-14.9,-14.7,-9999,-9999,-9999,-9999,-9999,-9999,-9999,-9999,-9999,0.3166370391845703
"2025-06-18 12:39:30",-17.6,-17.5,-15.5,-15.9,-14.8,-14.8,-14.6,-14.9,-14.8,-15,-14.8,-9999,-9999,-9999,-9999,-9999,-9999,-9999,-9999,-9999,0.30562111735343933
"2025-06-18 12:39:41",-17.7,-17.6,-15.5,-16,-14.9,-14.9,-14.7,-15,-14.9,-15.1,-14.9,-9999,-9999,-9999,-9999,-9999,-9999,-9999,-9999,-9999,0.2949077785015106
"2025-06-18 12:39:51",-17.7,-17.6,-15.5,-16,-15,-15,-14.8,-15.1,-15,-15.1,-15,-9999,-9999,-9999,-9999,-9999,-9999,-9999,-9999,-9999,0.2841900587081909
"2025-06-18 12:40:02",-17.7,-17.6,-15.5,-16,-15.1,-15.1,-14.9,-15.1,-15.1,-15.2,-15.1,-9999,-9999,-9999,-9999,-9999,-9999,-9999,-9999,-9999,0.27499842643737793
"2025-06-18 12:40:12",-17.8,-17.7,-15.6,-16,-15.2,-15.2,-15,-15.2,-15.2,-15.3,-15.1,-9999,-9999,-9999,-9999,-9999,-9999,-9999,-9999,-9999,0.2644539177417755
"2025-06-18 12:40:22",-17.8,-17.7,-15.6,-16,-15.3,-15.3,-15,-15.3,-15.3,-15.4,-15.2,-9999,-9999,-9999,-9999,-9999,-9999,-9999,-9999,-9999,0.25537192821502686
"2025-06-18 12:40:33",-17.8,-17.7,-15.6,-16.1,-15.3,-15.4,-15.1,-15.4,-15.3,-15.5,-15.3,-9999,-9999,-9999,-9999,-9999,-9999,-9999,-9999,-9999,0.24668022990226746
"2025-06-18 12:40:43",-17.8,-17.7,-15.6,-16.1,-15.5,-15.4,-15.2,-15.5,-15.4,-15.5,-15.4,-9999,-9999,-9999,-9999,-9999,-9999,-9999,-9999,-9999,0.23799510300159454
"2025-06-18 12:40:54",-17.8,-17.8,-15.6,-16,-15.5,-15.5,-15.3,-15.5,-15.5,-15.6,-15.4,-9999,-9999,-9999,-9999,-9999,-9999,-9999,-9999,-9999,0.22942179441452026
"2025-06-18 12:41:04",-17.8,-17.8,-15.6,-16.1,-15.6,-15.6,-15.3,-15.6,-15.5,-15.6,-15.5,-9999,-9999,-9999,-9999,-9999,-9999,-9999,-9999,-9999,0.22127386927604675
"2025-06-18 12:41:14",-17.8,-17.8,-15.6,-16,-15.7,-15.6,-15.4,-15.6,-15.6,-15.7,-15.5,-9999,-9999,-9999,-9999,-9999,-9999,-9999,-9999,-9999,0.213509663939476
"2025-06-18 12:41:25",-17.9,-17.8,-15.6,-16,-15.7,-15.7,-15.4,-15.7,-15.7,-15.8,-15.6,-9999,-9999,-9999,-9999,-9999,-9999,-9999,-9999,-9999,0.20596911013126373
"2025-06-18 12:41:35",-17.9,-17.8,-15.6,-16,-15.8,-15.7,-15.5,-15.7,-15.7,-15.8,-15.6,-9999,-9999,-9999,-9999,-9999,-9999,-9999,-9999,-9999,0.19753174483776093
"2025-06-18 12:41:45",-17.8,-17.8,-15.6,-16,-15.8,-15.8,-15.5,-15.8,-15.7,-15.8,-15.7,-9999,-9999,-9999,-9999,-9999,-9999,-9999,-9999,-9999,0.19055689871311188
"2025-06-18 12:41:56",-17.9,-17.8,-15.6,-16,-15.9,-15.8,-15.5,-15.8,-15.8,-15.9,-15.7,-9999,-9999,-9999,-9999,-9999,-9999,-9999,-9999,-9999,0.18357546627521515
"2025-06-18 12:42:06",-17.8,-17.8,-15.6,-16,-15.9,-15.9,-15.6,-15.9,-15.8,-15.9,-15.8,-9999,-9999,-9999,-9999,-9999,-9999,-9999,-9999,-9999,0.17583976686000824
"2025-06-18 12:42:17",-17.8,-17.8,-15.6,-16,-16,-15.9,-15.6,-15.9,-15.9,-16,-15.8,-9999,-9999,-9999,-9999,-9999,-9999,-9999,-9999,-9999,0.16840225458145142
"2025-06-18 12:42:27",-17.9,-17.8,-15.6,-16,-16,-15.9,-15.7,-15.9,-15.9,-16,-15.9,-9999,-9999,-9999,-9999,-9999,-9999,-9999,-9999,-9999,0.16099326312541962
"2025-06-18 12:42:37",-17.8,-17.8,-15.6,-16,-16,-16,-15.7,-15.9,-16,-16,-15.9,-9999,-9999,-9999,-9999,-9999,-9999,-9999,-9999,-9999,0.15373554825782776
"2025-06-18 12:42:48",-17.8,-17.8,-15.5,-16,-16,-16,-15.7,-16,-16,-16.1,-15.9,-9999,-9999,-9999,-9999,-9999,-9999,-9999,-9999,-9999,0.14706547558307648
"2025-06-18 12:42:58",-17.8,-17.8,-15.5,-16,-16.1,-16,-15.8,-16,-16,-16.1,-16,-9999,-9999,-9999,-9999,-9999,-9999,-9999,-9999,-9999,0.13922014832496643
"2025-06-18 12:43:08",-17.8,-17.8,-15.5,-15.9,-16.1,-16,-15.8,-16.1,-16.1,-16.1,-16,-9999,-9999,-9999,-9999,-9999,-9999,-9999,-9999,-9999,0.13283292949199677
"2025-06-18 12:43:19",-17.8,-17.8,-15.5,-15.9,-16.1,-16.1,-15.8,-16.1,-16.1,-16.1,-16,-9999,-9999,-9999,-9999,-9999,-9999,-9999,-9999,-9999,0.1291383057832718
"2025-06-18 12:43:29",-17.8,-17.8,-15.5,-16,-16.2,-16.1,-15.8,-16.1,-16.1,-16.2,-16,-9999,-9999,-9999,-9999,-9999,-9999,-9999,-9999,-9999,0.12904037535190582
"2025-06-18 12:43:40",-17.8,-17.8,-15.5,-15.9,-16.2,-16.1,-15.9,-16.1,-16.1,-16.2,-16.1,-9999,-9999,-9999,-9999,-9999,-9999,-9999,-9999,-9999,0.1289404332637787
"2025-06-18 12:43:50",-17.8,-17.8,-15.5,-15.9,-16.2,-16.1,-15.9,-16.1,-16.1,-16.2,-16.1,-9999,-9999,-9999,-9999,-9999,-9999,-9999,-9999,-9999,0.12884896993637085
"2025-06-18 12:44:00",-17.8,-17.8,-15.5,-15.9,-16.3,-16.2,-15.9,-16.2,-16.1,-16.2,-16.1,-9999,-9999,-9999,-9999,-9999,-9999,-9999,-9999,-9999,0.12875144183635712
"2025-06-18 12:44:11",-17.8,-17.8,-15.5,-15.9,-16.3,-16.2,-15.9,-16.2,-16.2,-16.2,-16.1,-9999,-9999,-9999,-9999,-9999,-9999,-9999,-9999,-9999,0.12866507470607758
"2025-06-18 12:44:21",-17.8,-17.8,-15.5,-15.9,-16.3,-16.2,-15.9,-16.2,-16.2,-16.3,-16.1,-9999,-9999,-9999,-9999,-9999,-9999,-9999,-9999,-9999,0.12856826186180115
"2025-06-18 12:44:32",-17.8,-17.8,-15.5,-15.9,-16.3,-16.2,-16,-16.2,-16.2,-16.3,-16.2,-9999,-9999,-9999,-9999,-9999,-9999,-9999,-9999,-9999,0.12848085165023804
"2025-06-18 12:44:42",-17.8,-17.8,-15.5,-15.9,-16.3,-16.3,-16,-16.2,-16.2,-16.3,-16.2,-9999,-9999,-9999,-9999,-9999,-9999,-9999,-9999,-9999,0.12839435040950775
"2025-06-18 12:44:52",-17.8,-17.8,-15.5,-15.9,-16.4,-16.3,-16,-16.2,-16.2,-16.3,-16.2,-9999,-9999,-9999,-9999,-9999,-9999,-9999,-9999,-9999,0.12830960750579834
"2025-06-18 12:45:03",-17.8,-17.8,-15.4,-15.8,-16.4,-16.3,-16,-16.2,-16.2,-16.3,-16.2,-9999,-9999,-9999,-9999,-9999,-9999,-9999,-9999,-9999,0.1282285749912262
"2025-06-18 12:45:13",-17.8,-17.8,-15.4,-15.8,-16.4,-16.3,-16,-16.2,-16.3,-16.3,-16.2,-9999,-9999,-9999,-9999,-9999,-9999,-9999,-9999,-9999,0.1281527280807495
"2025-06-18 12:45:23",-17.8,-17.8,-15.4,-15.8,-16.4,-16.3,-16,-16.3,-16.3,-16.3,-16.2,-9999,-9999,-9999,-9999,-9999,-9999,-9999,-9999,-9999,0.12807291746139526
"2025-06-18 12:45:34",-17.8,-17.7,-15.4,-15.8,-16.4,-16.3,-16,-16.3,-16.3,-16.3,-16.2,-9999,-9999,-9999,-9999,-9999,-9999,-9999,-9999,-9999,0.12799851596355438
"2025-06-18 12:45:44",-17.8,-17.7,-15.4,-15.8,-16.4,-16.3,-16,-16.2,-16.3,-16.3,-16.2,-9999,-9999,-9999,-9999,-9999,-9999,-9999,-9999,-9999,0.12791910767555237
"2025-06-18 12:45:55",-17.7,-17.7,-15.4,-15.8,-16.4,-16.3,-16,-16.3,-16.3,-16.4,-16.2,-9999,-9999,-9999,-9999,-9999,-9999,-9999,-9999,-9999,0.12783728539943695
"2025-06-18 12:46:05",-17.7,-17.7,-15.4,-15.8,-16.4,-16.3,-16,-16.3,-16.3,-16.4,-16.2,-9999,-9999,-9999,-9999,-9999,-9999,-9999,-9999,-9999,0.12776385247707367
"2025-06-18 12:46:15",-17.7,-17.7,-15.4,-15.7,-16.5,-16.3,-16,-16.3,-16.3,-16.4,-16.2,-9999,-9999,-9999,-9999,-9999,-9999,-9999,-9999,-9999,0.1276986449956894
"2025-06-18 12:46:26",-17.7,-17.6,-15.3,-15.7,-16.4,-16.3,-16,-16.2,-16.3,-16.4,-16.2,-9999,-9999,-9999,-9999,-9999,-9999,-9999,-9999,-9999,0.12762217223644257
"2025-06-18 12:46:36",-17.7,-17.6,-15.3,-15.7,-16.4,-16.3,-16,-16.2,-16.3,-16.3,-16.2,-9999,-9999,-9999,-9999,-9999,-9999,-9999,-9999,-9999,0.1275516003370285
"2025-06-18 12:46:46",-17.6,-17.6,-15.3,-15.7,-16.4,-16.3,-16,-16.2,-16.3,-16.3,-16.3,-9999,-9999,-9999,-9999,-9999,-9999,-9999,-9999,-9999,0.12748172879219055
"2025-06-18 12:46:57",-17.6,-17.6,-15.3,-15.7,-16.5,-16.3,-16,-16.2,-16.3,-16.3,-16.2,-9999,-9999,-9999,-9999,-9999,-9999,-9999,-9999,-9999,0.1274135708808899
"2025-06-18 12:47:07",-17.6,-17.6,-15.3,-15.6,-16.4,-16.3,-16,-16.3,-16.3,-16.4,-16.2,-9999,-9999,-9999,-9999,-9999,-9999,-9999,-9999,-9999,0.12732909619808197
"2025-06-18 12:47:18",-17.6,-17.6,-15.3,-15.7,-16.4,-16.3,-16,-16.2,-16.3,-16.4,-16.2,-9999,-9999,-9999,-9999,-9999,-9999,-9999,-9999,-9999,0.12726032733917236
"2025-06-18 12:47:28",-17.6,-17.6,-15.2,-15.6,-16.4,-16.3,-16,-16.2,-16.3,-16.4,-16.2,-9999,-9999,-9999,-9999,-9999,-9999,-9999,-9999,-9999,0.12717780470848083
"2025-06-18 12:47:38",-17.6,-17.6,-15.2,-15.6,-16.5,-16.3,-16,-16.2,-16.3,-16.3,-16.2,-9999,-9999,-9999,-9999,-9999,-9999,-9999,-9999,-9999,0.12709860503673553
"2025-06-18 12:47:49",-17.6,-17.6,-15.2,-15.6,-16.5,-16.3,-16,-16.2,-16.3,-16.4,-16.2,-9999,-9999,-9999,-9999,-9999,-9999,-9999,-9999,-9999,0.12703238427639008
"2025-06-18 12:47:59",-17.6,-17.6,-15.2,-15.6,-16.4,-16.3,-16,-16.3,-16.3,-16.3,-16.2,-9999,-9999,-9999,-9999,-9999,-9999,-9999,-9999,-9999,0.12695398926734924
"2025-06-18 12:48:10",-17.6,-17.6,-15.2,-15.6,-16.5,-16.3,-16,-16.2,-16.3,-16.3,-16.2,-9999,-9999,-9999,-9999,-9999,-9999,-9999,-9999,-9999,0.12686973810195923
"2025-06-18 12:48:20",-17.5,-17.5,-15.2,-15.6,-16.4,-16.3,-16,-16.2,-16.3,-16.3,-16.2,-9999,-9999,-9999,-9999,-9999,-9999,-9999,-9999,-9999,0.12679418921470642
"2025-06-18 12:48:30",-17.6,-17.5,-15.2,-15.6,-16.5,-16.4,-16,-16.2,-16.3,-16.3,-16.2,-9999,-9999,-9999,-9999,-9999,-9999,-9999,-9999,-9999,0.12672744691371918
"2025-06-18 12:48:41",-17.5,-17.5,-15.2,-15.6,-16.4,-16.3,-16,-16.2,-16.3,-16.3,-16.2,-9999,-9999,-9999,-9999,-9999,-9999,-9999,-9999,-9999,0.12663699686527252
"2025-06-18 12:48:51",-17.5,-17.5,-15.2,-15.6,-16.4,-16.3,-16,-16.2,-16.3,-16.3,-16.2,-9999,-9999,-9999,-9999,-9999,-9999,-9999,-9999,-9999,0.12656955420970917
"2025-06-18 12:49:01",-17.5,-17.5,-15.2,-15.6,-16.4,-16.3,-16,-16.2,-16.3,-16.3,-16.2,-9999,-9999,-9999,-9999,-9999,-9999,-9999,-9999,-9999,0.12648846209049225
"2025-06-18 12:49:12",-17.5,-17.5,-15.2,-15.6,-16.4,-16.3,-16,-16.2,-16.3,-16.3,-16.2,-9999,-9999,-9999,-9999,-9999,-9999,-9999,-9999,-9999,0.1264093518257141
"2025-06-18 12:49:22",-17.5,-17.5,-15.2,-15.6,-16.4,-16.3,-16,-16.2,-16.2,-16.3,-16.2,-9999,-9999,-9999,-9999,-9999,-9999,-9999,-9999,-9999,0.1263325810432434
"2025-06-18 12:49:33",-17.5,-17.5,-15.2,-15.6,-16.5,-16.3,-16,-16.2,-16.2,-16.3,-16.2,-9999,-9999,-9999,-9999,-9999,-9999,-9999,-9999,-9999,0.12625247240066528
"2025-06-18 12:49:43",-17.5,-17.5,-15.2,-15.5,-16.4,-16.3,-16,-16.2,-16.2,-16.3,-16.1,-9999,-9999,-9999,-9999,-9999,-9999,-9999,-9999,-9999,0.1261821985244751
"2025-06-18 12:49:53",-17.5,-17.4,-15.2,-15.6,-16.4,-16.3,-16,-16.2,-16.2,-16.3,-16.1,-9999,-9999,-9999,-9999,-9999,-9999,-9999,-9999,-9999,0.12610837817192078
"2025-06-18 12:50:04",-17.5,-17.4,-15.1,-15.6,-16.4,-16.3,-16,-16.2,-16.2,-16.2,-16.1,-9999,-9999,-9999,-9999,-9999,-9999,-9999,-9999,-9999,0.12604346871376038
"2025-06-18 12:50:14",-17.5,-17.4,-15.1,-15.6,-16.4,-16.3,-16,-16.2,-16.3,-16.3,-16.2,-9999,-9999,-9999,-9999,-9999,-9999,-9999,-9999,-9999,0.12596477568149567
"2025-06-18 12:50:24",-17.5,-17.4,-15.1,-15.5,-16.4,-16.3,-16,-16.2,-16.2,-16.3,-16.1,-9999,-9999,-9999,-9999,-9999,-9999,-9999,-9999,-9999,0.1258872002363205
"2025-06-18 12:50:35",-17.5,-17.5,-15.2,-15.6,-16.4,-16.3,-15.9,-16.2,-16.2,-16.3,-16.1,-9999,-9999,-9999,-9999,-9999,-9999,-9999,-9999,-9999,0.12581558525562286
"2025-06-18 12:50:45",-17.4,-17.4,-15.1,-15.6,-16.4,-16.3,-16,-16.1,-16.2,-16.2,-16.1,-9999,-9999,-9999,-9999,-9999,-9999,-9999,-9999,-9999,0.12574148178100586
"2025-06-18 12:50:56",-17.4,-17.4,-15.2,-15.5,-16.4,-16.3,-16,-16.2,-16.2,-16.2,-16.1,-9999,-9999,-9999,-9999,-9999,-9999,-9999,-9999,-9999,0.1256738156080246
"2025-06-18 12:51:06",-17.5,-17.4,-15.1,-15.5,-16.4,-16.2,-16,-16.2,-16.2,-16.2,-16.1,-9999,-9999,-9999,-9999,-9999,-9999,-9999,-9999,-9999,0.12560060620307922
"2025-06-18 12:51:16",-17.4,-17.4,-15.1,-15.5,-16.4,-16.3,-16,-16.1,-16.2,-16.2,-16.1,-9999,-9999,-9999,-9999,-9999,-9999,-9999,-9999,-9999,0.12552981078624725
"2025-06-18 12:51:27",-17.5,-17.4,-15.1,-15.5,-16.4,-16.3,-16,-16.1,-16.2,-16.2,-16.1,-9999,-9999,-9999,-9999,-9999,-9999,-9999,-9999,-9999,0.12544727325439453
"2025-06-18 12:51:37",-17.5,-17.4,-15.2,-15.5,-16.4,-16.3,-15.9,-16.1,-16.2,-16.2,-16.1,-9999,-9999,-9999,-9999,-9999,-9999,-9999,-9999,-9999,0.12538479268550873
"2025-06-18 12:51:47",-17.4,-17.4,-15.1,-15.5,-16.3,-16.2,-15.9,-16.1,-16.2,-16.2,-16.1,-9999,-9999,-9999,-9999,-9999,-9999,-9999,-9999,-9999,0.12530173361301422
"2025-06-18 12:51:58",-17.4,-17.4,-15.1,-15.5,-16.4,-16.2,-15.9,-16.1,-16.2,-16.2,-16.1,-9999,-9999,-9999,-9999,-9999,-9999,-9999,-9999,-9999,0.12522530555725098
"2025-06-18 12:52:08",-17.4,-17.4,-15.1,-15.5,-16.4,-16.3,-15.9,-16.1,-16.2,-16.2,-16.1,-9999,-9999,-9999,-9999,-9999,-9999,-9999,-9999,-9999,0.1251581609249115
"2025-06-18 12:52:19",-17.4,-17.4,-15.1,-15.5,-16.3,-16.2,-15.9,-16.1,-16.2,-16.2,-16.1,-9999,-9999,-9999,-9999,-9999,-9999,-9999,-9999,-9999,0.12507905066013336
"2025-06-18 12:52:29",-17.4,-17.4,-15.1,-15.5,-16.3,-16.2,-15.9,-16.1,-16.2,-16.2,-16.1,-9999,-9999,-9999,-9999,-9999,-9999,-9999,-9999,-9999,0.12501291930675507
"2025-06-18 12:52:39",-17.4,-17.4,-15.1,-15.5,-16.3,-16.2,-15.9,-16.1,-16.2,-16.2,-16.1,-9999,-9999,-9999,-9999,-9999,-9999,-9999,-9999,-9999,0.12493857741355896
"2025-06-18 12:52:50",-17.4,-17.4,-15.2,-15.5,-16.4,-16.2,-15.9,-16.1,-16.2,-16.2,-16.1,-9999,-9999,-9999,-9999,-9999,-9999,-9999,-9999,-9999,0.12486263364553452
"2025-06-18 12:53:00",-17.4,-17.4,-15.1,-15.5,-16.3,-16.2,-15.9,-16.1,-16.2,-16.2,-16,-9999,-9999,-9999,-9999,-9999,-9999,-9999,-9999,-9999,0.12479285150766373
"2025-06-18 12:53:11",-17.4,-17.4,-15.1,-15.5,-16.3,-16.2,-15.9,-16.1,-16.2,-16.2,-16,-9999,-9999,-9999,-9999,-9999,-9999,-9999,-9999,-9999,0.12471731007099152
"2025-06-18 12:53:21",-17.4,-17.4,-15.1,-15.5,-16.3,-16.2,-15.9,-16.1,-16.2,-16.2,-16.1,-9999,-9999,-9999,-9999,-9999,-9999,-9999,-9999,-9999,0.12464044243097305
"2025-06-18 12:53:31",-17.4,-17.4,-15.1,-15.5,-16.3,-16.2,-15.9,-16.1,-16.1,-16.2,-16,-9999,-9999,-9999,-9999,-9999,-9999,-9999,-9999,-9999,0.12457866966724396
"2025-06-18 12:53:42",-17.4,-17.4,-15.1,-15.5,-16.3,-16.2,-15.9,-16.1,-16.1,-16.2,-16,-9999,-9999,-9999,-9999,-9999,-9999,-9999,-9999,-9999,0.12449604272842407
"2025-06-18 12:53:52",-17.4,-17.4,-15.2,-15.5,-16.3,-16.2,-15.9,-16.1,-16.2,-16.2,-16,-9999,-9999,-9999,-9999,-9999,-9999,-9999,-9999,-9999,0.1244271770119667
"2025-06-18 12:54:02",-17.4,-17.4,-15.2,-15.5,-16.3,-16.2,-15.9,-16.1,-16.2,-16.2,-16,-9999,-9999,-9999,-9999,-9999,-9999,-9999,-9999,-9999,0.1243516057729721
"2025-06-18 12:54:13",-17.4,-17.4,-15.2,-15.6,-16.3,-16.2,-15.9,-16.1,-16.1,-16.2,-16,-9999,-9999,-9999,-9999,-9999,-9999,-9999,-9999,-9999,0.12427667528390884
"2025-06-18 12:54:23",-17.4,-17.4,-15.2,-15.5,-16.3,-16.2,-15.9,-16.1,-16.1,-16.2,-16.1,-9999,-9999,-9999,-9999,-9999,-9999,-9999,-9999,-9999,0.1242113709449768
"2025-06-18 12:54:34",-17.4,-17.4,-15.2,-15.5,-16.3,-16.2,-15.9,-16.1,-16.1,-16.2,-16,-9999,-9999,-9999,-9999,-9999,-9999,-9999,-9999,-9999,0.12413680553436279
"2025-06-18 12:54:44",-17.4,-17.4,-15.2,-15.6,-16.3,-16.2,-15.9,-16.1,-16.1,-16.1,-16,-9999,-9999,-9999,-9999,-9999,-9999,-9999,-9999,-9999,0.12405721843242645
"2025-06-18 12:54:54",-17.4,-17.4,-15.2,-15.6,-16.3,-16.2,-15.9,-16.1,-16.1,-16.2,-16,-9999,-9999,-9999,-9999,-9999,-9999,-9999,-9999,-9999,0.12400659918785095
"2025-06-18 12:55:05",-17.4,-17.4,-15.1,-15.5,-16.3,-16.2,-15.9,-16.1,-16.2,-16.2,-16,-9999,-9999,-9999,-9999,-9999,-9999,-9999,-9999,-9999,0.12392596155405045
"2025-06-18 12:55:15",-17.4,-17.4,-15.1,-15.6,-16.3,-16.2,-15.9,-16.1,-16.1,-16.2,-16,-9999,-9999,-9999,-9999,-9999,-9999,-9999,-9999,-9999,0.12386329472064972
"2025-06-18 12:55:25",-17.4,-17.4,-15.1,-15.5,-16.3,-16.2,-15.9,-16,-16.1,-16.2,-16,-9999,-9999,-9999,-9999,-9999,-9999,-9999,-9999,-9999,0.12379210442304611
"2025-06-18 12:55:36",-17.4,-17.4,-15.1,-15.5,-16.3,-16.2,-15.9,-16.1,-16.1,-16.2,-16,-9999,-9999,-9999,-9999,-9999,-9999,-9999,-9999,-9999,0.12371551990509033
"2025-06-18 12:55:46",-17.4,-17.4,-15.2,-15.6,-16.3,-16.2,-15.9,-16.1,-16.1,-16.1,-16,-9999,-9999,-9999,-9999,-9999,-9999,-9999,-9999,-9999,0.1236545667052269
"2025-06-18 12:55:57",-17.4,-17.4,-15.2,-15.5,-16.3,-16.2,-15.9,-16.1,-16.1,-16.1,-16,-9999,-9999,-9999,-9999,-9999,-9999,-9999,-9999,-9999,0.12357871979475021
"2025-06-18 12:56:07",-17.4,-17.4,-15.1,-15.5,-16.3,-16.2,-15.9,-16,-16.1,-16.1,-16,-9999,-9999,-9999,-9999,-9999,-9999,-9999,-9999,-9999,0.12351390719413757
"2025-06-18 12:56:17",-17.4,-17.4,-15.2,-15.5,-16.3,-16.2,-15.9,-16,-16.1,-16.2,-16,-9999,-9999,-9999,-9999,-9999,-9999,-9999,-9999,-9999,0.12344694882631302
"2025-06-18 12:56:28",-17.4,-17.4,-15.1,-15.5,-16.3,-16.2,-15.9,-16.1,-16.1,-16.1,-16,-9999,-9999,-9999,-9999,-9999,-9999,-9999,-9999,-9999,0.12337495386600494
"2025-06-18 12:56:38",-17.4,-17.4,-15.2,-15.6,-16.3,-16.2,-15.9,-16,-16.1,-16.1,-16,-9999,-9999,-9999,-9999,-9999,-9999,-9999,-9999,-9999,0.12331397831439972
"2025-06-18 12:56:48",-17.4,-17.4,-15.2,-15.6,-16.3,-16.2,-15.9,-16,-16.1,-16.1,-16,-9999,-9999,-9999,-9999,-9999,-9999,-9999,-9999,-9999,0.12325263023376465
"2025-06-18 12:56:59",-17.4,-17.4,-15.2,-15.6,-16.3,-16.2,-15.9,-16,-16.1,-16.1,-16,-9999,-9999,-9999,-9999,-9999,-9999,-9999,-9999,-9999,0.12318922579288483
"2025-06-18 12:57:09",-17.4,-17.4,-15.2,-15.5,-16.3,-16.2,-15.9,-16.1,-16.1,-16.1,-16,-9999,-9999,-9999,-9999,-9999,-9999,-9999,-9999,-9999,0.12312158942222595
"2025-06-18 12:57:20",-17.4,-17.4,-15.2,-15.5,-16.3,-16.2,-15.9,-16,-16.1,-16.1,-16,-9999,-9999,-9999,-9999,-9999,-9999,-9999,-9999,-9999,0.12306728959083557
"2025-06-18 12:57:30",-17.4,-17.4,-15.2,-15.6,-16.3,-16.2,-15.9,-16.1,-16.1,-16.1,-16,-9999,-9999,-9999,-9999,-9999,-9999,-9999,-9999,-9999,0.12300005555152893
"2025-06-18 12:57:40",-17.4,-17.4,-15.2,-15.6,-16.3,-16.2,-15.8,-16,-16.1,-16.1,-16,-9999,-9999,-9999,-9999,-9999,-9999,-9999,-9999,-9999,0.12293512374162674
"2025-06-18 12:57:51",-17.4,-17.4,-15.2,-15.6,-16.3,-16.2,-15.9,-16,-16.1,-16.1,-16,-9999,-9999,-9999,-9999,-9999,-9999,-9999,-9999,-9999,0.12286828458309174
"2025-06-18 12:58:01",-17.4,-17.4,-15.2,-15.6,-16.3,-16.2,-15.9,-16,-16.1,-16.1,-16,-9999,-9999,-9999,-9999,-9999,-9999,-9999,-9999,-9999,0.12279954552650452
"2025-06-18 12:58:12",-17.4,-17.4,-15.1,-15.6,-16.3,-16.2,-15.8,-16.1,-16.1,-16.1,-16,-9999,-9999,-9999,-9999,-9999,-9999,-9999,-9999,-9999,0.1227511316537857
"2025-06-18 12:58:22",-17.4,-17.4,-15.1,-15.6,-16.3,-16.2,-15.9,-16,-16.1,-16.1,-16,-9999,-9999,-9999,-9999,-9999,-9999,-9999,-9999,-9999,0.1226748526096344
"2025-06-18 12:58:32",-17.4,-17.4,-15.1,-15.6,-16.3,-16.2,-15.8,-16,-16.1,-16.1,-16,-9999,-9999,-9999,-9999,-9999,-9999,-9999,-9999,-9999,0.12262067943811417
"2025-06-18 12:58:43",-17.4,-17.4,-15.2,-15.6,-16.3,-16.2,-15.9,-16.1,-16.1,-16.1,-16,-9999,-9999,-9999,-9999,-9999,-9999,-9999,-9999,-9999,0.12255586683750153
"2025-06-18 12:58:53",-17.4,-17.4,-15.2,-15.6,-16.3,-16.2,-15.9,-16,-16.1,-16.1,-16,-9999,-9999,-9999,-9999,-9999,-9999,-9999,-9999,-9999,0.12249188125133514
"2025-06-18 12:59:03",-17.4,-17.4,-15.2,-15.6,-16.3,-16.2,-15.8,-16,-16.1,-16.1,-16,-9999,-9999,-9999,-9999,-9999,-9999,-9999,-9999,-9999,0.12243740260601044
"2025-06-18 12:59:14",-17.4,-17.4,-15.2,-15.5,-16.3,-16.2,-15.8,-16,-16.1,-16.1,-16,-9999,-9999,-9999,-9999,-9999,-9999,-9999,-9999,-9999,0.12237004190683365
"2025-06-18 12:59:24",-17.4,-17.4,-15.2,-15.6,-16.3,-16.2,-15.8,-16,-16.1,-16.1,-16,-9999,-9999,-9999,-9999,-9999,-9999,-9999,-9999,-9999,0.12230470776557922
"2025-06-18 12:59:35",-17.4,-17.4,-15.2,-15.6,-16.3,-16.2,-15.8,-16.1,-16.1,-16.1,-16,-9999,-9999,-9999,-9999,-9999,-9999,-9999,-9999,-9999,0.12225136160850525
"2025-06-18 12:59:45",-17.4,-17.4,-15.2,-15.6,-16.3,-16.2,-15.8,-16,-16.1,-16.1,-16,-9999,-9999,-9999,-9999,-9999,-9999,-9999,-9999,-9999,0.1221906840801239
"2025-06-18 12:59:55",-17.4,-17.4,-15.2,-15.6,-16.3,-16.2,-15.8,-16,-16.1,-16.1,-16,-9999,-9999,-9999,-9999,-9999,-9999,-9999,-9999,-9999,0.12211989611387253
"2025-06-18 13:00:06",-17.4,-17.4,-15.2,-15.6,-16.3,-16.2,-15.8,-16,-16.1,-16.1,-16,-9999,-9999,-9999,-9999,-9999,-9999,-9999,-9999,-9999,0.12206623703241348
"2025-06-18 13:00:16",-17.4,-17.4,-15.2,-15.6,-16.3,-16.2,-15.8,-16,-16.1,-16.1,-16,-9999,-9999,-9999,-9999,-9999,-9999,-9999,-9999,-9999,0.12201599031686783
"2025-06-18 13:00:27",-17.3,-17.4,-15.2,-15.6,-16.3,-16.2,-15.8,-16,-16.1,-16.1,-16,-9999,-9999,-9999,-9999,-9999,-9999,-9999,-9999,-9999,0.12194924801588058
"2025-06-18 13:00:37",-17.4,-17.3,-15.2,-15.6,-16.3,-16.2,-15.8,-16,-16.1,-16.1,-16,-9999,-9999,-9999,-9999,-9999,-9999,-9999,-9999,-9999,0.1218864843249321
"2025-06-18 13:00:47",-17.4,-17.4,-15.2,-15.6,-16.3,-16.2,-15.8,-16,-16.1,-16.1,-16,-9999,-9999,-9999,-9999,-9999,-9999,-9999,-9999,-9999,0.12182854115962982
"2025-06-18 13:00:58",-17.4,-17.4,-15.2,-15.6,-16.3,-16.2,-15.8,-16,-16.1,-16.1,-16,-9999,-9999,-9999,-9999,-9999,-9999,-9999,-9999,-9999,0.12176961451768875
"2025-06-18 13:01:08",-17.3,-17.3,-15.2,-15.6,-16.3,-16.2,-15.8,-16,-16.1,-16.1,-16,-9999,-9999,-9999,-9999,-9999,-9999,-9999,-9999,-9999,0.12172705680131912
"2025-06-18 13:01:18",-17.4,-17.4,-15.2,-15.6,-16.3,-16.2,-15.8,-16,-16.1,-16.1,-16,-9999,-9999,-9999,-9999,-9999,-9999,-9999,-9999,-9999,0.12166760861873627
"2025-06-18 13:01:29",-17.4,-17.4,-15.2,-15.6,-16.3,-16.2,-15.8,-16,-16.1,-16.1,-16,-9999,-9999,-9999,-9999,-9999,-9999,-9999,-9999,-9999,0.12160371243953705
"2025-06-18 13:01:39",-17.4,-17.3,-15.1,-15.5,-16.3,-16.2,-15.8,-16,-16.1,-16.1,-16,-9999,-9999,-9999,-9999,-9999,-9999,-9999,-9999,-9999,0.12154518812894821
"2025-06-18 13:01:50",-17.3,-17.4,-15.2,-15.6,-16.3,-16.2,-15.8,-16,-16.1,-16.1,-16,-9999,-9999,-9999,-9999,-9999,-9999,-9999,-9999,-9999,0.12148481607437134
"2025-06-18 13:02:00",-17.4,-17.4,-15.2,-15.6,-16.3,-16.2,-15.8,-16,-16.1,-16.1,-16,-9999,-9999,-9999,-9999,-9999,-9999,-9999,-9999,-9999,0.12143702059984207
"2025-06-18 13:02:10",-17.4,-17.4,-15.2,-15.6,-16.3,-16.2,-15.8,-16,-16.1,-16.1,-16,-9999,-9999,-9999,-9999,-9999,-9999,-9999,-9999,-9999,0.12137242406606674
"2025-06-18 13:02:21",-17.4,-17.4,-15.2,-15.6,-16.3,-16.2,-15.8,-16,-16.1,-16.1,-16,-9999,-9999,-9999,-9999,-9999,-9999,-9999,-9999,-9999,0.12132199108600616
"2025-06-18 13:02:31",-17.4,-17.4,-15.2,-15.6,-16.3,-16.2,-15.8,-16,-16.1,-16.1,-16,-9999,-9999,-9999,-9999,-9999,-9999,-9999,-9999,-9999,0.12126324325799942
"2025-06-18 13:02:41",-17.4,-17.4,-15.2,-15.6,-16.3,-16.2,-15.8,-16,-16.1,-16.1,-16,-9999,-9999,-9999,-9999,-9999,-9999,-9999,-9999,-9999,0.12120968103408813
"2025-06-18 13:02:52",-17.4,-17.4,-15.2,-15.6,-16.3,-16.2,-15.8,-16,-16.1,-16.1,-16,-9999,-9999,-9999,-9999,-9999,-9999,-9999,-9999,-9999,0.1211523488163948
"2025-06-18 13:03:02",-17.4,-17.4,-15.2,-15.6,-16.3,-16.2,-15.8,-16,-16.1,-16.1,-16,-9999,-9999,-9999,-9999,-9999,-9999,-9999,-9999,-9999,0.12109707295894623
"2025-06-18 13:03:13",-17.4,-17.4,-15.2,-15.6,-16.2,-16.2,-15.8,-16,-16.1,-16.1,-16,-9999,-9999,-9999,-9999,-9999,-9999,-9999,-9999,-9999,0.12105007469654083
"2025-06-18 13:03:23",-17.4,-17.4,-15.2,-15.6,-16.3,-16.2,-15.8,-16,-16.1,-16.1,-16,-9999,-9999,-9999,-9999,-9999,-9999,-9999,-9999,-9999,0.12099326401948929
"2025-06-18 13:03:33",-17.4,-17.4,-15.2,-15.6,-16.3,-16.2,-15.8,-16,-16.1,-16.1,-16,-9999,-9999,-9999,-9999,-9999,-9999,-9999,-9999,-9999,0.12093068659305573
"2025-06-18 13:03:44",-17.4,-17.3,-15.2,-15.6,-16.2,-16.2,-15.8,-16,-16.1,-16.1,-16,-9999,-9999,-9999,-9999,-9999,-9999,-9999,-9999,-9999,0.12087660282850266
"2025-06-18 13:03:54",-17.4,-17.4,-15.2,-15.6,-16.3,-16.2,-15.8,-16,-16.1,-16.1,-16,-9999,-9999,-9999,-9999,-9999,-9999,-9999,-9999,-9999,0.12081988155841827
"2025-06-18 13:04:04",-17.4,-17.4,-15.2,-15.6,-16.3,-16.2,-15.9,-16,-16.1,-16.1,-16,-9999,-9999,-9999,-9999,-9999,-9999,-9999,-9999,-9999,0.12075071781873703
"2025-06-18 13:04:15",-17.4,-17.4,-15.2,-15.6,-16.3,-16.2,-15.8,-16,-16.1,-16.1,-16,-9999,-9999,-9999,-9999,-9999,-9999,-9999,-9999,-9999,0.12069258838891983
"2025-06-18 13:04:25",-17.4,-17.4,-15.2,-15.6,-16.3,-16.2,-15.8,-16,-16.1,-16.1,-16,-9999,-9999,-9999,-9999,-9999,-9999,-9999,-9999,-9999,0.12062706798315048
"2025-06-18 13:04:36",-17.4,-17.4,-15.2,-15.6,-16.3,-16.2,-15.8,-16,-16.1,-16.1,-16,-9999,-9999,-9999,-9999,-9999,-9999,-9999,-9999,-9999,0.12056225538253784
"2025-06-18 13:04:46",-17.4,-17.4,-15.3,-15.6,-16.3,-16.2,-15.8,-16,-16.1,-16.1,-16,-9999,-9999,-9999,-9999,-9999,-9999,-9999,-9999,-9999,0.12050513923168182
"2025-06-18 13:04:56",-17.5,-17.4,-15.3,-15.6,-16.3,-16.2,-15.8,-16,-16.1,-16.1,-16,-9999,-9999,-9999,-9999,-9999,-9999,-9999,-9999,-9999,0.12045611441135406
"2025-06-18 13:05:07",-17.5,-17.5,-15.3,-15.7,-16.3,-16.2,-15.8,-16,-16.1,-16.1,-16,-9999,-9999,-9999,-9999,-9999,-9999,-9999,-9999,-9999,0.12040840834379196
"2025-06-18 13:05:17",-17.5,-17.5,-15.3,-15.7,-16.3,-16.2,-15.8,-16,-16.1,-16.1,-16,-9999,-9999,-9999,-9999,-9999,-9999,-9999,-9999,-9999,0.12036183476448059
"2025-06-18 13:05:28",-17.4,-17.4,-15.3,-15.7,-16.3,-16.2,-15.8,-16,-16.1,-16.1,-16,-9999,-9999,-9999,-9999,-9999,-9999,-9999,-9999,-9999,0.12029530107975006
"2025-06-18 13:05:38",-17.4,-17.4,-15.2,-15.6,-16.3,-16.2,-15.8,-16,-16.1,-16.1,-16,-9999,-9999,-9999,-9999,-9999,-9999,-9999,-9999,-9999,0.12025164812803268
"2025-06-18 13:05:48",-17.4,-17.4,-15.2,-15.6,-16.3,-16.2,-15.8,-16,-16.1,-16.1,-16,-9999,-9999,-9999,-9999,-9999,-9999,-9999,-9999,-9999,0.12019452452659607
"2025-06-18 13:05:59",-17.4,-17.4,-15.3,-15.7,-16.3,-16.2,-15.8,-16,-16.1,-16.1,-16,-9999,-9999,-9999,-9999,-9999,-9999,-9999,-9999,-9999,0.12015350908041
"2025-06-18 13:06:09",-17.4,-17.4,-15.2,-15.6,-16.3,-16.2,-15.8,-16,-16.1,-16.1,-16,-9999,-9999,-9999,-9999,-9999,-9999,-9999,-9999,-9999,0.12011006474494934
"2025-06-18 13:06:19",-17.4,-17.4,-15.3,-15.6,-16.3,-16.2,-15.8,-16,-16.1,-16.1,-16,-9999,-9999,-9999,-9999,-9999,-9999,-9999,-9999,-9999,0.12007646262645721
"2025-06-18 13:06:30",-17.4,-17.4,-15.2,-15.6,-16.2,-16.2,-15.8,-16,-16.1,-16.1,-16,-9999,-9999,-9999,-9999,-9999,-9999,-9999,-9999,-9999,0.12002673000097275
"2025-06-18 13:06:40",-17.4,-17.4,-15.2,-15.6,-16.3,-16.2,-15.8,-16,-16.1,-16.1,-16,-9999,-9999,-9999,-9999,-9999,-9999,-9999,-9999,-9999,0.11999502778053284
"2025-06-18 13:06:51",-17.4,-17.4,-15.2,-15.6,-16.3,-16.2,-15.8,-16,-16.1,-16.1,-16,-9999,-9999,-9999,-9999,-9999,-9999,-9999,-9999,-9999,0.11994640529155731
"2025-06-18 13:07:01",-17.4,-17.4,-15.2,-15.6,-16.3,-16.2,-15.8,-16,-16.1,-16.1,-16,-9999,-9999,-9999,-9999,-9999,-9999,-9999,-9999,-9999,0.11991096287965775
"2025-06-18 13:07:11",-17.4,-17.4,-15.2,-15.6,-16.3,-16.2,-15.8,-16,-16.1,-16.1,-16,-9999,-9999,-9999,-9999,-9999,-9999,-9999,-9999,-9999,0.11986236274242401
"2025-06-18 13:07:22",-17.4,-17.4,-15.2,-15.6,-16.3,-16.2,-15.8,-16,-16.1,-16.1,-16,-9999,-9999,-9999,-9999,-9999,-9999,-9999,-9999,-9999,0.11981558054685593
"2025-06-18 13:07:32",-17.4,-17.4,-15.2,-15.6,-16.3,-16.2,-15.8,-16,-16.1,-16.1,-16,-9999,-9999,-9999,-9999,-9999,-9999,-9999,-9999,-9999,0.11975420266389847
"2025-06-18 13:07:43",-17.4,-17.4,-15.2,-15.6,-16.3,-16.2,-15.8,-16,-16.1,-16.1,-16,-9999,-9999,-9999,-9999,-9999,-9999,-9999,-9999,-9999,0.11971379071474075
"2025-06-18 13:07:53",-17.4,-17.4,-15.2,-15.6,-16.3,-16.2,-15.8,-16,-16.1,-16.1,-16,-9999,-9999,-9999,-9999,-9999,-9999,-9999,-9999,-9999,0.11966437101364136
"2025-06-18 13:08:03",-17.4,-17.3,-15.2,-15.5,-16.3,-16.2,-15.8,-16,-16.1,-16.1,-16,-9999,-9999,-9999,-9999,-9999,-9999,-9999,-9999,-9999,0.11963420361280441
"2025-06-18 13:08:14",-17.4,-17.4,-15.2,-15.6,-16.3,-16.2,-15.8,-16,-16.1,-16.1,-16,-9999,-9999,-9999,-9999,-9999,-9999,-9999,-9999,-9999,0.11959084868431091
"2025-06-18 13:08:24",-17.4,-17.4,-15.2,-15.5,-16.2,-16.2,-15.8,-16,-16.1,-16.1,-16,-9999,-9999,-9999,-9999,-9999,-9999,-9999,-9999,-9999,0.11955025792121887
"2025-06-18 13:08:34",-17.4,-17.4,-15.2,-15.6,-16.3,-16.2,-15.8,-16,-16,-16.1,-16,-9999,-9999,-9999,-9999,-9999,-9999,-9999,-9999,-9999,0.11949829012155533
"2025-06-18 13:08:45",-17.3,-17.3,-15.2,-15.6,-16.3,-16.1,-15.8,-16,-16,-16.1,-16,-9999,-9999,-9999,-9999,-9999,-9999,-9999,-9999,-9999,0.11945383250713348
"2025-06-18 13:08:55",-17.4,-17.3,-15.2,-15.6,-16.3,-16.2,-15.8,-16,-16,-16.1,-16,-9999,-9999,-9999,-9999,-9999,-9999,-9999,-9999,-9999,0.11940999329090118
"2025-06-18 13:09:06",-17.4,-17.3,-15.2,-15.5,-16.2,-16.1,-15.8,-16,-16,-16.1,-16,-9999,-9999,-9999,-9999,-9999,-9999,-9999,-9999,-9999,0.11936875432729721
"2025-06-18 13:09:16",-17.3,-17.3,-15.2,-15.5,-16.2,-16.2,-15.8,-16,-16.1,-16.1,-16,-9999,-9999,-9999,-9999,-9999,-9999,-9999,-9999,-9999,0.11932512372732162
"2025-06-18 13:09:26",-17.4,-17.4,-15.2,-15.6,-16.3,-16.2,-15.8,-16,-16,-16.1,-16,-9999,-9999,-9999,-9999,-9999,-9999,-9999,-9999,-9999,0.11928066611289978
"2025-06-18 13:09:37",-17.4,-17.3,-15.2,-15.5,-16.2,-16.1,-15.8,-16,-16,-16.1,-16,-9999,-9999,-9999,-9999,-9999,-9999,-9999,-9999,-9999,0.11923863738775253
"2025-06-18 13:09:47",-17.3,-17.3,-15.1,-15.5,-16.2,-16.1,-15.8,-15.9,-16,-16.1,-16,-9999,-9999,-9999,-9999,-9999,-9999,-9999,-9999,-9999,0.11919497698545456
"2025-06-18 13:09:57",-17.4,-17.4,-15.2,-15.6,-16.2,-16.2,-15.7,-15.9,-16,-16.1,-16,-9999,-9999,-9999,-9999,-9999,-9999,-9999,-9999,-9999,0.11915508657693863
"2025-06-18 13:10:08",-17.3,-17.3,-15.2,-15.5,-16.2,-16.1,-15.8,-15.9,-16,-16.1,-16,-9999,-9999,-9999,-9999,-9999,-9999,-9999,-9999,-9999,0.11911863833665848
"2025-06-18 13:10:18",-17.3,-17.3,-15.1,-15.5,-16.2,-16.1,-15.7,-15.9,-16,-16.1,-16,-9999,-9999,-9999,-9999,-9999,-9999,-9999,-9999,-9999,0.1190754696726799
"2025-06-18 13:10:29",-17.4,-17.4,-15.2,-15.5,-16.2,-16.1,-15.7,-15.9,-16,-16.1,-16,-9999,-9999,-9999,-9999,-9999,-9999,-9999,-9999,-9999,0.11902129650115967
"2025-06-18 13:10:39",-17.4,-17.4,-15.2,-15.6,-16.3,-16.2,-15.8,-15.9,-16,-16.1,-16,-9999,-9999,-9999,-9999,-9999,-9999,-9999,-9999,-9999,0.11897015571594238
"2025-06-18 13:10:49",-17.3,-17.3,-15.2,-15.5,-16.2,-16.1,-15.8,-15.9,-16,-16.1,-16,-9999,-9999,-9999,-9999,-9999,-9999,-9999,-9999,-9999,0.11893066763877869
"2025-06-18 13:11:00",-17.3,-17.3,-15.2,-15.5,-16.2,-16.1,-15.7,-15.9,-16,-16.1,-16,-9999,-9999,-9999,-9999,-9999,-9999,-9999,-9999,-9999,0.11889390647411346
"2025-06-18 13:11:10",-17.4,-17.4,-15.2,-15.6,-16.2,-16.1,-15.8,-15.9,-16,-16,-16,-9999,-9999,-9999,-9999,-9999,-9999,-9999,-9999,-9999,0.11885248124599457
"2025-06-18 13:11:21",-17.4,-17.4,-15.2,-15.6,-16.2,-16.1,-15.8,-15.9,-16,-16.1,-15.9,-9999,-9999,-9999,-9999,-9999,-9999,-9999,-9999,-9999,0.11880609393119812
"2025-06-18 13:11:31",-17.3,-17.3,-15.2,-15.5,-16.2,-16.1,-15.7,-15.9,-16,-16,-15.9,-9999,-9999,-9999,-9999,-9999,-9999,-9999,-9999,-9999,0.11876467615365982
"2025-06-18 13:11:41",-17.4,-17.3,-15.2,-15.5,-16.2,-16.1,-15.7,-15.9,-16,-16.1,-16,-9999,-9999,-9999,-9999,-9999,-9999,-9999,-9999,-9999,0.11871951818466187
"2025-06-18 13:11:52",-17.3,-17.3,-15.2,-15.5,-16.2,-16.1,-15.7,-15.9,-16,-16.1,-16,-9999,-9999,-9999,-9999,-9999,-9999,-9999,-9999,-9999,0.1186903566122055
"2025-06-18 13:12:02",-17.4,-17.4,-15.2,-15.6,-16.2,-16.1,-15.7,-15.9,-16,-16,-15.9,-9999,-9999,-9999,-9999,-9999,-9999,-9999,-9999,-9999,0.11864863336086273
"2025-06-18 13:12:12",-17.4,-17.4,-15.2,-15.5,-16.2,-16.1,-15.7,-15.9,-16,-16,-16,-9999,-9999,-9999,-9999,-9999,-9999,-9999,-9999,-9999,0.11859454959630966
"2025-06-18 13:12:23",-17.4,-17.3,-15.1,-15.5,-16.2,-16.1,-15.7,-15.9,-16,-16,-16,-9999,-9999,-9999,-9999,-9999,-9999,-9999,-9999,-9999,0.11854907870292664
"2025-06-18 13:12:33",-17.4,-17.4,-15.2,-15.5,-16.2,-16.1,-15.7,-15.9,-16,-16,-16,-9999,-9999,-9999,-9999,-9999,-9999,-9999,-9999,-9999,0.1185096800327301
"2025-06-18 13:12:44",-17.4,-17.4,-15.2,-15.5,-16.2,-16.1,-15.7,-15.9,-16,-16,-16,-9999,-9999,-9999,-9999,-9999,-9999,-9999,-9999,-9999,0.11847209185361862
"2025-06-18 13:12:54",-17.4,-17.4,-15.2,-15.6,-16.2,-16.1,-15.7,-15.9,-16,-16,-16,-9999,-9999,-9999,-9999,-9999,-9999,-9999,-9999,-9999,0.11841893196105957
"2025-06-18 13:13:04",-17.4,-17.3,-15.2,-15.5,-16.2,-16.1,-15.7,-15.9,-16,-16,-15.9,-9999,-9999,-9999,-9999,-9999,-9999,-9999,-9999,-9999,0.11838257312774658
"2025-06-18 13:13:15",-17.3,-17.3,-15.2,-15.5,-16.2,-16.1,-15.7,-15.9,-16,-16,-15.9,-9999,-9999,-9999,-9999,-9999,-9999,-9999,-9999,-9999,0.11833661049604416
"2025-06-18 13:13:25",-17.4,-17.3,-15.2,-15.5,-16.2,-16.1,-15.7,-15.9,-16,-16,-15.9,-9999,-9999,-9999,-9999,-9999,-9999,-9999,-9999,-9999,0.1182938739657402
"2025-06-18 13:13:35",-17.3,-17.3,-15.2,-15.5,-16.2,-16.1,-15.7,-15.9,-16,-16,-15.9,-9999,-9999,-9999,-9999,-9999,-9999,-9999,-9999,-9999,0.11825113743543625
"2025-06-18 13:13:46",-17.4,-17.3,-15.2,-15.5,-16.2,-16.1,-15.7,-15.9,-16,-16,-15.9,-9999,-9999,-9999,-9999,-9999,-9999,-9999,-9999,-9999,0.11821020394563675
"2025-06-18 13:13:56",-17.4,-17.4,-15.2,-15.6,-16.2,-16.1,-15.7,-15.9,-16,-16,-15.9,-9999,-9999,-9999,-9999,-9999,-9999,-9999,-9999,-9999,0.11815430968999863
"2025-06-18 13:14:07",-17.4,-17.3,-15.2,-15.6,-16.2,-16.1,-15.7,-15.9,-16,-16,-15.9,-9999,-9999,-9999,-9999,-9999,-9999,-9999,-9999,-9999,0.11811957508325577
"2025-06-18 13:14:17",-17.4,-17.4,-15.2,-15.6,-16.2,-16.1,-15.7,-15.9,-16,-16,-15.9,-9999,-9999,-9999,-9999,-9999,-9999,-9999,-9999,-9999,0.11807573586702347
"2025-06-18 13:14:27",-17.4,-17.3,-15.2,-15.6,-16.2,-16.1,-15.7,-15.9,-16,-16,-15.9,-9999,-9999,-9999,-9999,-9999,-9999,-9999,-9999,-9999,0.11804667115211487
"2025-06-18 13:14:38",-17.4,-17.3,-15.2,-15.6,-16.2,-16.1,-15.7,-15.9,-16,-16,-15.9,-9999,-9999,-9999,-9999,-9999,-9999,-9999,-9999,-9999,0.11799470335245132
"2025-06-18 13:14:48",-17.4,-17.4,-15.2,-15.6,-16.2,-16.1,-15.7,-15.9,-16,-16.1,-15.9,-9999,-9999,-9999,-9999,-9999,-9999,-9999,-9999,-9999,0.1179523915052414
"2025-06-18 13:14:59",-17.4,-17.4,-15.2,-15.6,-16.2,-16.1,-15.7,-15.9,-16,-16,-15.9,-9999,-9999,-9999,-9999,-9999,-9999,-9999,-9999,-9999,0.11790082603693008
"2025-06-18 13:15:09",-17.4,-17.4,-15.2,-15.6,-16.2,-16.1,-15.7,-15.9,-16,-16,-15.9,-9999,-9999,-9999,-9999,-9999,-9999,-9999,-9999,-9999,0.11785890907049179
"2025-06-18 13:15:19",-17.4,-17.4,-15.2,-15.6,-16.2,-16.1,-15.7,-15.9,-16,-16.1,-15.9,-9999,-9999,-9999,-9999,-9999,-9999,-9999,-9999,-9999,0.11781304329633713
"2025-06-18 13:15:30",-17.3,-17.3,-15.2,-15.6,-16.2,-16.1,-15.7,-15.9,-16,-16,-15.9,-9999,-9999,-9999,-9999,-9999,-9999,-9999,-9999,-9999,0.11778275668621063
"2025-06-18 13:15:40",-17.3,-17.3,-15.2,-15.6,-16.2,-16.1,-15.7,-15.9,-16,-16.1,-15.9,-9999,-9999,-9999,-9999,-9999,-9999,-9999,-9999,-9999,0.11774872243404388
"2025-06-18 13:15:50",-17.4,-17.4,-15.2,-15.6,-16.2,-16.2,-15.7,-15.9,-16,-16,-15.9,-9999,-9999,-9999,-9999,-9999,-9999,-9999,-9999,-9999,0.11771196126937866
"2025-06-18 13:16:01",-17.4,-17.4,-15.2,-15.6,-16.2,-16.1,-15.8,-15.9,-16,-16,-15.9,-9999,-9999,-9999,-9999,-9999,-9999,-9999,-9999,-9999,0.11766538769006729
"2025-06-18 13:16:11",-17.4,-17.3,-15.2,-15.6,-16.2,-16.1,-15.7,-15.9,-16,-16,-16,-9999,-9999,-9999,-9999,-9999,-9999,-9999,-9999,-9999,0.11762204021215439
"2025-06-18 13:16:22",-17.4,-17.4,-15.2,-15.6,-16.2,-16.1,-15.7,-15.9,-16,-16.1,-16,-9999,-9999,-9999,-9999,-9999,-9999,-9999,-9999,-9999,0.11758647114038467
"2025-06-18 13:16:32",-17.4,-17.4,-15.2,-15.6,-16.2,-16.1,-15.7,-15.9,-16,-16,-15.9,-9999,-9999,-9999,-9999,-9999,-9999,-9999,-9999,-9999,0.11755327135324478
"2025-06-18 13:16:42",-17.4,-17.4,-15.2,-15.6,-16.2,-16.1,-15.7,-15.9,-16,-16.1,-15.9,-9999,-9999,-9999,-9999,-9999,-9999,-9999,-9999,-9999,0.11750902980566025
"2025-06-18 13:16:53",-17.4,-17.4,-15.2,-15.6,-16.2,-16.1,-15.7,-15.9,-16,-16,-16,-9999,-9999,-9999,-9999,-9999,-9999,-9999,-9999,-9999,0.11746383458375931
"2025-06-18 13:17:03",-17.4,-17.3,-15.2,-15.6,-16.2,-16.1,-15.7,-15.9,-16,-16.1,-15.9,-9999,-9999,-9999,-9999,-9999,-9999,-9999,-9999,-9999,0.11742131412029266
"2025-06-18 13:17:13",-17.4,-17.4,-15.3,-15.6,-16.2,-16.1,-15.7,-15.9,-16,-16.1,-15.9,-9999,-9999,-9999,-9999,-9999,-9999,-9999,-9999,-9999,0.11738375574350357
"2025-06-18 13:17:24",-17.4,-17.4,-15.2,-15.6,-16.2,-16.1,-15.7,-15.9,-16,-16.1,-16,-9999,-9999,-9999,-9999,-9999,-9999,-9999,-9999,-9999,0.11734212189912796
"2025-06-18 13:17:34",-17.4,-17.4,-15.3,-15.6,-16.2,-16.1,-15.7,-15.9,-16,-16.1,-15.9,-9999,-9999,-9999,-9999,-9999,-9999,-9999,-9999,-9999,0.11731407046318054
"2025-06-18 13:17:45",-17.4,-17.4,-15.2,-15.6,-16.2,-16.1,-15.7,-15.9,-16,-16,-15.9,-9999,-9999,-9999,-9999,-9999,-9999,-9999,-9999,-9999,0.1172591894865036
"2025-06-18 13:17:55",-17.4,-17.4,-15.3,-15.6,-16.2,-16.1,-15.7,-15.9,-16,-16.1,-16,-9999,-9999,-9999,-9999,-9999,-9999,-9999,-9999,-9999,0.11721684783697128
"2025-06-18 13:18:05",-17.4,-17.4,-15.2,-15.6,-16.2,-16.1,-15.7,-15.9,-16,-16.1,-16,-9999,-9999,-9999,-9999,-9999,-9999,-9999,-9999,-9999,0.11718333512544632
"2025-06-18 13:18:16",-17.4,-17.4,-15.3,-15.6,-16.2,-16.1,-15.7,-15.9,-16,-16.1,-15.9,-9999,-9999,-9999,-9999,-9999,-9999,-9999,-9999,-9999,0.11714310944080353
"2025-06-18 13:18:26",-17.4,-17.4,-15.3,-15.6,-16.2,-16.1,-15.7,-15.9,-16,-16.1,-15.9,-9999,-9999,-9999,-9999,-9999,-9999,-9999,-9999,-9999,0.11711131781339645
"2025-06-18 13:18:37",-17.4,-17.4,-15.2,-15.6,-16.2,-16.1,-15.7,-15.9,-16,-16,-15.9,-9999,-9999,-9999,-9999,-9999,-9999,-9999,-9999,-9999,0.11707406491041183
"2025-06-18 13:18:47",-17.4,-17.4,-15.2,-15.6,-16.2,-16.1,-15.7,-15.9,-16,-16,-15.9,-9999,-9999,-9999,-9999,-9999,-9999,-9999,-9999,-9999,0.1170308068394661
"2025-06-18 13:18:57",-17.4,-17.4,-15.3,-15.6,-16.2,-16.1,-15.7,-15.9,-16,-16,-15.9,-9999,-9999,-9999,-9999,-9999,-9999,-9999,-9999,-9999,0.11699052155017853
"2025-06-18 13:19:08",-17.4,-17.4,-15.3,-15.6,-16.2,-16.1,-15.7,-15.9,-16,-16.1,-15.9,-9999,-9999,-9999,-9999,-9999,-9999,-9999,-9999,-9999,0.11695728451013565
"2025-06-18 13:19:18",-17.4,-17.4,-15.3,-15.6,-16.2,-16.1,-15.7,-15.9,-16,-16,-16,-9999,-9999,-9999,-9999,-9999,-9999,-9999,-9999,-9999,0.11692073941230774
"2025-06-18 13:19:28",-17.4,-17.4,-15.3,-15.6,-16.2,-16.1,-15.7,-15.9,-16,-16.1,-15.9,-9999,-9999,-9999,-9999,-9999,-9999,-9999,-9999,-9999,0.11686613410711288
"2025-06-18 13:19:39",-17.4,-17.4,-15.3,-15.7,-16.2,-16.1,-15.7,-15.9,-16,-16.1,-15.9,-9999,-9999,-9999,-9999,-9999,-9999,-9999,-9999,-9999,0.11684093624353409
"2025-06-18 13:19:49",-17.5,-17.4,-15.3,-15.6,-16.2,-16.1,-15.7,-15.9,-16,-16,-15.9,-9999,-9999,-9999,-9999,-9999,-9999,-9999,-9999,-9999,0.11678209900856018
"2025-06-18 13:20:00",-17.5,-17.4,-15.3,-15.6,-16.2,-16.1,-15.7,-15.9,-16,-16.1,-15.9,-9999,-9999,-9999,-9999,-9999,-9999,-9999,-9999,-9999,0.11673387140035629
"2025-06-18 13:20:10",-17.4,-17.4,-15.3,-15.6,-16.2,-16.1,-15.7,-15.9,-16,-16.1,-16,-9999,-9999,-9999,-9999,-9999,-9999,-9999,-9999,-9999,0.11669468879699707
"2025-06-18 13:20:20",-17.4,-17.4,-15.3,-15.6,-16.2,-16.1,-15.7,-15.9,-16,-16,-15.9,-9999,-9999,-9999,-9999,-9999,-9999,-9999,-9999,-9999,0.11665023118257523
"2025-06-18 13:20:31",-17.5,-17.5,-15.3,-15.7,-16.2,-16.1,-15.7,-15.9,-16,-16.1,-15.9,-9999,-9999,-9999,-9999,-9999,-9999,-9999,-9999,-9999,0.11660424619913101
"2025-06-18 13:20:41",-17.5,-17.5,-15.4,-15.7,-16.2,-16.1,-15.7,-15.9,-16,-16.1,-16,-9999,-9999,-9999,-9999,-9999,-9999,-9999,-9999,-9999,0.1165713518857956
"2025-06-18 13:20:51",-17.5,-17.5,-15.3,-15.7,-16.2,-16.1,-15.7,-15.9,-16,-16.1,-16,-9999,-9999,-9999,-9999,-9999,-9999,-9999,-9999,-9999,0.11652901023626328
"2025-06-18 13:21:02",-17.5,-17.4,-15.3,-15.7,-16.2,-16.1,-15.7,-15.9,-16,-16.1,-16,-9999,-9999,-9999,-9999,-9999,-9999,-9999,-9999,-9999,0.11649436503648758
"2025-06-18 13:21:12",-17.5,-17.4,-15.3,-15.7,-16.2,-16.1,-15.7,-15.9,-16,-16.1,-16,-9999,-9999,-9999,-9999,-9999,-9999,-9999,-9999,-9999,0.11646167933940887
"2025-06-18 13:21:23",-17.5,-17.5,-15.4,-15.7,-16.2,-16.1,-15.7,-15.9,-16,-16.1,-16,-9999,-9999,-9999,-9999,-9999,-9999,-9999,-9999,-9999,0.11642105877399445
"2025-06-18 13:21:33",-17.5,-17.4,-15.3,-15.7,-16.2,-16.1,-15.7,-15.9,-16,-16,-16,-9999,-9999,-9999,-9999,-9999,-9999,-9999,-9999,-9999,0.11639027297496796
"2025-06-18 13:21:43",-17.5,-17.4,-15.3,-15.7,-16.2,-16.1,-15.7,-15.9,-16,-16.1,-15.9,-9999,-9999,-9999,-9999,-9999,-9999,-9999,-9999,-9999,0.11635320633649826
"2025-06-18 13:21:54",-17.5,-17.5,-15.4,-15.7,-16.2,-16.1,-15.7,-15.9,-16,-16.1,-16,-9999,-9999,-9999,-9999,-9999,-9999,-9999,-9999,-9999,0.1163184717297554
"2025-06-18 13:22:04",-17.5,-17.5,-15.4,-15.7,-16.2,-16.1,-15.7,-15.9,-16,-16.1,-16,-9999,-9999,-9999,-9999,-9999,-9999,-9999,-9999,-9999,0.11627128720283508
"2025-06-18 13:22:14",-17.4,-17.5,-15.4,-15.7,-16.2,-16.1,-15.7,-15.9,-16,-16.1,-16,-9999,-9999,-9999,-9999,-9999,-9999,-9999,-9999,-9999,0.11622732132673264
"2025-06-18 13:22:25",-17.5,-17.5,-15.3,-15.7,-16.2,-16.1,-15.7,-15.9,-16,-16.1,-16,-9999,-9999,-9999,-9999,-9999,-9999,-9999,-9999,-9999,0.1162065640091896
"2025-06-18 13:22:35",-17.5,-17.5,-15.4,-15.7,-16.2,-16.2,-15.7,-15.9,-16,-16.1,-16,-9999,-9999,-9999,-9999,-9999,-9999,-9999,-9999,-9999,0.11616554111242294
"2025-06-18 13:22:46",-17.5,-17.5,-15.4,-15.7,-16.2,-16.2,-15.7,-15.9,-16,-16.1,-16,-9999,-9999,-9999,-9999,-9999,-9999,-9999,-9999,-9999,0.11613921076059341
"2025-06-18 13:22:56",-17.5,-17.5,-15.3,-15.7,-16.2,-16.2,-15.7,-15.9,-16,-16.1,-16,-9999,-9999,-9999,-9999,-9999,-9999,-9999,-9999,-9999,0.11610842496156693
"2025-06-18 13:23:06",-17.5,-17.5,-15.4,-15.7,-16.2,-16.2,-15.7,-15.9,-16,-16.1,-16,-9999,-9999,-9999,-9999,-9999,-9999,-9999,-9999,-9999,0.11606893688440323
"2025-06-18 13:23:17",-17.5,-17.5,-15.3,-15.7,-16.2,-16.1,-15.8,-15.9,-16,-16.1,-16,-9999,-9999,-9999,-9999,-9999,-9999,-9999,-9999,-9999,0.11604078859090805
"2025-06-18 13:23:27",-17.5,-17.5,-15.4,-15.7,-16.2,-16.2,-15.8,-15.9,-16,-16.1,-16,-9999,-9999,-9999,-9999,-9999,-9999,-9999,-9999,-9999,0.11599823832511902
"2025-06-18 13:23:38",-17.5,-17.5,-15.4,-15.7,-16.2,-16.2,-15.8,-15.9,-16,-16.1,-16,-9999,-9999,-9999,-9999,-9999,-9999,-9999,-9999,-9999,0.11595773696899414
"2025-06-18 13:23:48",-17.5,-17.4,-15.3,-15.7,-16.2,-16.1,-15.7,-15.9,-16,-16.1,-16,-9999,-9999,-9999,-9999,-9999,-9999,-9999,-9999,-9999,0.11593363434076309
"2025-06-18 13:23:58",-17.5,-17.5,-15.4,-15.7,-16.2,-16.2,-15.7,-15.9,-16,-16.1,-16,-9999,-9999,-9999,-9999,-9999,-9999,-9999,-9999,-9999,0.11589617282152176
"2025-06-18 13:24:09",-17.5,-17.4,-15.3,-15.7,-16.2,-16.2,-15.7,-15.9,-16,-16.1,-16,-9999,-9999,-9999,-9999,-9999,-9999,-9999,-9999,-9999,0.11586802452802658
"2025-06-18 13:24:19",-17.4,-17.4,-15.4,-15.7,-16.2,-16.2,-15.8,-15.9,-16,-16.1,-16,-9999,-9999,-9999,-9999,-9999,-9999,-9999,-9999,-9999,0.11583307385444641
"2025-06-18 13:24:29",-17.5,-17.5,-15.4,-15.7,-16.2,-16.2,-15.7,-15.9,-16,-16.1,-16,-9999,-9999,-9999,-9999,-9999,-9999,-9999,-9999,-9999,0.11579873412847519
"2025-06-18 13:24:40",-17.5,-17.4,-15.3,-15.7,-16.2,-16.1,-15.8,-16,-16,-16.1,-16,-9999,-9999,-9999,-9999,-9999,-9999,-9999,-9999,-9999,0.11576034873723984
"2025-06-18 13:24:50",-17.5,-17.5,-15.4,-15.7,-16.2,-16.2,-15.7,-15.9,-16,-16.1,-16,-9999,-9999,-9999,-9999,-9999,-9999,-9999,-9999,-9999,0.11573220789432526
"2025-06-18 13:25:01",-17.5,-17.5,-15.4,-15.7,-16.3,-16.2,-15.7,-15.9,-16,-16.1,-16,-9999,-9999,-9999,-9999,-9999,-9999,-9999,-9999,-9999,0.11569495499134064
"2025-06-18 13:25:11",-17.4,-17.4,-15.4,-15.7,-16.2,-16.1,-15.8,-16,-16,-16.1,-16,-9999,-9999,-9999,-9999,-9999,-9999,-9999,-9999,-9999,0.11566981673240662
"2025-06-18 13:25:21",-17.5,-17.5,-15.4,-15.7,-16.2,-16.2,-15.8,-15.9,-16,-16.1,-16,-9999,-9999,-9999,-9999,-9999,-9999,-9999,-9999,-9999,0.11563143134117126
"2025-06-18 13:25:32",-17.5,-17.5,-15.4,-15.7,-16.3,-16.2,-15.8,-16,-16,-16.1,-16,-9999,-9999,-9999,-9999,-9999,-9999,-9999,-9999,-9999,0.11559954285621643
"2025-06-18 13:25:42",-17.5,-17.5,-15.4,-15.7,-16.2,-16.2,-15.7,-16,-16,-16.1,-16,-9999,-9999,-9999,-9999,-9999,-9999,-9999,-9999,-9999,0.11556775122880936
"2025-06-18 13:25:52",-17.5,-17.5,-15.4,-15.7,-16.2,-16.2,-15.8,-16,-16,-16.1,-16,-9999,-9999,-9999,-9999,-9999,-9999,-9999,-9999,-9999,0.11554009467363358
"2025-06-18 13:26:03",-17.5,-17.5,-15.4,-15.8,-16.3,-16.2,-15.8,-15.9,-16.1,-16.1,-16,-9999,-9999,-9999,-9999,-9999,-9999,-9999,-9999,-9999,0.1155102327466011
"2025-06-18 13:26:13",-17.4,-17.4,-15.3,-15.7,-16.2,-16.2,-15.8,-15.9,-16.1,-16.1,-16,-9999,-9999,-9999,-9999,-9999,-9999,-9999,-9999,-9999,0.11548064649105072
"2025-06-18 13:26:24",-17.5,-17.4,-15.4,-15.7,-16.2,-16.2,-15.8,-16,-16.1,-16.1,-16,-9999,-9999,-9999,-9999,-9999,-9999,-9999,-9999,-9999,0.11545369774103165
"2025-06-18 13:26:34",-17.5,-17.4,-15.3,-15.7,-16.2,-16.2,-15.8,-16,-16,-16.1,-16,-9999,-9999,-9999,-9999,-9999,-9999,-9999,-9999,-9999,0.11542221158742905
"2025-06-18 13:26:44",-17.5,-17.4,-15.3,-15.7,-16.2,-16.2,-15.8,-15.9,-16,-16.1,-16,-9999,-9999,-9999,-9999,-9999,-9999,-9999,-9999,-9999,0.11540501564741135
"2025-06-18 13:26:55",-17.4,-17.4,-15.3,-15.7,-16.2,-16.2,-15.8,-16,-16,-16.1,-16,-9999,-9999,-9999,-9999,-9999,-9999,-9999,-9999,-9999,0.11536509543657303
"2025-06-18 13:27:05",-17.5,-17.4,-15.3,-15.7,-16.3,-16.2,-15.8,-16,-16,-16.1,-15.9,-9999,-9999,-9999,-9999,-9999,-9999,-9999,-9999,-9999,0.11533857136964798
"2025-06-18 13:27:16",-17.5,-17.5,-15.3,-15.7,-16.2,-16.2,-15.8,-15.9,-16,-16.1,-16,-9999,-9999,-9999,-9999,-9999,-9999,-9999,-9999,-9999,0.11531434953212738
"2025-06-18 13:27:26",-17.5,-17.5,-15.3,-15.7,-16.2,-16.2,-15.8,-16,-16,-16.1,-16,-9999,-9999,-9999,-9999,-9999,-9999,-9999,-9999,-9999,0.11527446657419205
"2025-06-18 13:27:36",-17.4,-17.4,-15.3,-15.7,-16.2,-16.1,-15.7,-16,-16,-16.1,-16,-9999,-9999,-9999,-9999,-9999,-9999,-9999,-9999,-9999,0.11525389552116394
"2025-06-18 13:27:47",-17.4,-17.4,-15.3,-15.7,-16.2,-16.1,-15.8,-15.9,-16,-16.1,-15.9,-9999,-9999,-9999,-9999,-9999,-9999,-9999,-9999,-9999,0.11522961407899857
"2025-06-18 13:27:57",-17.5,-17.4,-15.3,-15.7,-16.2,-16.2,-15.8,-15.9,-16,-16.1,-16,-9999,-9999,-9999,-9999,-9999,-9999,-9999,-9999,-9999,0.11521369963884354
"2025-06-18 13:28:07",-17.4,-17.4,-15.3,-15.7,-16.2,-16.1,-15.7,-15.9,-16,-16,-15.9,-9999,-9999,-9999,-9999,-9999,-9999,-9999,-9999,-9999,0.11518634855747223
"2025-06-18 13:28:18",-17.4,-17.4,-15.3,-15.7,-16.2,-16.2,-15.7,-15.9,-16,-16.1,-15.9,-9999,-9999,-9999,-9999,-9999,-9999,-9999,-9999,-9999,0.1151723712682724
"2025-06-18 13:28:28",-17.4,-17.4,-15.4,-15.7,-16.2,-16.1,-15.7,-15.9,-16,-16.1,-15.9,-9999,-9999,-9999,-9999,-9999,-9999,-9999,-9999,-9999,0.11513420194387436
"2025-06-18 13:28:39",-17.4,-17.4,-15.3,-15.7,-16.2,-16.1,-15.7,-15.9,-16,-16,-15.9,-9999,-9999,-9999,-9999,-9999,-9999,-9999,-9999,-9999,0.11511050164699554
"2025-06-18 13:28:49",-17.5,-17.4,-15.3,-15.7,-16.2,-16.1,-15.7,-15.9,-16,-16,-15.9,-9999,-9999,-9999,-9999,-9999,-9999,-9999,-9999,-9999,0.11507778614759445
"2025-06-18 13:28:59",-17.4,-17.4,-15.3,-15.7,-16.2,-16.1,-15.7,-15.9,-16,-16,-15.9,-9999,-9999,-9999,-9999,-9999,-9999,-9999,-9999,-9999,0.11505227535963058
"2025-06-18 13:29:10",-17.4,-17.4,-15.3,-15.7,-16.2,-16.1,-15.6,-15.8,-16,-16,-15.9,-9999,-9999,-9999,-9999,-9999,-9999,-9999,-9999,-9999,0.11503434181213379
"2025-06-18 13:29:20",-17.4,-17.4,-15.3,-15.6,-16.2,-16.1,-15.6,-15.9,-16,-16,-15.9,-9999,-9999,-9999,-9999,-9999,-9999,-9999,-9999,-9999,0.11499534547328949
"2025-06-18 13:29:30",-17.4,-17.4,-15.3,-15.6,-16.2,-16.1,-15.7,-15.9,-15.9,-16,-15.9,-9999,-9999,-9999,-9999,-9999,-9999,-9999,-9999,-9999,0.11498209834098816
"2025-06-18 13:29:41",-17.4,-17.4,-15.3,-15.7,-16.2,-16.1,-15.6,-15.8,-16,-16,-15.9,-9999,-9999,-9999,-9999,-9999,-9999,-9999,-9999,-9999,0.11495809257030487
"2025-06-18 13:29:51",-17.4,-17.4,-15.3,-15.6,-16.1,-16.1,-15.7,-15.9,-15.9,-16,-15.9,-9999,-9999,-9999,-9999,-9999,-9999,-9999,-9999,-9999,0.11492335796356201
"2025-06-18 13:30:02",-17.4,-17.4,-15.3,-15.6,-16.2,-16.1,-15.6,-15.8,-15.9,-16,-15.9,-9999,-9999,-9999,-9999,-9999,-9999,-9999,-9999,-9999,0.11489855498075485
"2025-06-18 13:30:12",-17.4,-17.4,-15.3,-15.6,-16.1,-16.1,-15.6,-15.8,-15.9,-16,-15.9,-9999,-9999,-9999,-9999,-9999,-9999,-9999,-9999,-9999,0.11486583948135376
"2025-06-18 13:30:22",-17.4,-17.4,-15.3,-15.6,-16.1,-16.1,-15.6,-15.8,-15.9,-16,-15.9,-9999,-9999,-9999,-9999,-9999,-9999,-9999,-9999,-9999,0.11485511064529419
"2025-06-18 13:30:33",-17.4,-17.4,-15.3,-15.6,-16.1,-16.1,-15.7,-15.8,-15.9,-16,-15.9,-9999,-9999,-9999,-9999,-9999,-9999,-9999,-9999,-9999,0.11480062454938889
"2025-06-18 13:30:43",-17.4,-17.4,-15.3,-15.6,-16.1,-16,-15.6,-15.8,-15.9,-16,-15.9,-9999,-9999,-9999,-9999,-9999,-9999,-9999,-9999,-9999,0.11479341983795166
"2025-06-18 13:30:54",-17.4,-17.4,-15.3,-15.6,-16.2,-16.1,-15.6,-15.8,-15.9,-16,-15.9,-9999,-9999,-9999,-9999,-9999,-9999,-9999,-9999,-9999,0.11475788801908493
"2025-06-18 13:31:04",-17.4,-17.4,-15.3,-15.6,-16.1,-16,-15.6,-15.8,-15.9,-16,-15.9,-9999,-9999,-9999,-9999,-9999,-9999,-9999,-9999,-9999,0.11473173648118973
"2025-06-18 13:31:14",-17.4,-17.4,-15.4,-15.7,-16.2,-16.1,-15.6,-15.8,-15.9,-16,-15.9,-9999,-9999,-9999,-9999,-9999,-9999,-9999,-9999,-9999,0.11469206213951111
"2025-06-18 13:31:25",-17.4,-17.4,-15.3,-15.6,-16.1,-16,-15.6,-15.8,-15.9,-16,-15.9,-9999,-9999,-9999,-9999,-9999,-9999,-9999,-9999,-9999,0.11467360705137253
"2025-06-18 13:31:35",-17.4,-17.4,-15.4,-15.6,-16.1,-16.1,-15.6,-15.8,-15.9,-16,-15.9,-9999,-9999,-9999,-9999,-9999,-9999,-9999,-9999,-9999,0.11464687436819077
"2025-06-18 13:31:45",-17.4,-17.4,-15.3,-15.7,-16.1,-16,-15.6,-15.8,-15.9,-16,-15.9,-9999,-9999,-9999,-9999,-9999,-9999,-9999,-9999,-9999,0.11461032927036285
"2025-06-18 13:31:56",-17.4,-17.4,-15.3,-15.7,-16.1,-16,-15.6,-15.8,-15.9,-16,-15.9,-9999,-9999,-9999,-9999,-9999,-9999,-9999,-9999,-9999,0.11458267271518707
"2025-06-18 13:32:06",-17.4,-17.4,-15.3,-15.7,-16.1,-16,-15.6,-15.8,-15.9,-16,-15.9,-9999,-9999,-9999,-9999,-9999,-9999,-9999,-9999,-9999,0.11455633491277695
"2025-06-18 13:32:17",-17.4,-17.4,-15.4,-15.7,-16.2,-16,-15.6,-15.8,-15.9,-16,-15.9,-9999,-9999,-9999,-9999,-9999,-9999,-9999,-9999,-9999,0.1145256757736206
"2025-06-18 13:32:27",-17.4,-17.4,-15.4,-15.7,-16.2,-16.1,-15.6,-15.8,-15.9,-16,-15.9,-9999,-9999,-9999,-9999,-9999,-9999,-9999,-9999,-9999,0.11449790000915527
"2025-06-18 13:32:37",-17.4,-17.4,-15.3,-15.7,-16.1,-16,-15.6,-15.8,-15.9,-16,-15.9,-9999,-9999,-9999,-9999,-9999,-9999,-9999,-9999,-9999,0.11446843296289444
"2025-06-18 13:32:48",-17.4,-17.4,-15.3,-15.7,-16.1,-16,-15.6,-15.8,-15.9,-16,-15.9,-9999,-9999,-9999,-9999,-9999,-9999,-9999,-9999,-9999,0.11443977057933807
"2025-06-18 13:32:58",-17.4,-17.4,-15.3,-15.6,-16.1,-16,-15.6,-15.8,-15.9,-16,-15.9,-9999,-9999,-9999,-9999,-9999,-9999,-9999,-9999,-9999,0.11439966410398483
"2025-06-18 13:33:08",-17.4,-17.4,-15.3,-15.6,-16.1,-16,-15.6,-15.8,-15.9,-16,-15.9,-9999,-9999,-9999,-9999,-9999,-9999,-9999,-9999,-9999,0.11436646431684494
"2025-06-18 13:33:19",-17.4,-17.4,-15.4,-15.7,-16.1,-16,-15.6,-15.8,-15.9,-16,-15.9,-9999,-9999,-9999,-9999,-9999,-9999,-9999,-9999,-9999,0.11434328556060791
"2025-06-18 13:33:29",-17.4,-17.4,-15.4,-15.6,-16.1,-16,-15.6,-15.8,-15.9,-16,-15.9,-9999,-9999,-9999,-9999,-9999,-9999,-9999,-9999,-9999,0.11431066691875458
"2025-06-18 13:33:40",-17.4,-17.4,-15.4,-15.7,-16.1,-16.1,-15.6,-15.8,-15.9,-16,-15.9,-9999,-9999,-9999,-9999,-9999,-9999,-9999,-9999,-9999,0.11428837478160858
"2025-06-18 13:33:50",-17.4,-17.4,-15.4,-15.7,-16.1,-16,-15.6,-15.8,-15.9,-16,-15.9,-9999,-9999,-9999,-9999,-9999,-9999,-9999,-9999,-9999,0.11425719410181046
"2025-06-18 13:34:00",-17.4,-17.4,-15.4,-15.7,-16.1,-16,-15.6,-15.8,-15.9,-16,-15.9,-9999,-9999,-9999,-9999,-9999,-9999,-9999,-9999,-9999,0.11423288285732269
"2025-06-18 13:34:11",-17.4,-17.4,-15.4,-15.6,-16.1,-16,-15.6,-15.8,-15.9,-16,-15.9,-9999,-9999,-9999,-9999,-9999,-9999,-9999,-9999,-9999,0.11420068889856339
"2025-06-18 13:34:21",-17.4,-17.4,-15.4,-15.7,-16.1,-16,-15.6,-15.8,-15.9,-16,-15.9,-9999,-9999,-9999,-9999,-9999,-9999,-9999,-9999,-9999,0.11417456716299057
"2025-06-18 13:34:32",-17.4,-17.4,-15.3,-15.6,-16.1,-16,-15.6,-15.8,-15.9,-16,-15.9,-9999,-9999,-9999,-9999,-9999,-9999,-9999,-9999,-9999,0.11414032429456711
"2025-06-18 13:34:42",-17.4,-17.4,-15.4,-15.7,-16.1,-16,-15.6,-15.8,-15.9,-16,-15.9,-9999,-9999,-9999,-9999,-9999,-9999,-9999,-9999,-9999,0.11411208659410477
"2025-06-18 13:34:52",-17.5,-17.4,-15.4,-15.7,-16.1,-16,-15.6,-15.8,-15.9,-16,-15.9,-9999,-9999,-9999,-9999,-9999,-9999,-9999,-9999,-9999,0.11408412456512451
"2025-06-18 13:35:03",-17.4,-17.4,-15.4,-15.7,-16.1,-16,-15.6,-15.8,-15.9,-16,-15.9,-9999,-9999,-9999,-9999,-9999,-9999,-9999,-9999,-9999,0.11405576020479202
"2025-06-18 13:35:13",-17.4,-17.4,-15.4,-15.7,-16.1,-16.1,-15.6,-15.8,-16,-16,-15.9,-9999,-9999,-9999,-9999,-9999,-9999,-9999,-9999,-9999,0.11403632164001465
"2025-06-18 13:35:23",-17.4,-17.4,-15.4,-15.7,-16.1,-16,-15.6,-15.8,-15.9,-16,-15.9,-9999,-9999,-9999,-9999,-9999,-9999,-9999,-9999,-9999,0.11400968581438065
"2025-06-18 13:35:34",-17.4,-17.4,-15.4,-15.7,-16.1,-16,-15.6,-15.8,-15.9,-16,-15.9,-9999,-9999,-9999,-9999,-9999,-9999,-9999,-9999,-9999,0.1139732301235199
"2025-06-18 13:35:44",-17.4,-17.4,-15.4,-15.7,-16.1,-16,-15.7,-15.8,-16,-16,-15.9,-9999,-9999,-9999,-9999,-9999,-9999,-9999,-9999,-9999,0.11394931375980377
"2025-06-18 13:35:55",-17.4,-17.4,-15.4,-15.7,-16.2,-16,-15.7,-15.8,-16,-16,-15.9,-9999,-9999,-9999,-9999,-9999,-9999,-9999,-9999,-9999,0.11392442137002945
"2025-06-18 13:36:05",-17.4,-17.4,-15.4,-15.7,-16.1,-16,-15.6,-15.8,-15.9,-16,-15.9,-9999,-9999,-9999,-9999,-9999,-9999,-9999,-9999,-9999,0.11389464884996414
"2025-06-18 13:36:15",-17.4,-17.4,-15.4,-15.7,-16.1,-16,-15.7,-15.8,-16,-16,-15.9,-9999,-9999,-9999,-9999,-9999,-9999,-9999,-9999,-9999,0.11386901885271072
"2025-06-18 13:36:26",-17.4,-17.4,-15.4,-15.7,-16.1,-16.1,-15.7,-15.8,-16,-16,-15.9,-9999,-9999,-9999,-9999,-9999,-9999,-9999,-9999,-9999,0.11384391039609909
"2025-06-18 13:36:36",-17.4,-17.4,-15.4,-15.7,-16.1,-16.1,-15.6,-15.8,-16,-16,-15.9,-9999,-9999,-9999,-9999,-9999,-9999,-9999,-9999,-9999,0.1138283908367157
"2025-06-18 13:36:46",-17.4,-17.4,-15.4,-15.7,-16.1,-16,-15.6,-15.8,-15.9,-16,-15.9,-9999,-9999,-9999,-9999,-9999,-9999,-9999,-9999,-9999,0.11379528045654297
"2025-06-18 13:36:57",-17.4,-17.4,-15.4,-15.7,-16.2,-16.1,-15.7,-15.8,-15.9,-16,-15.9,-9999,-9999,-9999,-9999,-9999,-9999,-9999,-9999,-9999,0.11376309394836426
"2025-06-18 13:37:07",-17.4,-17.4,-15.4,-15.7,-16.1,-16,-15.6,-15.8,-16,-16,-15.9,-9999,-9999,-9999,-9999,-9999,-9999,-9999,-9999,-9999,0.11374849826097488
"2025-06-18 13:37:18",-17.4,-17.4,-15.4,-15.7,-16.1,-16,-15.6,-15.8,-15.9,-16,-15.9,-9999,-9999,-9999,-9999,-9999,-9999,-9999,-9999,-9999,0.11371670663356781
"2025-06-18 13:37:28",-17.4,-17.4,-15.4,-15.7,-16.1,-16,-15.6,-15.8,-15.9,-16,-15.9,-9999,-9999,-9999,-9999,-9999,-9999,-9999,-9999,-9999,0.11369950324296951
"2025-06-18 13:37:38",-17.4,-17.4,-15.4,-15.7,-16.2,-16.1,-15.6,-15.8,-15.9,-16,-15.9,-9999,-9999,-9999,-9999,-9999,-9999,-9999,-9999,-9999,0.1136787161231041
"2025-06-18 13:37:49",-17.4,-17.4,-15.4,-15.7,-16.2,-16.1,-15.6,-15.8,-15.9,-16,-15.9,-9999,-9999,-9999,-9999,-9999,-9999,-9999,-9999,-9999,0.11364845931529999
"2025-06-18 13:37:59",-17.4,-17.4,-15.4,-15.7,-16.2,-16,-15.6,-15.8,-15.9,-16,-15.9,-9999,-9999,-9999,-9999,-9999,-9999,-9999,-9999,-9999,0.11362101882696152
"2025-06-18 13:38:10",-17.4,-17.4,-15.4,-15.7,-16.1,-16,-15.6,-15.8,-15.9,-16,-15.9,-9999,-9999,-9999,-9999,-9999,-9999,-9999,-9999,-9999,0.11359164118766785
"2025-06-18 13:38:20",-17.4,-17.4,-15.4,-15.7,-16.1,-16,-15.7,-15.8,-15.9,-16,-15.9,-9999,-9999,-9999,-9999,-9999,-9999,-9999,-9999,-9999,0.11356794834136963
"2025-06-18 13:38:30",-17.4,-17.4,-15.4,-15.7,-16.1,-16.1,-15.7,-15.8,-15.9,-16,-15.9,-9999,-9999,-9999,-9999,-9999,-9999,-9999,-9999,-9999,0.11353400349617004
"2025-06-18 13:38:41",-17.4,-17.4,-15.4,-15.7,-16.2,-16,-15.6,-15.8,-15.9,-16,-15.9,-9999,-9999,-9999,-9999,-9999,-9999,-9999,-9999,-9999,0.11351202428340912
"2025-06-18 13:38:51",-17.4,-17.4,-15.4,-15.7,-16.1,-16,-15.6,-15.8,-15.9,-16,-15.9,-9999,-9999,-9999,-9999,-9999,-9999,-9999,-9999,-9999,0.1134895458817482
"2025-06-18 13:39:01",-17.4,-17.4,-15.4,-15.7,-16.1,-16,-15.6,-15.8,-15.9,-16,-15.9,-9999,-9999,-9999,-9999,-9999,-9999,-9999,-9999,-9999,0.11346404254436493
"2025-06-18 13:39:12",-17.4,-17.4,-15.4,-15.7,-16.1,-16,-15.6,-15.8,-15.9,-16,-15.9,-9999,-9999,-9999,-9999,-9999,-9999,-9999,-9999,-9999,0.11345036327838898
"2025-06-18 13:39:22",-17.4,-17.4,-15.4,-15.7,-16.1,-16,-15.6,-15.8,-15.9,-16,-15.9,-9999,-9999,-9999,-9999,-9999,-9999,-9999,-9999,-9999,0.11341329663991928
"2025-06-18 13:39:33",-17.3,-17.4,-15.4,-15.7,-16.1,-16,-15.6,-15.8,-15.9,-16,-15.9,-9999,-9999,-9999,-9999,-9999,-9999,-9999,-9999,-9999,0.11338423192501068
"2025-06-18 13:39:43",-17.4,-17.4,-15.4,-15.7,-16.1,-16.1,-15.6,-15.8,-15.9,-16,-15.9,-9999,-9999,-9999,-9999,-9999,-9999,-9999,-9999,-9999,0.11335829645395279
"2025-06-18 13:39:53",-17.4,-17.4,-15.4,-15.7,-16.1,-16,-15.6,-15.8,-15.9,-16,-15.9,-9999,-9999,-9999,-9999,-9999,-9999,-9999,-9999,-9999,0.11334303021430969
"2025-06-18 13:40:04",-17.4,-17.4,-15.4,-15.7,-16.2,-16.1,-15.6,-15.8,-16,-16,-15.9,-9999,-9999,-9999,-9999,-9999,-9999,-9999,-9999,-9999,0.1133151575922966
"2025-06-18 13:40:14",-17.3,-17.4,-15.4,-15.7,-16.1,-16.1,-15.7,-15.8,-16,-16,-15.9,-9999,-9999,-9999,-9999,-9999,-9999,-9999,-9999,-9999,0.11329185962677002
"2025-06-18 13:40:24",-17.3,-17.3,-15.4,-15.7,-16.1,-16.1,-15.7,-15.9,-16,-16,-15.9,-9999,-9999,-9999,-9999,-9999,-9999,-9999,-9999,-9999,0.1132754534482956
"2025-06-18 13:40:35",-17.4,-17.4,-15.4,-15.7,-16.1,-16.1,-15.7,-15.8,-16,-16,-15.9,-9999,-9999,-9999,-9999,-9999,-9999,-9999,-9999,-9999,0.1132502555847168
"2025-06-18 13:40:45",-17.3,-17.4,-15.4,-15.7,-16.2,-16.1,-15.7,-15.9,-16,-16,-15.9,-9999,-9999,-9999,-9999,-9999,-9999,-9999,-9999,-9999,0.11321410536766052
"2025-06-18 13:40:56",-17.3,-17.4,-15.4,-15.7,-16.1,-16.1,-15.7,-15.9,-16,-16,-15.9,-9999,-9999,-9999,-9999,-9999,-9999,-9999,-9999,-9999,0.11319920420646667
"2025-06-18 13:41:06",-17.4,-17.4,-15.4,-15.7,-16.1,-16.1,-15.7,-15.9,-16,-16,-15.9,-9999,-9999,-9999,-9999,-9999,-9999,-9999,-9999,-9999,0.11317409574985504
"2025-06-18 13:41:16",-17.4,-17.4,-15.4,-15.7,-16.2,-16.1,-15.7,-15.8,-16,-16,-15.9,-9999,-9999,-9999,-9999,-9999,-9999,-9999,-9999,-9999,0.11314938217401505
"2025-06-18 13:41:27",-17.4,-17.4,-15.4,-15.7,-16.2,-16.1,-15.7,-15.8,-15.9,-16,-15.9,-9999,-9999,-9999,-9999,-9999,-9999,-9999,-9999,-9999,0.11312893778085709
"2025-06-18 13:41:37",-17.4,-17.4,-15.4,-15.7,-16.2,-16.1,-15.7,-15.8,-16,-16,-15.9,-9999,-9999,-9999,-9999,-9999,-9999,-9999,-9999,-9999,0.11311504989862442
"2025-06-18 13:41:47",-17.4,-17.4,-15.4,-15.7,-16.2,-16.1,-15.7,-15.8,-15.9,-16,-15.9,-9999,-9999,-9999,-9999,-9999,-9999,-9999,-9999,-9999,0.11309349536895752
"2025-06-18 13:41:58",-17.4,-17.4,-15.4,-15.7,-16.2,-16.1,-15.6,-15.8,-16,-16,-15.9,-9999,-9999,-9999,-9999,-9999,-9999,-9999,-9999,-9999,0.11305783689022064
"2025-06-18 13:42:08",-17.3,-17.4,-15.4,-15.7,-16.2,-16.1,-15.6,-15.8,-16,-16,-15.9,-9999,-9999,-9999,-9999,-9999,-9999,-9999,-9999,-9999,0.11303827911615372
"2025-06-18 13:42:19",-17.4,-17.4,-15.4,-15.7,-16.2,-16.1,-15.6,-15.8,-16,-16,-15.9,-9999,-9999,-9999,-9999,-9999,-9999,-9999,-9999,-9999,0.1130182221531868
"2025-06-18 13:42:29",-17.4,-17.4,-15.4,-15.8,-16.2,-16.1,-15.6,-15.8,-15.9,-16,-15.9,-9999,-9999,-9999,-9999,-9999,-9999,-9999,-9999,-9999,0.11299514025449753
"2025-06-18 13:42:39",-17.3,-17.3,-15.4,-15.7,-16.2,-16.1,-15.6,-15.8,-16,-16,-15.9,-9999,-9999,-9999,-9999,-9999,-9999,-9999,-9999,-9999,0.11297763139009476
"2025-06-18 13:42:50",-17.3,-17.3,-15.4,-15.7,-16.2,-16.1,-15.6,-15.8,-15.9,-16,-15.9,-9999,-9999,-9999,-9999,-9999,-9999,-9999,-9999,-9999,0.11295169591903687
"2025-06-18 13:43:00",-17.3,-17.4,-15.4,-15.7,-16.2,-16.1,-15.6,-15.8,-16,-16,-15.9,-9999,-9999,-9999,-9999,-9999,-9999,-9999,-9999,-9999,0.11293946206569672
"2025-06-18 13:43:11",-17.3,-17.4,-15.4,-15.7,-16.2,-16.1,-15.6,-15.8,-16,-16,-15.9,-9999,-9999,-9999,-9999,-9999,-9999,-9999,-9999,-9999,0.1129106730222702
"2025-06-18 13:43:21",-17.3,-17.3,-15.4,-15.7,-16.1,-16.1,-15.7,-15.8,-15.9,-16,-15.9,-9999,-9999,-9999,-9999,-9999,-9999,-9999,-9999,-9999,0.1128951907157898
"2025-06-18 13:43:31",-17.4,-17.3,-15.4,-15.7,-16.2,-16.1,-15.6,-15.8,-15.9,-16,-15.9,-9999,-9999,-9999,-9999,-9999,-9999,-9999,-9999,-9999,0.1128728985786438
"2025-06-18 13:43:42",-17.4,-17.3,-15.4,-15.7,-16.2,-16.1,-15.6,-15.8,-15.9,-16,-15.9,-9999,-9999,-9999,-9999,-9999,-9999,-9999,-9999,-9999,0.11285579204559326
"2025-06-18 13:43:52",-17.3,-17.3,-15.4,-15.7,-16.1,-16.1,-15.6,-15.8,-15.9,-16,-15.9,-9999,-9999,-9999,-9999,-9999,-9999,-9999,-9999,-9999,0.11282522231340408
"2025-06-18 13:44:02",-17.3,-17.4,-15.4,-15.8,-16.2,-16.1,-15.6,-15.8,-15.9,-16,-15.9,-9999,-9999,-9999,-9999,-9999,-9999,-9999,-9999,-9999,0.11279766261577606
"2025-06-18 13:44:13",-17.4,-17.4,-15.4,-15.7,-16.2,-16.1,-15.6,-15.8,-15.9,-16,-15.9,-9999,-9999,-9999,-9999,-9999,-9999,-9999,-9999,-9999,0.11277132481336594
"2025-06-18 13:44:23",-17.4,-17.4,-15.4,-15.7,-16.2,-16.1,-15.6,-15.8,-15.9,-16,-15.9,-9999,-9999,-9999,-9999,-9999,-9999,-9999,-9999,-9999,0.11275158077478409
"2025-06-18 13:44:33",-17.4,-17.4,-15.4,-15.7,-16.2,-16.1,-15.6,-15.8,-16,-16,-15.9,-9999,-9999,-9999,-9999,-9999,-9999,-9999,-9999,-9999,0.11272677779197693
"2025-06-18 13:44:44",-17.4,-17.4,-15.4,-15.8,-16.2,-16.1,-15.6,-15.8,-15.9,-16,-15.9,-9999,-9999,-9999,-9999,-9999,-9999,-9999,-9999,-9999,0.11271623522043228
"2025-06-18 13:44:54",-17.4,-17.4,-15.4,-15.7,-16.2,-16.1,-15.6,-15.8,-16,-16,-15.9,-9999,-9999,-9999,-9999,-9999,-9999,-9999,-9999,-9999,0.11269111931324005
"2025-06-18 13:45:05",-17.4,-17.4,-15.4,-15.7,-16.1,-16.1,-15.6,-15.8,-15.9,-16,-15.9,-9999,-9999,-9999,-9999,-9999,-9999,-9999,-9999,-9999,0.11268091201782227
"2025-06-18 13:45:15",-17.3,-17.4,-15.4,-15.8,-16.2,-16.1,-15.6,-15.8,-15.9,-16,-15.9,-9999,-9999,-9999,-9999,-9999,-9999,-9999,-9999,-9999,0.11263452470302582
"2025-06-18 13:45:25",-17.3,-17.3,-15.4,-15.8,-16.2,-16.1,-15.6,-15.8,-15.9,-16,-15.9,-9999,-9999,-9999,-9999,-9999,-9999,-9999,-9999,-9999,0.11261821538209915
"2025-06-18 13:45:36",-17.3,-17.3,-15.4,-15.7,-16.2,-16.1,-15.6,-15.8,-15.9,-16,-15.9,-9999,-9999,-9999,-9999,-9999,-9999,-9999,-9999,-9999,0.11260049790143967
"2025-06-18 13:45:46",-17.4,-17.4,-15.4,-15.8,-16.2,-16.1,-15.6,-15.8,-16,-16,-15.9,-9999,-9999,-9999,-9999,-9999,-9999,-9999,-9999,-9999,0.11258906126022339
"2025-06-18 13:45:57",-17.4,-17.4,-15.4,-15.8,-16.2,-16.1,-15.6,-15.8,-15.9,-16,-15.9,-9999,-9999,-9999,-9999,-9999,-9999,-9999,-9999,-9999,0.11255481094121933
"2025-06-18 13:46:07",-17.3,-17.3,-15.4,-15.8,-16.2,-16.1,-15.6,-15.8,-15.9,-16,-15.9,-9999,-9999,-9999,-9999,-9999,-9999,-9999,-9999,-9999,0.11254227161407471
"2025-06-18 13:46:17",-17.3,-17.4,-15.4,-15.7,-16.1,-16.1,-15.6,-15.8,-15.9,-16,-15.9,-9999,-9999,-9999,-9999,-9999,-9999,-9999,-9999,-9999,0.1125154122710228
"2025-06-18 13:46:28",-17.3,-17.4,-15.4,-15.8,-16.1,-16.1,-15.6,-15.8,-15.9,-16,-15.9,-9999,-9999,-9999,-9999,-9999,-9999,-9999,-9999,-9999,0.11249852180480957
"2025-06-18 13:46:38",-17.3,-17.3,-15.4,-15.8,-16.2,-16.1,-15.6,-15.8,-15.9,-16,-15.9,-9999,-9999,-9999,-9999,-9999,-9999,-9999,-9999,-9999,0.11246924102306366
"2025-06-18 13:46:49",-17.4,-17.4,-15.4,-15.8,-16.2,-16.1,-15.6,-15.8,-15.9,-16,-15.9,-9999,-9999,-9999,-9999,-9999,-9999,-9999,-9999,-9999,0.11245222389698029
"2025-06-18 13:46:59",-17.4,-17.4,-15.4,-15.8,-16.2,-16.1,-15.6,-15.8,-15.9,-16,-15.9,-9999,-9999,-9999,-9999,-9999,-9999,-9999,-9999,-9999,0.1124289259314537
"2025-06-18 13:47:09",-17.4,-17.4,-15.4,-15.8,-16.2,-16.1,-15.6,-15.8,-15.9,-16,-15.9,-9999,-9999,-9999,-9999,-9999,-9999,-9999,-9999,-9999,0.1124071553349495
"2025-06-18 13:47:20",-17.4,-17.4,-15.4,-15.7,-16.2,-16.1,-15.6,-15.8,-15.9,-16,-15.9,-9999,-9999,-9999,-9999,-9999,-9999,-9999,-9999,-9999,0.11238297075033188
"2025-06-18 13:47:30",-17.4,-17.4,-15.4,-15.8,-16.2,-16.1,-15.6,-15.8,-15.9,-16,-15.9,-9999,-9999,-9999,-9999,-9999,-9999,-9999,-9999,-9999,0.11237607151269913
"2025-06-18 13:47:40",-17.4,-17.4,-15.4,-15.8,-16.2,-16.1,-15.6,-15.8,-15.9,-16,-15.9,-9999,-9999,-9999,-9999,-9999,-9999,-9999,-9999,-9999,0.11235380917787552
"2025-06-18 13:47:51",-17.4,-17.4,-15.4,-15.8,-16.2,-16.1,-15.6,-15.8,-15.9,-16,-15.9,-9999,-9999,-9999,-9999,-9999,-9999,-9999,-9999,-9999,0.11232726275920868
"2025-06-18 13:48:01",-17.4,-17.3,-15.4,-15.8,-16.1,-16.1,-15.6,-15.8,-15.9,-16,-15.9,-9999,-9999,-9999,-9999,-9999,-9999,-9999,-9999,-9999,0.1123206689953804
"2025-06-18 13:48:12",-17.4,-17.3,-15.4,-15.7,-16.2,-16.1,-15.6,-15.8,-15.9,-16,-15.9,-9999,-9999,-9999,-9999,-9999,-9999,-9999,-9999,-9999,0.1122971847653389
"2025-06-18 13:48:22",-17.4,-17.4,-15.4,-15.8,-16.2,-16.1,-15.6,-15.8,-15.9,-16,-15.9,-9999,-9999,-9999,-9999,-9999,-9999,-9999,-9999,-9999,0.1122787594795227
"2025-06-18 13:48:32",-17.4,-17.4,-15.4,-15.8,-16.2,-16.1,-15.6,-15.8,-15.9,-16,-15.9,-9999,-9999,-9999,-9999,-9999,-9999,-9999,-9999,-9999,0.11225251108407974
"2025-06-18 13:48:43",-17.3,-17.3,-15.4,-15.8,-16.2,-16.1,-15.6,-15.8,-15.9,-16,-15.9,-9999,-9999,-9999,-9999,-9999,-9999,-9999,-9999,-9999,0.11222902685403824
"2025-06-18 13:48:53",-17.3,-17.4,-15.4,-15.8,-16.2,-16.1,-15.6,-15.8,-15.9,-16,-15.9,-9999,-9999,-9999,-9999,-9999,-9999,-9999,-9999,-9999,0.1121971383690834
"2025-06-18 13:49:03",-17.4,-17.4,-15.4,-15.8,-16.2,-16.1,-15.6,-15.8,-15.9,-16,-15.9,-9999,-9999,-9999,-9999,-9999,-9999,-9999,-9999,-9999,0.1121908575296402
"2025-06-18 13:49:14",-17.4,-17.4,-15.4,-15.8,-16.2,-16.1,-15.6,-15.8,-15.9,-16,-15.9,-9999,-9999,-9999,-9999,-9999,-9999,-9999,-9999,-9999,0.11216562241315842
"2025-06-18 13:49:24",-17.4,-17.4,-15.4,-15.8,-16.2,-16.1,-15.6,-15.8,-15.9,-16,-15.9,-9999,-9999,-9999,-9999,-9999,-9999,-9999,-9999,-9999,0.11214406788349152
"2025-06-18 13:49:35",-17.4,-17.4,-15.4,-15.7,-16.2,-16.1,-15.6,-15.8,-15.9,-16,-15.9,-9999,-9999,-9999,-9999,-9999,-9999,-9999,-9999,-9999,0.11211895942687988
"2025-06-18 13:49:45",-17.4,-17.3,-15.4,-15.8,-16.2,-16.1,-15.6,-15.8,-15.9,-16,-15.9,-9999,-9999,-9999,-9999,-9999,-9999,-9999,-9999,-9999,0.11210617423057556
"2025-06-18 13:49:55",-17.4,-17.4,-15.4,-15.8,-16.2,-16.1,-15.6,-15.8,-15.9,-16,-15.9,-9999,-9999,-9999,-9999,-9999,-9999,-9999,-9999,-9999,0.1120850220322609
"2025-06-18 13:50:06",-17.4,-17.4,-15.4,-15.8,-16.2,-16.1,-15.6,-15.8,-15.9,-16,-15.9,-9999,-9999,-9999,-9999,-9999,-9999,-9999,-9999,-9999,0.1120610162615776
"2025-06-18 13:50:16",-17.4,-17.4,-15.4,-15.7,-16.2,-16.1,-15.6,-15.8,-15.9,-16,-15.9,-9999,-9999,-9999,-9999,-9999,-9999,-9999,-9999,-9999,0.11204197257757187
"2025-06-18 13:50:26",-17.4,-17.4,-15.4,-15.8,-16.2,-16.1,-15.6,-15.8,-15.9,-16,-15.9,-9999,-9999,-9999,-9999,-9999,-9999,-9999,-9999,-9999,0.11201818287372589
"2025-06-18 13:50:37",-17.4,-17.4,-15.4,-15.8,-16.1,-16,-15.6,-15.8,-15.9,-16,-15.9,-9999,-9999,-9999,-9999,-9999,-9999,-9999,-9999,-9999,0.11200126260519028
"2025-06-18 13:50:47",-17.4,-17.4,-15.4,-15.8,-16.1,-16.1,-15.6,-15.8,-15.9,-16,-15.9,-9999,-9999,-9999,-9999,-9999,-9999,-9999,-9999,-9999,0.11198396980762482
"2025-06-18 13:50:58",-17.4,-17.4,-15.4,-15.8,-16.1,-16.1,-15.6,-15.8,-15.9,-16,-15.9,-9999,-9999,-9999,-9999,-9999,-9999,-9999,-9999,-9999,0.11196713894605637
"2025-06-18 13:51:08",-17.4,-17.3,-15.4,-15.8,-16.2,-16.1,-15.6,-15.8,-15.9,-16,-15.9,-9999,-9999,-9999,-9999,-9999,-9999,-9999,-9999,-9999,0.11194413900375366
"2025-06-18 13:51:18",-17.4,-17.4,-15.4,-15.8,-16.2,-16.1,-15.6,-15.8,-15.9,-16,-15.9,-9999,-9999,-9999,-9999,-9999,-9999,-9999,-9999,-9999,0.11191630363464355
"2025-06-18 13:51:29",-17.4,-17.4,-15.5,-15.8,-16.2,-16.1,-15.6,-15.8,-15.9,-16,-15.9,-9999,-9999,-9999,-9999,-9999,-9999,-9999,-9999,-9999,0.11189757287502289
"2025-06-18 13:51:39",-17.4,-17.4,-15.4,-15.8,-16.2,-16.1,-15.6,-15.8,-15.9,-16,-15.9,-9999,-9999,-9999,-9999,-9999,-9999,-9999,-9999,-9999,0.1118815690279007
"2025-06-18 13:51:50",-17.4,-17.4,-15.4,-15.8,-16.2,-16.1,-15.6,-15.8,-15.9,-16,-15.9,-9999,-9999,-9999,-9999,-9999,-9999,-9999,-9999,-9999,0.11184652149677277
"2025-06-18 13:52:00",-17.4,-17.4,-15.4,-15.8,-16.2,-16.1,-15.6,-15.8,-15.9,-16,-15.9,-9999,-9999,-9999,-9999,-9999,-9999,-9999,-9999,-9999,0.11184247583150864
"2025-06-18 13:52:10",-17.4,-17.4,-15.4,-15.8,-16.2,-16.1,-15.6,-15.8,-15.9,-16,-15.9,-9999,-9999,-9999,-9999,-9999,-9999,-9999,-9999,-9999,0.111822210252285
"2025-06-18 13:52:21",-17.4,-17.4,-15.5,-15.8,-16.2,-16.1,-15.6,-15.8,-15.9,-16,-15.9,-9999,-9999,-9999,-9999,-9999,-9999,-9999,-9999,-9999,0.11180317401885986
"2025-06-18 13:52:31",-17.4,-17.4,-15.5,-15.8,-16.2,-16.1,-15.6,-15.8,-15.9,-16,-15.9,-9999,-9999,-9999,-9999,-9999,-9999,-9999,-9999,-9999,0.11177705228328705
"2025-06-18 13:52:41",-17.4,-17.4,-15.5,-15.8,-16.2,-16.1,-15.6,-15.8,-15.9,-16,-15.9,-9999,-9999,-9999,-9999,-9999,-9999,-9999,-9999,-9999,0.11176583170890808
"2025-06-18 13:52:52",-17.4,-17.4,-15.4,-15.8,-16.2,-16.1,-15.6,-15.8,-15.9,-16,-15.9,-9999,-9999,-9999,-9999,-9999,-9999,-9999,-9999,-9999,0.11174314469099045
"2025-06-18 13:53:02",-17.4,-17.4,-15.4,-15.8,-16.2,-16.1,-15.6,-15.8,-15.9,-16,-15.9,-9999,-9999,-9999,-9999,-9999,-9999,-9999,-9999,-9999,0.11171579360961914
"2025-06-18 13:53:13",-17.4,-17.4,-15.4,-15.8,-16.1,-16.1,-15.6,-15.8,-15.9,-16,-15.9,-9999,-9999,-9999,-9999,-9999,-9999,-9999,-9999,-9999,0.11169491708278656
"2025-06-18 13:53:23",-17.4,-17.4,-15.5,-15.8,-16.2,-16.1,-15.6,-15.8,-15.9,-16,-15.9,-9999,-9999,-9999,-9999,-9999,-9999,-9999,-9999,-9999,0.11168136447668076
"2025-06-18 13:53:33",-17.4,-17.4,-15.4,-15.8,-16.2,-16.1,-15.6,-15.8,-15.9,-16,-15.9,-9999,-9999,-9999,-9999,-9999,-9999,-9999,-9999,-9999,0.11166566610336304
"2025-06-18 13:53:44",-17.4,-17.4,-15.4,-15.8,-16.2,-16.1,-15.6,-15.8,-15.9,-16,-15.9,-9999,-9999,-9999,-9999,-9999,-9999,-9999,-9999,-9999,0.1116342693567276
"2025-06-18 13:53:54",-17.4,-17.4,-15.4,-15.8,-16.2,-16.1,-15.6,-15.8,-15.9,-16,-15.9,-9999,-9999,-9999,-9999,-9999,-9999,-9999,-9999,-9999,0.11162596195936203
"2025-06-18 13:54:04",-17.4,-17.4,-15.4,-15.8,-16.2,-16.1,-15.6,-15.8,-15.9,-16,-15.9,-9999,-9999,-9999,-9999,-9999,-9999,-9999,-9999,-9999,0.11160063743591309
"2025-06-18 13:54:15",-17.4,-17.4,-15.5,-15.8,-16.2,-16.1,-15.6,-15.8,-15.9,-16,-15.9,-9999,-9999,-9999,-9999,-9999,-9999,-9999,-9999,-9999,0.11158282309770584
"2025-06-18 13:54:25",-17.4,-17.4,-15.4,-15.8,-16.2,-16.1,-15.6,-15.8,-15.9,-16.1,-15.9,-9999,-9999,-9999,-9999,-9999,-9999,-9999,-9999,-9999,0.1115557849407196
"2025-06-18 13:54:36",-17.4,-17.4,-15.4,-15.8,-16.2,-16.1,-15.6,-15.8,-15.9,-16,-15.9,-9999,-9999,-9999,-9999,-9999,-9999,-9999,-9999,-9999,0.11153784394264221
"2025-06-18 13:54:46",-17.5,-17.4,-15.5,-15.8,-16.2,-16.1,-15.7,-15.8,-15.9,-16,-15.9,-9999,-9999,-9999,-9999,-9999,-9999,-9999,-9999,-9999,0.11152631789445877
"2025-06-18 13:54:56",-17.4,-17.4,-15.4,-15.8,-16.2,-16.1,-15.6,-15.8,-16,-16,-15.9,-9999,-9999,-9999,-9999,-9999,-9999,-9999,-9999,-9999,0.11150525510311127
"2025-06-18 13:55:07",-17.4,-17.4,-15.5,-15.8,-16.1,-16.1,-15.6,-15.8,-16,-16,-15.9,-9999,-9999,-9999,-9999,-9999,-9999,-9999,-9999,-9999,0.11148753762245178
"2025-06-18 13:55:17",-17.4,-17.4,-15.5,-15.8,-16.2,-16.1,-15.6,-15.8,-15.9,-16,-15.9,-9999,-9999,-9999,-9999,-9999,-9999,-9999,-9999,-9999,0.11146331578493118
"2025-06-18 13:55:28",-17.5,-17.4,-15.5,-15.8,-16.2,-16.1,-15.6,-15.8,-16,-16,-15.9,-9999,-9999,-9999,-9999,-9999,-9999,-9999,-9999,-9999,0.11144458502531052
"2025-06-18 13:55:38",-17.4,-17.4,-15.5,-15.8,-16.2,-16.1,-15.6,-15.8,-15.9,-16,-15.9,-9999,-9999,-9999,-9999,-9999,-9999,-9999,-9999,-9999,0.11142189055681229
"2025-06-18 13:55:48",-17.4,-17.4,-15.5,-15.8,-16.2,-16.1,-15.6,-15.8,-15.9,-16,-15.9,-9999,-9999,-9999,-9999,-9999,-9999,-9999,-9999,-9999,0.11140862107276917
"2025-06-18 13:55:59",-17.5,-17.4,-15.5,-15.8,-16.2,-16.1,-15.6,-15.8,-16,-16,-15.9,-9999,-9999,-9999,-9999,-9999,-9999,-9999,-9999,-9999,0.11140021681785583
"2025-06-18 13:56:09",-17.5,-17.4,-15.5,-15.8,-16.2,-16.1,-15.6,-15.8,-16,-16,-15.9,-9999,-9999,-9999,-9999,-9999,-9999,-9999,-9999,-9999,0.11137185990810394
"2025-06-18 13:56:19",-17.5,-17.4,-15.5,-15.8,-16.2,-16.1,-15.6,-15.8,-15.9,-16,-15.9,-9999,-9999,-9999,-9999,-9999,-9999,-9999,-9999,-9999,0.11136072874069214
"2025-06-18 13:56:30",-17.4,-17.4,-15.4,-15.8,-16.2,-16.1,-15.6,-15.8,-15.9,-16,-15.9,-9999,-9999,-9999,-9999,-9999,-9999,-9999,-9999,-9999,0.11133328825235367
"2025-06-18 13:56:40",-17.5,-17.4,-15.5,-15.8,-16.2,-16.1,-15.6,-15.8,-15.9,-16,-15.9,-9999,-9999,-9999,-9999,-9999,-9999,-9999,-9999,-9999,0.11131667345762253
"2025-06-18 13:56:51",-17.5,-17.4,-15.5,-15.8,-16.2,-16.1,-15.6,-15.8,-15.9,-16,-15.9,-9999,-9999,-9999,-9999,-9999,-9999,-9999,-9999,-9999,0.11129055172204971
"2025-06-18 13:57:01",-17.5,-17.4,-15.5,-15.8,-16.2,-16.1,-15.6,-15.8,-15.9,-16,-15.9,-9999,-9999,-9999,-9999,-9999,-9999,-9999,-9999,-9999,0.11127718538045883
"2025-06-18 13:57:11",-17.4,-17.4,-15.5,-15.8,-16.1,-16.1,-15.6,-15.8,-15.9,-16,-15.9,-9999,-9999,-9999,-9999,-9999,-9999,-9999,-9999,-9999,0.11126360297203064
"2025-06-18 13:57:22",-17.5,-17.4,-15.5,-15.8,-16.2,-16.1,-15.6,-15.8,-15.9,-16,-15.9,-9999,-9999,-9999,-9999,-9999,-9999,-9999,-9999,-9999,0.11124064028263092
"2025-06-18 13:57:32",-17.5,-17.4,-15.5,-15.8,-16.2,-16.1,-15.6,-15.8,-15.9,-16,-15.9,-9999,-9999,-9999,-9999,-9999,-9999,-9999,-9999,-9999,0.11121641844511032
"2025-06-18 13:57:42",-17.5,-17.4,-15.5,-15.8,-16.2,-16.1,-15.6,-15.8,-15.9,-16,-15.9,-9999,-9999,-9999,-9999,-9999,-9999,-9999,-9999,-9999,0.11119799315929413
"2025-06-18 13:57:53",-17.5,-17.4,-15.5,-15.8,-16.2,-16.1,-15.6,-15.8,-15.9,-16,-15.9,-9999,-9999,-9999,-9999,-9999,-9999,-9999,-9999,-9999,0.11119099706411362
"2025-06-18 13:58:03",-17.5,-17.5,-15.5,-15.8,-16.2,-16.1,-15.6,-15.8,-15.9,-16,-15.9,-9999,-9999,-9999,-9999,-9999,-9999,-9999,-9999,-9999,0.11116549372673035
"2025-06-18 13:58:14",-17.5,-17.4,-15.5,-15.8,-16.2,-16.1,-15.6,-15.8,-15.9,-16,-15.9,-9999,-9999,-9999,-9999,-9999,-9999,-9999,-9999,-9999,0.11115068197250366
"2025-06-18 13:58:24",-17.5,-17.4,-15.5,-15.8,-16.2,-16.1,-15.6,-15.8,-15.9,-16,-15.9,-9999,-9999,-9999,-9999,-9999,-9999,-9999,-9999,-9999,0.11113924533128738
"2025-06-18 13:58:34",-17.5,-17.4,-15.5,-15.8,-16.2,-16.1,-15.6,-15.8,-15.9,-16,-15.9,-9999,-9999,-9999,-9999,-9999,-9999,-9999,-9999,-9999,0.11111058294773102
"2025-06-18 13:58:45",-17.5,-17.5,-15.5,-15.8,-16.2,-16.1,-15.6,-15.8,-16,-16.1,-16,-9999,-9999,-9999,-9999,-9999,-9999,-9999,-9999,-9999,0.11109782755374908
"2025-06-18 13:58:55",-17.5,-17.4,-15.5,-15.8,-16.2,-16.1,-15.6,-15.8,-16,-16.1,-15.9,-9999,-9999,-9999,-9999,-9999,-9999,-9999,-9999,-9999,0.1110721006989479
"2025-06-18 13:59:05",-17.5,-17.4,-15.5,-15.8,-16.1,-16.1,-15.6,-15.8,-15.9,-16,-15.9,-9999,-9999,-9999,-9999,-9999,-9999,-9999,-9999,-9999,0.11106370389461517
"2025-06-18 13:59:16",-17.5,-17.4,-15.5,-15.8,-16.2,-16.1,-15.7,-15.8,-16,-16,-15.9,-9999,-9999,-9999,-9999,-9999,-9999,-9999,-9999,-9999,0.11104536801576614
"2025-06-18 13:59:26",-17.4,-17.4,-15.5,-15.8,-16.2,-16.1,-15.7,-15.8,-16,-16,-15.9,-9999,-9999,-9999,-9999,-9999,-9999,-9999,-9999,-9999,0.11101001501083374
"2025-06-18 13:59:37",-17.4,-17.4,-15.5,-15.8,-16.2,-16.1,-15.7,-15.8,-16,-16,-15.9,-9999,-9999,-9999,-9999,-9999,-9999,-9999,-9999,-9999,0.1109861359000206
"2025-06-18 13:59:47",-17.4,-17.4,-15.5,-15.8,-16.2,-16.1,-15.6,-15.8,-16,-16.1,-16,-9999,-9999,-9999,-9999,-9999,-9999,-9999,-9999,-9999,0.11096972972154617
"2025-06-18 13:59:57",-17.4,-17.4,-15.5,-15.8,-16.2,-16.1,-15.6,-15.8,-16,-16.1,-15.9,-9999,-9999,-9999,-9999,-9999,-9999,-9999,-9999,-9999,0.11096464097499847
"2025-06-18 14:00:08",-17.5,-17.4,-15.5,-15.8,-16.2,-16.1,-15.7,-15.8,-16,-16.1,-15.9,-9999,-9999,-9999,-9999,-9999,-9999,-9999,-9999,-9999,0.1109509989619255
"2025-06-18 14:00:18",-17.4,-17.4,-15.5,-15.8,-16.2,-16.1,-15.6,-15.9,-16,-16,-16,-9999,-9999,-9999,-9999,-9999,-9999,-9999,-9999,-9999,0.11092273145914078
"2025-06-18 14:00:28",-17.5,-17.4,-15.5,-15.8,-16.2,-16.1,-15.6,-15.8,-16,-16.1,-15.9,-9999,-9999,-9999,-9999,-9999,-9999,-9999,-9999,-9999,0.11090004444122314
"2025-06-18 14:00:39",-17.5,-17.4,-15.5,-15.8,-16.2,-16.1,-15.7,-15.9,-16,-16.1,-16,-9999,-9999,-9999,-9999,-9999,-9999,-9999,-9999,-9999,0.11088980734348297
"2025-06-18 14:00:49",-17.5,-17.4,-15.5,-15.8,-16.2,-16.1,-15.7,-15.8,-16,-16.1,-15.9,-9999,-9999,-9999,-9999,-9999,-9999,-9999,-9999,-9999,0.11086530983448029
"2025-06-18 14:01:00",-17.4,-17.4,-15.5,-15.8,-16.2,-16.1,-15.7,-15.8,-16,-16.1,-15.9,-9999,-9999,-9999,-9999,-9999,-9999,-9999,-9999,-9999,0.11084727942943573
"2025-06-18 14:01:10",-17.4,-17.4,-15.5,-15.8,-16.2,-16.1,-15.6,-15.8,-16,-16.1,-15.9,-9999,-9999,-9999,-9999,-9999,-9999,-9999,-9999,-9999,0.11083482950925827
"2025-06-18 14:01:20",-17.4,-17.4,-15.5,-15.8,-16.2,-16.1,-15.7,-15.8,-15.9,-16.1,-15.9,-9999,-9999,-9999,-9999,-9999,-9999,-9999,-9999,-9999,0.11081073433160782
"2025-06-18 14:01:31",-17.4,-17.4,-15.5,-15.8,-16.1,-16.1,-15.6,-15.8,-16,-16.1,-16,-9999,-9999,-9999,-9999,-9999,-9999,-9999,-9999,-9999,0.11078166961669922
"2025-06-18 14:01:41",-17.5,-17.4,-15.5,-15.8,-16.2,-16.1,-15.6,-15.8,-16,-16.1,-15.9,-9999,-9999,-9999,-9999,-9999,-9999,-9999,-9999,-9999,0.11076799780130386
"2025-06-18 14:01:52",-17.5,-17.4,-15.5,-15.8,-16.2,-16.1,-15.6,-15.8,-16,-16.1,-15.9,-9999,-9999,-9999,-9999,-9999,-9999,-9999,-9999,-9999,0.11073660105466843
"2025-06-18 14:02:02",-17.4,-17.4,-15.5,-15.8,-16.1,-16.1,-15.6,-15.8,-16,-16.1,-15.9,-9999,-9999,-9999,-9999,-9999,-9999,-9999,-9999,-9999,0.11074631661176682
"2025-06-18 14:02:12",-17.5,-17.4,-15.5,-15.8,-16.2,-16.1,-15.6,-15.8,-16,-16,-15.9,-9999,-9999,-9999,-9999,-9999,-9999,-9999,-9999,-9999,0.11070520430803299
"2025-06-18 14:02:23",-17.5,-17.4,-15.5,-15.8,-16.2,-16.1,-15.6,-15.8,-16,-16.1,-15.9,-9999,-9999,-9999,-9999,-9999,-9999,-9999,-9999,-9999,0.11068423092365265
"2025-06-18 14:02:33",-17.4,-17.4,-15.5,-15.8,-16.2,-16.1,-15.6,-15.9,-16,-16.1,-15.9,-9999,-9999,-9999,-9999,-9999,-9999,-9999,-9999,-9999,0.110680490732193
"2025-06-18 14:02:43",-17.5,-17.4,-15.5,-15.8,-16.2,-16.1,-15.6,-15.8,-16,-16,-15.9,-9999,-9999,-9999,-9999,-9999,-9999,-9999,-9999,-9999,0.11066712439060211
"2025-06-18 14:02:54",-17.5,-17.4,-15.5,-15.8,-16.2,-16.1,-15.7,-15.9,-16,-16.1,-15.9,-9999,-9999,-9999,-9999,-9999,-9999,-9999,-9999,-9999,0.110646553337574
"2025-06-18 14:03:04",-17.5,-17.4,-15.5,-15.8,-16.2,-16.1,-15.6,-15.9,-16,-16.1,-15.9,-9999,-9999,-9999,-9999,-9999,-9999,-9999,-9999,-9999,0.11062227189540863
"2025-06-18 14:03:15",-17.4,-17.4,-15.5,-15.8,-16.2,-16.1,-15.6,-15.8,-16,-16.1,-15.9,-9999,-9999,-9999,-9999,-9999,-9999,-9999,-9999,-9999,0.11060789227485657
"2025-06-18 14:03:25",-17.5,-17.4,-15.5,-15.8,-16.2,-16.1,-15.7,-15.9,-16,-16.1,-15.9,-9999,-9999,-9999,-9999,-9999,-9999,-9999,-9999,-9999,0.11058913171291351
"2025-06-18 14:03:35",-17.5,-17.4,-15.5,-15.8,-16.2,-16.1,-15.7,-15.9,-16,-16.1,-15.9,-9999,-9999,-9999,-9999,-9999,-9999,-9999,-9999,-9999,0.11057426035404205
"2025-06-18 14:03:46",-17.5,-17.4,-15.5,-15.8,-16.2,-16.1,-15.7,-15.9,-16,-16.1,-15.9,-9999,-9999,-9999,-9999,-9999,-9999,-9999,-9999,-9999,0.11056889593601227
"2025-06-18 14:03:56",-17.5,-17.5,-15.5,-15.8,-16.1,-16.1,-15.7,-15.9,-16,-16.1,-15.9,-9999,-9999,-9999,-9999,-9999,-9999,-9999,-9999,-9999,0.11054670065641403
"2025-06-18 14:04:06",-17.5,-17.4,-15.5,-15.8,-16.2,-16.1,-15.7,-15.9,-16,-16,-15.9,-9999,-9999,-9999,-9999,-9999,-9999,-9999,-9999,-9999,0.11053293198347092
"2025-06-18 14:04:17",-17.5,-17.4,-15.5,-15.8,-16.2,-16.1,-15.7,-15.9,-16,-16.1,-15.9,-9999,-9999,-9999,-9999,-9999,-9999,-9999,-9999,-9999,0.11051662266254425
"2025-06-18 14:04:27",-17.4,-17.4,-15.5,-15.8,-16.2,-16.1,-15.7,-15.9,-16,-16.1,-15.9,-9999,-9999,-9999,-9999,-9999,-9999,-9999,-9999,-9999,0.11049546301364899
"2025-06-18 14:04:38",-17.4,-17.4,-15.5,-15.8,-16.2,-16.1,-15.7,-15.9,-16,-16,-15.9,-9999,-9999,-9999,-9999,-9999,-9999,-9999,-9999,-9999,0.11047845333814621
"2025-06-18 14:04:48",-17.5,-17.4,-15.5,-15.8,-16.2,-16.1,-15.6,-15.8,-16,-16,-15.9,-9999,-9999,-9999,-9999,-9999,-9999,-9999,-9999,-9999,0.11045800149440765
"2025-06-18 14:04:58",-17.5,-17.4,-15.5,-15.8,-16.2,-16.1,-15.6,-15.8,-16,-16.1,-15.9,-9999,-9999,-9999,-9999,-9999,-9999,-9999,-9999,-9999,0.11044687032699585
"2025-06-18 14:05:09",-17.5,-17.4,-15.5,-15.8,-16.2,-16.1,-15.6,-15.8,-16,-16,-15.9,-9999,-9999,-9999,-9999,-9999,-9999,-9999,-9999,-9999,0.11041596531867981
"2025-06-18 14:05:19",-17.4,-17.4,-15.5,-15.8,-16.2,-16.1,-15.6,-15.9,-16,-16,-15.9,-9999,-9999,-9999,-9999,-9999,-9999,-9999,-9999,-9999,0.1103997752070427
"2025-06-18 14:05:30",-17.5,-17.4,-15.5,-15.8,-16.2,-16.1,-15.7,-15.8,-16,-16,-15.9,-9999,-9999,-9999,-9999,-9999,-9999,-9999,-9999,-9999,0.11040036380290985
"2025-06-18 14:05:40",-17.4,-17.4,-15.5,-15.8,-16.2,-16.1,-15.7,-15.8,-16,-16.1,-15.9,-9999,-9999,-9999,-9999,-9999,-9999,-9999,-9999,-9999,0.11037454754114151
"2025-06-18 14:05:50",-17.5,-17.4,-15.5,-15.8,-16.2,-16.1,-15.6,-15.9,-16,-16.1,-15.9,-9999,-9999,-9999,-9999,-9999,-9999,-9999,-9999,-9999,0.11035986244678497
"2025-06-18 14:06:01",-17.4,-17.4,-15.5,-15.8,-16.2,-16.1,-15.7,-15.8,-16,-16,-15.9,-9999,-9999,-9999,-9999,-9999,-9999,-9999,-9999,-9999,0.11035510897636414
"2025-06-18 14:06:11",-17.5,-17.4,-15.5,-15.8,-16.2,-16.1,-15.6,-15.9,-16,-16.1,-15.9,-9999,-9999,-9999,-9999,-9999,-9999,-9999,-9999,-9999,0.11033110320568085
"2025-06-18 14:06:21",-17.4,-17.4,-15.5,-15.8,-16.1,-16.1,-15.6,-15.8,-16,-16.1,-16,-9999,-9999,-9999,-9999,-9999,-9999,-9999,-9999,-9999,0.11032380163669586
"2025-06-18 14:06:32",-17.5,-17.4,-15.5,-15.8,-16.2,-16.1,-15.6,-15.8,-16,-16.1,-16,-9999,-9999,-9999,-9999,-9999,-9999,-9999,-9999,-9999,0.11031389981508255
"2025-06-18 14:06:42",-17.4,-17.4,-15.5,-15.8,-16.2,-16.1,-15.6,-15.8,-16,-16,-15.9,-9999,-9999,-9999,-9999,-9999,-9999,-9999,-9999,-9999,0.11030437052249908
"2025-06-18 14:06:53",-17.4,-17.4,-15.5,-15.8,-16.2,-16.1,-15.6,-15.8,-16,-16,-15.9,-9999,-9999,-9999,-9999,-9999,-9999,-9999,-9999,-9999,0.11028493195772171
"2025-06-18 14:07:03",-17.4,-17.4,-15.5,-15.8,-16.2,-16.1,-15.6,-15.8,-16,-16,-15.9,-9999,-9999,-9999,-9999,-9999,-9999,-9999,-9999,-9999,0.11026984453201294
"2025-06-18 14:07:13",-17.5,-17.4,-15.5,-15.7,-16.2,-16.1,-15.6,-15.8,-16,-16.1,-15.9,-9999,-9999,-9999,-9999,-9999,-9999,-9999,-9999,-9999,0.11025384068489075
"2025-06-18 14:07:24",-17.5,-17.4,-15.5,-15.7,-16.1,-16.1,-15.6,-15.8,-16,-16,-15.9,-9999,-9999,-9999,-9999,-9999,-9999,-9999,-9999,-9999,0.11023612320423126
"2025-06-18 14:07:34",-17.4,-17.4,-15.5,-15.8,-16.2,-16,-15.6,-15.8,-16,-16,-15.9,-9999,-9999,-9999,-9999,-9999,-9999,-9999,-9999,-9999,0.1102205142378807
"2025-06-18 14:07:45",-17.4,-17.4,-15.5,-15.8,-16.1,-16,-15.7,-15.8,-16,-16,-15.9,-9999,-9999,-9999,-9999,-9999,-9999,-9999,-9999,-9999,0.11021594703197479
"2025-06-18 14:07:55",-17.4,-17.4,-15.5,-15.8,-16.2,-16.1,-15.6,-15.9,-16,-16,-15.9,-9999,-9999,-9999,-9999,-9999,-9999,-9999,-9999,-9999,0.11019904911518097
"2025-06-18 14:08:05",-17.4,-17.4,-15.5,-15.7,-16.2,-16.1,-15.6,-15.8,-16,-16,-16,-9999,-9999,-9999,-9999,-9999,-9999,-9999,-9999,-9999,0.11019095778465271
"2025-06-18 14:08:16",-17.5,-17.4,-15.5,-15.8,-16.1,-16.1,-15.6,-15.8,-16,-16,-15.9,-9999,-9999,-9999,-9999,-9999,-9999,-9999,-9999,-9999,0.11017090827226639
"2025-06-18 14:08:26",-17.4,-17.4,-15.5,-15.8,-16.1,-16.1,-15.6,-15.8,-16,-16,-15.9,-9999,-9999,-9999,-9999,-9999,-9999,-9999,-9999,-9999,0.11015781760215759
"2025-06-18 14:08:36",-17.4,-17.4,-15.5,-15.8,-16.1,-16.1,-15.6,-15.8,-16,-16,-15.9,-9999,-9999,-9999,-9999,-9999,-9999,-9999,-9999,-9999,0.11014445126056671
"2025-06-18 14:08:47",-17.4,-17.4,-15.5,-15.8,-16.1,-16.1,-15.6,-15.8,-16,-16,-15.9,-9999,-9999,-9999,-9999,-9999,-9999,-9999,-9999,-9999,0.1101284772157669
"2025-06-18 14:08:57",-17.4,-17.4,-15.5,-15.8,-16.1,-16.1,-15.7,-15.8,-16,-16,-15.9,-9999,-9999,-9999,-9999,-9999,-9999,-9999,-9999,-9999,0.11011802405118942
"2025-06-18 14:09:08",-17.4,-17.4,-15.5,-15.8,-16.1,-16,-15.6,-15.8,-15.9,-16,-15.9,-9999,-9999,-9999,-9999,-9999,-9999,-9999,-9999,-9999,0.11009009182453156
"2025-06-18 14:09:18",-17.4,-17.4,-15.5,-15.8,-16.1,-16.1,-15.6,-15.8,-15.9,-16,-15.9,-9999,-9999,-9999,-9999,-9999,-9999,-9999,-9999,-9999,0.11008460074663162
"2025-06-18 14:09:28",-17.5,-17.4,-15.5,-15.8,-16.1,-16.1,-15.6,-15.8,-15.9,-16,-15.9,-9999,-9999,-9999,-9999,-9999,-9999,-9999,-9999,-9999,0.11006872355937958
"2025-06-18 14:09:39",-17.4,-17.4,-15.5,-15.8,-16.2,-16.1,-15.6,-15.8,-16,-16,-15.9,-9999,-9999,-9999,-9999,-9999,-9999,-9999,-9999,-9999,0.11006010323762894
"2025-06-18 14:09:49",-17.4,-17.4,-15.5,-15.8,-16.1,-16.1,-15.6,-15.8,-16,-16.1,-15.9,-9999,-9999,-9999,-9999,-9999,-9999,-9999,-9999,-9999,0.1100459098815918
"2025-06-18 14:09:59",-17.4,-17.4,-15.5,-15.8,-16.1,-16.1,-15.6,-15.8,-15.9,-16,-15.9,-9999,-9999,-9999,-9999,-9999,-9999,-9999,-9999,-9999,0.11003873497247696
"2025-06-18 14:10:10",-17.4,-17.4,-15.5,-15.8,-16.2,-16.1,-15.6,-15.8,-16,-16,-16,-9999,-9999,-9999,-9999,-9999,-9999,-9999,-9999,-9999,0.11002162843942642
"2025-06-18 14:10:20",-17.4,-17.4,-15.5,-15.8,-16.1,-16.1,-15.6,-15.8,-16,-16,-15.9,-9999,-9999,-9999,-9999,-9999,-9999,-9999,-9999,-9999,0.10999608784914017
"2025-06-18 14:10:31",-17.5,-17.4,-15.5,-15.8,-16.1,-16.1,-15.6,-15.8,-16,-16,-16,-9999,-9999,-9999,-9999,-9999,-9999,-9999,-9999,-9999,0.10998082160949707
"2025-06-18 14:10:41",-17.5,-17.4,-15.5,-15.8,-16.1,-16.1,-15.7,-15.8,-15.9,-16,-15.9,-9999,-9999,-9999,-9999,-9999,-9999,-9999,-9999,-9999,0.10996583104133606
"2025-06-18 14:10:51",-17.5,-17.4,-15.5,-15.8,-16.1,-16.1,-15.7,-15.8,-15.9,-16,-15.9,-9999,-9999,-9999,-9999,-9999,-9999,-9999,-9999,-9999,0.10995651036500931
"2025-06-18 14:11:02",-17.4,-17.4,-15.4,-15.8,-16.1,-16,-15.6,-15.8,-16,-16,-16,-9999,-9999,-9999,-9999,-9999,-9999,-9999,-9999,-9999,0.10994323343038559
"2025-06-18 14:11:12",-17.4,-17.4,-15.5,-15.7,-16.1,-16.1,-15.6,-15.8,-16,-16,-15.9,-9999,-9999,-9999,-9999,-9999,-9999,-9999,-9999,-9999,0.10993179678916931
"2025-06-18 14:11:22",-17.4,-17.4,-15.4,-15.8,-16.2,-16.1,-15.6,-15.9,-16,-16,-16,-9999,-9999,-9999,-9999,-9999,-9999,-9999,-9999,-9999,0.1099112257361412
"2025-06-18 14:11:33",-17.4,-17.4,-15.5,-15.7,-16.1,-16,-15.6,-15.8,-15.9,-16,-16,-9999,-9999,-9999,-9999,-9999,-9999,-9999,-9999,-9999,0.10989310592412949
"2025-06-18 14:11:43",-17.5,-17.4,-15.5,-15.8,-16.1,-16,-15.6,-15.8,-16,-16,-16,-9999,-9999,-9999,-9999,-9999,-9999,-9999,-9999,-9999,0.10988185554742813
"2025-06-18 14:11:54",-17.4,-17.4,-15.5,-15.8,-16.2,-16,-15.6,-15.8,-15.9,-16,-15.9,-9999,-9999,-9999,-9999,-9999,-9999,-9999,-9999,-9999,0.10985977947711945
"2025-06-18 14:12:04",-17.4,-17.4,-15.5,-15.8,-16.1,-16.1,-15.6,-15.8,-16,-16,-15.9,-9999,-9999,-9999,-9999,-9999,-9999,-9999,-9999,-9999,0.10985119640827179
"2025-06-18 14:12:14",-17.4,-17.4,-15.5,-15.8,-16.1,-16.1,-15.6,-15.8,-16,-16,-15.9,-9999,-9999,-9999,-9999,-9999,-9999,-9999,-9999,-9999,0.1098351925611496
"2025-06-18 14:12:25",-17.4,-17.4,-15.5,-15.8,-16.1,-16.1,-15.6,-15.8,-16,-16,-15.9,-9999,-9999,-9999,-9999,-9999,-9999,-9999,-9999,-9999,0.10981167107820511
"2025-06-18 14:12:35",-17.4,-17.4,-15.5,-15.8,-16.1,-16.1,-15.6,-15.8,-16,-16,-15.9,-9999,-9999,-9999,-9999,-9999,-9999,-9999,-9999,-9999,0.10979364812374115
"2025-06-18 14:12:46",-17.4,-17.4,-15.5,-15.8,-16.1,-16.1,-15.6,-15.8,-16,-16,-16,-9999,-9999,-9999,-9999,-9999,-9999,-9999,-9999,-9999,0.10977460443973541
"2025-06-18 14:12:56",-17.4,-17.4,-15.5,-15.8,-16.1,-16.1,-15.6,-15.8,-15.9,-16,-15.9,-9999,-9999,-9999,-9999,-9999,-9999,-9999,-9999,-9999,0.10975731164216995
"2025-06-18 14:13:06",-17.5,-17.4,-15.5,-15.8,-16.1,-16.1,-15.6,-15.8,-15.9,-16,-16,-9999,-9999,-9999,-9999,-9999,-9999,-9999,-9999,-9999,0.10974352061748505
"2025-06-18 14:13:17",-17.4,-17.4,-15.5,-15.8,-16.2,-16.1,-15.6,-15.8,-15.9,-16,-15.9,-9999,-9999,-9999,-9999,-9999,-9999,-9999,-9999,-9999,0.10972429811954498
"2025-06-18 14:13:27",-17.4,-17.4,-15.5,-15.8,-16.1,-16.1,-15.6,-15.8,-15.9,-16,-16,-9999,-9999,-9999,-9999,-9999,-9999,-9999,-9999,-9999,0.10971313714981079
"2025-06-18 14:13:37",-17.4,-17.4,-15.5,-15.8,-16.2,-16.1,-15.6,-15.8,-15.9,-16.1,-15.9,-9999,-9999,-9999,-9999,-9999,-9999,-9999,-9999,-9999,0.10970240831375122
"2025-06-18 14:13:48",-17.4,-17.4,-15.5,-15.8,-16.2,-16.1,-15.6,-15.8,-15.9,-16.1,-16,-9999,-9999,-9999,-9999,-9999,-9999,-9999,-9999,-9999,0.10968520492315292
"2025-06-18 14:13:58",-17.5,-17.4,-15.5,-15.8,-16.2,-16.1,-15.6,-15.8,-16,-16,-15.9,-9999,-9999,-9999,-9999,-9999,-9999,-9999,-9999,-9999,0.10966312885284424
"2025-06-18 14:14:09",-17.5,-17.4,-15.5,-15.8,-16.1,-16.1,-15.6,-15.8,-15.9,-16,-16,-9999,-9999,-9999,-9999,-9999,-9999,-9999,-9999,-9999,0.10965411365032196
"2025-06-18 14:14:19",-17.5,-17.4,-15.5,-15.8,-16.1,-16.1,-15.6,-15.8,-15.9,-16,-15.9,-9999,-9999,-9999,-9999,-9999,-9999,-9999,-9999,-9999,0.1096329316496849
"2025-06-18 14:14:29",-17.4,-17.4,-15.5,-15.8,-16.1,-16.1,-15.6,-15.8,-15.9,-16,-15.9,-9999,-9999,-9999,-9999,-9999,-9999,-9999,-9999,-9999,0.1096198707818985
"2025-06-18 14:14:40",-17.5,-17.4,-15.5,-15.8,-16.2,-16.1,-15.6,-15.8,-15.9,-16,-16,-9999,-9999,-9999,-9999,-9999,-9999,-9999,-9999,-9999,0.10959941893815994
"2025-06-18 14:14:50",-17.4,-17.4,-15.5,-15.8,-16.1,-16.1,-15.6,-15.8,-15.9,-16,-15.9,-9999,-9999,-9999,-9999,-9999,-9999,-9999,-9999,-9999,0.10958077758550644
"2025-06-18 14:15:00",-17.5,-17.4,-15.5,-15.8,-16.1,-16.1,-15.6,-15.8,-15.9,-16,-15.9,-9999,-9999,-9999,-9999,-9999,-9999,-9999,-9999,-9999,0.10956103354692459
"2025-06-18 14:15:11",-17.4,-17.4,-15.5,-15.8,-16.1,-16,-15.6,-15.8,-15.9,-16,-16,-9999,-9999,-9999,-9999,-9999,-9999,-9999,-9999,-9999,0.10955343395471573
"2025-06-18 14:15:21",-17.4,-17.4,-15.5,-15.8,-16.1,-16.1,-15.6,-15.8,-15.9,-16,-15.9,-9999,-9999,-9999,-9999,-9999,-9999,-9999,-9999,-9999,0.10954301059246063
"2025-06-18 14:15:32",-17.5,-17.4,-15.5,-15.8,-16.1,-16,-15.6,-15.8,-15.9,-16,-15.9,-9999,-9999,-9999,-9999,-9999,-9999,-9999,-9999,-9999,0.10952813923358917
"2025-06-18 14:15:42",-17.5,-17.4,-15.5,-15.8,-16.1,-16,-15.6,-15.8,-15.9,-16,-15.9,-9999,-9999,-9999,-9999,-9999,-9999,-9999,-9999,-9999,0.10950088500976562
"2025-06-18 14:15:52",-17.5,-17.4,-15.5,-15.8,-16.1,-16.1,-15.6,-15.8,-15.9,-16,-15.9,-9999,-9999,-9999,-9999,-9999,-9999,-9999,-9999,-9999,0.10949631035327911
"2025-06-18 14:16:03",-17.5,-17.4,-15.5,-15.8,-16.1,-16.1,-15.6,-15.8,-15.9,-16.1,-15.9,-9999,-9999,-9999,-9999,-9999,-9999,-9999,-9999,-9999,0.10947524756193161
"2025-06-18 14:16:13",-17.5,-17.4,-15.5,-15.8,-16.1,-16,-15.6,-15.8,-15.9,-16,-15.9,-9999,-9999,-9999,-9999,-9999,-9999,-9999,-9999,-9999,0.10945703834295273
"2025-06-18 14:16:23",-17.5,-17.4,-15.5,-15.8,-16.1,-16.1,-15.6,-15.8,-15.9,-16,-16,-9999,-9999,-9999,-9999,-9999,-9999,-9999,-9999,-9999,0.10944661498069763
"2025-06-18 14:16:34",-17.5,-17.4,-15.5,-15.8,-16.1,-16.1,-15.6,-15.8,-15.9,-16,-15.9,-9999,-9999,-9999,-9999,-9999,-9999,-9999,-9999,-9999,0.10942423343658447
"2025-06-18 14:16:44",-17.5,-17.4,-15.5,-15.8,-16.1,-16,-15.6,-15.8,-15.9,-16.1,-15.9,-9999,-9999,-9999,-9999,-9999,-9999,-9999,-9999,-9999,0.10940872132778168
"2025-06-18 14:16:55",-17.5,-17.4,-15.5,-15.8,-16.1,-16.1,-15.6,-15.8,-16,-16.1,-16,-9999,-9999,-9999,-9999,-9999,-9999,-9999,-9999,-9999,0.10939473658800125
"2025-06-18 14:17:05",-17.5,-17.4,-15.5,-15.8,-16.2,-16.1,-15.6,-15.8,-16,-16,-16,-9999,-9999,-9999,-9999,-9999,-9999,-9999,-9999,-9999,0.10937146842479706
"2025-06-18 14:17:15",-17.5,-17.4,-15.5,-15.8,-16.1,-16.1,-15.6,-15.8,-16,-16.1,-16,-9999,-9999,-9999,-9999,-9999,-9999,-9999,-9999,-9999,0.10935798287391663
"2025-06-18 14:17:26",-17.5,-17.4,-15.5,-15.8,-16.1,-16,-15.6,-15.8,-16,-16.1,-16,-9999,-9999,-9999,-9999,-9999,-9999,-9999,-9999,-9999,0.10935261100530624
"2025-06-18 14:17:36",-17.5,-17.4,-15.5,-15.8,-15.2,-14.9,-15.6,-15.8,-15.9,-16.1,-16,-9999,-9999,-9999,-9999,-9999,-9999,-9999,-9999,-9999,0.1093539297580719
"2025-06-18 14:17:47",-17.5,-17.4,-15.5,-15.8,-14.5,-13.8,-15.6,-15.8,-15.9,-16.1,-16,-9999,-9999,-9999,-9999,-9999,-9999,-9999,-9999,-9999,0.10935362428426743
"2025-06-18 14:17:57",-17.5,-17.4,-15.5,-15.8,-13.7,-13.1,-15.6,-15.8,-15.9,-16.1,-15.9,-9999,-9999,-9999,-9999,-9999,-9999,-9999,-9999,-9999,0.10935331881046295
"2025-06-18 14:18:07",-17.5,-17.4,-15.5,-15.8,-13,-12.3,-15.6,-15.7,-15.9,-16.1,-15.9,-9999,-9999,-9999,-9999,-9999,-9999,-9999,-9999,-9999,0.10936800390481949
"2025-06-18 14:18:18",-17.5,-17.4,-15.5,-15.8,-12.2,-11.5,-15.6,-15.7,-15.9,-16,-15.9,-9999,-9999,-9999,-9999,-9999,-9999,-9999,-9999,-9999,0.10937732458114624
"2025-06-18 14:18:28",-17.5,-17.4,-15.5,-15.8,-11.6,-10.9,-15.6,-15.6,-15.9,-16.1,-15.9,-9999,-9999,-9999,-9999,-9999,-9999,-9999,-9999,-9999,0.10939393937587738
"2025-06-18 14:18:38",-17.5,-17.4,-15.5,-15.8,-10.9,-10.2,-15.6,-15.5,-15.9,-16,-15.9,-9999,-9999,-9999,-9999,-9999,-9999,-9999,-9999,-9999,0.1094021275639534
"2025-06-18 14:18:49",-17.5,-17.4,-15.5,-15.8,-10.4,-9.7,-15.6,-15.4,-15.8,-16,-15.9,-9999,-9999,-9999,-9999,-9999,-9999,-9999,-9999,-9999,0.10941549390554428
"2025-06-18 14:18:59",-17.5,-17.4,-15.5,-15.8,-9.8,-9.1,-15.6,-15.3,-15.8,-16,-15.9,-9999,-9999,-9999,-9999,-9999,-9999,-9999,-9999,-9999,0.10943597555160522
"2025-06-18 14:19:10",-17.5,-17.4,-15.5,-15.8,-9.3,-8.6,-15.5,-15.2,-15.8,-16,-15.8,-9999,-9999,-9999,-9999,-9999,-9999,-9999,-9999,-9999,0.10944204777479172
"2025-06-18 14:19:20",-17.5,-17.4,-15.5,-15.8,-8.8,-8.2,-15.5,-15,-15.8,-16,-15.8,-9999,-9999,-9999,-9999,-9999,-9999,-9999,-9999,-9999,0.10945519804954529
"2025-06-18 14:19:30",-17.5,-17.4,-15.5,-15.8,-8.3,-7.8,-15.5,-14.9,-15.7,-16,-15.8,-9999,-9999,-9999,-9999,-9999,-9999,-9999,-9999,-9999,0.10947221517562866
"2025-06-18 14:19:41",-17.5,-17.5,-15.5,-15.8,-7.9,-7.3,-15.5,-14.8,-15.7,-16,-15.7,-9999,-9999,-9999,-9999,-9999,-9999,-9999,-9999,-9999,0.10946908593177795
"2025-06-18 14:19:51",-17.5,-17.5,-15.5,-15.8,-7.5,-7,-15.4,-14.6,-15.6,-15.9,-15.7,-9999,-9999,-9999,-9999,-9999,-9999,-9999,-9999,-9999,0.10947880893945694
"2025-06-18 14:20:01",-17.5,-17.4,-15.5,-15.8,-7.1,-6.6,-15.3,-14.5,-15.6,-15.9,-15.6,-9999,-9999,-9999,-9999,-9999,-9999,-9999,-9999,-9999,0.10948830842971802
"2025-06-18 14:20:12",-17.5,-17.4,-15.5,-15.8,-6.7,-6.3,-15.3,-14.4,-15.5,-15.9,-15.6,-9999,-9999,-9999,-9999,-9999,-9999,-9999,-9999,-9999,0.10951323807239532
"2025-06-18 14:20:22",-17.5,-17.5,-15.5,-15.9,-6.4,-6.1,-15.2,-14.3,-15.5,-15.9,-15.6,-9999,-9999,-9999,-9999,-9999,-9999,-9999,-9999,-9999,0.10952102392911911
"2025-06-18 14:20:33",-17.5,-17.5,-15.5,-15.8,-6,-5.8,-15.2,-14.1,-15.4,-15.8,-15.5,-9999,-9999,-9999,-9999,-9999,-9999,-9999,-9999,-9999,0.10953693836927414
"2025-06-18 14:20:43",-17.5,-17.5,-15.5,-15.8,-5.8,-5.5,-15.1,-14,-15.3,-15.8,-15.5,-9999,-9999,-9999,-9999,-9999,-9999,-9999,-9999,-9999,0.10953187942504883
"2025-06-18 14:20:53",-17.5,-17.5,-15.5,-15.9,-5.5,-5.3,-15.1,-13.9,-15.3,-15.8,-15.4,-9999,-9999,-9999,-9999,-9999,-9999,-9999,-9999,-9999,0.10955153405666351
"2025-06-18 14:21:04",-17.5,-17.5,-15.6,-15.9,-5.2,-5,-15,-13.8,-15.2,-15.8,-15.3,-9999,-9999,-9999,-9999,-9999,-9999,-9999,-9999,-9999,0.10954362154006958
"2025-06-18 14:21:14",-17.6,-17.5,-15.5,-15.8,-4.9,-4.8,-14.9,-13.7,-15.1,-15.7,-15.3,-9999,-9999,-9999,-9999,-9999,-9999,-9999,-9999,-9999,0.1095617413520813
"2025-06-18 14:21:24",-17.5,-17.5,-15.6,-15.9,-4.7,-4.6,-14.9,-13.6,-15.1,-15.7,-15.2,-9999,-9999,-9999,-9999,-9999,-9999,-9999,-9999,-9999,0.10955588519573212
"2025-06-18 14:21:35",-17.5,-17.5,-15.6,-15.8,-4.5,-4.4,-14.8,-13.5,-15,-15.6,-15.2,-9999,-9999,-9999,-9999,-9999,-9999,-9999,-9999,-9999,0.10956661403179169
"2025-06-18 14:21:45",-17.5,-17.5,-15.5,-15.9,-4.3,-4.3,-14.7,-13.4,-15,-15.6,-15.1,-9999,-9999,-9999,-9999,-9999,-9999,-9999,-9999,-9999,0.1095561608672142
"2025-06-18 14:21:56",-17.5,-17.5,-15.6,-15.9,-4,-4.1,-14.7,-13.3,-14.9,-15.5,-15.1,-9999,-9999,-9999,-9999,-9999,-9999,-9999,-9999,-9999,0.10957492142915726
"2025-06-18 14:22:06",-17.6,-17.5,-15.5,-15.9,-3.9,-3.9,-14.6,-13.2,-14.8,-15.5,-15,-9999,-9999,-9999,-9999,-9999,-9999,-9999,-9999,-9999,0.10958240181207657
"2025-06-18 14:22:16",-17.5,-17.5,-15.6,-15.9,-3.7,-3.8,-14.5,-13.1,-14.8,-15.4,-15,-9999,-9999,-9999,-9999,-9999,-9999,-9999,-9999,-9999,0.10959000885486603
"2025-06-18 14:22:27",-17.5,-17.5,-15.6,-15.9,-3.5,-3.7,-14.5,-13,-14.7,-15.4,-14.9,-9999,-9999,-9999,-9999,-9999,-9999,-9999,-9999,-9999,0.10958737134933472
"2025-06-18 14:22:37",-17.5,-17.5,-15.6,-15.9,-3.3,-3.5,-14.4,-12.9,-14.6,-15.4,-14.8,-9999,-9999,-9999,-9999,-9999,-9999,-9999,-9999,-9999,0.10959920287132263
"2025-06-18 14:22:47",-17.5,-17.5,-15.6,-15.9,-3.2,-3.4,-14.3,-12.9,-14.6,-15.3,-14.8,-9999,-9999,-9999,-9999,-9999,-9999,-9999,-9999,-9999,0.10959941893815994
"2025-06-18 14:22:58",-17.6,-17.5,-15.5,-15.9,-3,-3.3,-14.2,-12.8,-14.5,-15.3,-14.7,-9999,-9999,-9999,-9999,-9999,-9999,-9999,-9999,-9999,0.10961763560771942
"2025-06-18 14:23:08",-17.5,-17.5,-15.6,-15.9,-2.9,-3.2,-14.2,-12.7,-14.4,-15.2,-14.7,-9999,-9999,-9999,-9999,-9999,-9999,-9999,-9999,-9999,0.10961247980594635
"2025-06-18 14:23:19",-17.5,-17.5,-15.6,-15.8,-2.7,-3.1,-14.1,-12.6,-14.4,-15.2,-14.6,-9999,-9999,-9999,-9999,-9999,-9999,-9999,-9999,-9999,0.10961885750293732
"2025-06-18 14:23:29",-17.5,-17.5,-15.6,-15.8,-2.6,-3,-14.1,-12.6,-14.3,-15.2,-14.6,-9999,-9999,-9999,-9999,-9999,-9999,-9999,-9999,-9999,0.10961560904979706
"2025-06-18 14:23:39",-17.5,-17.5,-15.6,-15.9,-2.5,-2.9,-14,-12.5,-14.3,-15.1,-14.5,-9999,-9999,-9999,-9999,-9999,-9999,-9999,-9999,-9999,0.10962259769439697
"2025-06-18 14:23:50",-17.5,-17.5,-15.6,-15.9,-2.4,-2.8,-13.9,-12.4,-14.3,-15.1,-14.5,-9999,-9999,-9999,-9999,-9999,-9999,-9999,-9999,-9999,0.10962443798780441
"2025-06-18 14:24:00",-17.6,-17.5,-15.5,-15.9,-2.3,-2.7,-13.9,-12.4,-14.2,-15.1,-14.4,-9999,-9999,-9999,-9999,-9999,-9999,-9999,-9999,-9999,0.10962594300508499
"2025-06-18 14:24:11",-17.5,-17.5,-15.6,-15.9,-2.2,-2.7,-13.8,-12.3,-14.1,-15,-14.4,-9999,-9999,-9999,-9999,-9999,-9999,-9999,-9999,-9999,0.10962575674057007
"2025-06-18 14:24:21",-17.5,-17.5,-15.6,-15.9,-2.1,-2.6,-13.8,-12.3,-14.1,-15,-14.3,-9999,-9999,-9999,-9999,-9999,-9999,-9999,-9999,-9999,0.10963161289691925
"2025-06-18 14:24:31",-17.6,-17.5,-15.6,-15.9,-2,-2.5,-13.7,-12.2,-14.1,-14.9,-14.3,-9999,-9999,-9999,-9999,-9999,-9999,-9999,-9999,-9999,0.10962958633899689
"2025-06-18 14:24:42",-17.5,-17.5,-15.6,-15.9,-1.9,-2.5,-13.7,-12.1,-14,-14.9,-14.2,-9999,-9999,-9999,-9999,-9999,-9999,-9999,-9999,-9999,0.10962097346782684
"2025-06-18 14:24:52",-17.6,-17.5,-15.6,-15.9,-1.9,-2.4,-13.6,-12.1,-14,-14.9,-14.2,-9999,-9999,-9999,-9999,-9999,-9999,-9999,-9999,-9999,0.10961916297674179
"2025-06-18 14:25:02",-17.5,-17.5,-15.6,-15.9,-1.8,-2.3,-13.6,-12,-13.9,-14.8,-14.1,-9999,-9999,-9999,-9999,-9999,-9999,-9999,-9999,-9999,0.10962361097335815
"2025-06-18 14:25:13",-17.5,-17.5,-15.6,-15.9,-1.7,-2.3,-13.6,-12,-13.9,-14.8,-14.1,-9999,-9999,-9999,-9999,-9999,-9999,-9999,-9999,-9999,0.1096242219209671
"2025-06-18 14:25:23",-17.5,-17.5,-15.6,-15.8,-1.6,-2.2,-13.5,-12,-13.8,-14.8,-14,-9999,-9999,-9999,-9999,-9999,-9999,-9999,-9999,-9999,0.10962888598442078
"2025-06-18 14:25:34",-17.5,-17.5,-15.6,-15.8,-1.5,-2.2,-13.4,-11.9,-13.8,-14.7,-14,-9999,-9999,-9999,-9999,-9999,-9999,-9999,-9999,-9999,0.10962940752506256
"2025-06-18 14:25:44",-17.5,-17.5,-15.6,-15.8,-1.5,-2.1,-13.4,-11.9,-13.8,-14.7,-14,-9999,-9999,-9999,-9999,-9999,-9999,-9999,-9999,-9999,0.1096298024058342
"2025-06-18 14:25:54",-17.5,-17.4,-15.6,-15.9,-1.4,-2.1,-13.4,-11.9,-13.7,-14.7,-13.9,-9999,-9999,-9999,-9999,-9999,-9999,-9999,-9999,-9999,0.10961643606424332
"2025-06-18 14:26:05",-17.5,-17.5,-15.6,-15.9,-1.4,-2,-13.3,-11.8,-13.7,-14.6,-13.9,-9999,-9999,-9999,-9999,-9999,-9999,-9999,-9999,-9999,0.1096087396144867
"2025-06-18 14:26:15",-17.5,-17.5,-15.6,-15.9,-1.2,-2,-13.3,-11.8,-13.6,-14.6,-13.9,-9999,-9999,-9999,-9999,-9999,-9999,-9999,-9999,-9999,0.10961168259382248
"2025-06-18 14:26:26",-17.5,-17.5,-15.6,-15.8,-1.2,-2,-13.2,-11.7,-13.6,-14.6,-13.8,-9999,-9999,-9999,-9999,-9999,-9999,-9999,-9999,-9999,0.10960865020751953
"2025-06-18 14:26:36",-17.5,-17.5,-15.6,-15.8,-1.2,-1.9,-13.2,-11.7,-13.6,-14.6,-13.8,-9999,-9999,-9999,-9999,-9999,-9999,-9999,-9999,-9999,0.10960834473371506
"2025-06-18 14:26:46",-17.5,-17.4,-15.6,-15.8,-1.1,-1.9,-13.1,-11.6,-13.5,-14.5,-13.8,-9999,-9999,-9999,-9999,-9999,-9999,-9999,-9999,-9999,0.10960640758275986
"2025-06-18 14:26:57",-17.5,-17.5,-15.6,-15.8,-1.1,-1.8,-13.1,-11.6,-13.5,-14.5,-13.7,-9999,-9999,-9999,-9999,-9999,-9999,-9999,-9999,-9999,0.1095970869064331
"2025-06-18 14:27:07",-17.5,-17.4,-15.6,-15.8,-1,-1.8,-13.1,-11.6,-13.5,-14.5,-13.7,-9999,-9999,-9999,-9999,-9999,-9999,-9999,-9999,-9999,0.10959476232528687
"2025-06-18 14:27:17",-17.5,-17.4,-15.6,-15.8,-1,-1.8,-13,-11.6,-13.4,-14.5,-13.7,-9999,-9999,-9999,-9999,-9999,-9999,-9999,-9999,-9999,0.10959669202566147
"2025-06-18 14:27:28",-17.5,-17.4,-15.6,-15.8,-0.9,-1.7,-13,-11.5,-13.4,-14.5,-13.6,-9999,-9999,-9999,-9999,-9999,-9999,-9999,-9999,-9999,0.10959264636039734
"2025-06-18 14:27:38",-17.5,-17.4,-15.6,-15.8,-0.9,-1.7,-13,-11.5,-13.4,-14.4,-13.6,-9999,-9999,-9999,-9999,-9999,-9999,-9999,-9999,-9999,0.10957945883274078
"2025-06-18 14:27:49",-17.5,-17.4,-15.6,-15.8,-0.9,-1.6,-13,-11.5,-13.4,-14.4,-13.6,-9999,-9999,-9999,-9999,-9999,-9999,-9999,-9999,-9999,0.10958188027143478
"2025-06-18 14:27:59",-17.5,-17.4,-15.6,-15.8,-0.8,-1.6,-12.9,-11.4,-13.3,-14.4,-13.6,-9999,-9999,-9999,-9999,-9999,-9999,-9999,-9999,-9999,0.10957814007997513
"2025-06-18 14:28:09",-17.5,-17.4,-15.6,-15.8,-0.8,-1.6,-12.9,-11.4,-13.3,-14.4,-13.5,-9999,-9999,-9999,-9999,-9999,-9999,-9999,-9999,-9999,0.10957400500774384
"2025-06-18 14:28:20",-17.5,-17.4,-15.5,-15.8,-0.8,-1.6,-12.9,-11.4,-13.3,-14.4,-13.5,-9999,-9999,-9999,-9999,-9999,-9999,-9999,-9999,-9999,0.10957814007997513
"2025-06-18 14:28:30",-17.5,-17.4,-15.6,-15.8,-0.7,-1.5,-12.9,-11.4,-13.3,-14.3,-13.5,-9999,-9999,-9999,-9999,-9999,-9999,-9999,-9999,-9999,0.10956345498561859
"2025-06-18 14:28:40",-17.5,-17.5,-15.6,-15.8,-0.7,-1.5,-12.8,-11.4,-13.3,-14.3,-13.5,-9999,-9999,-9999,-9999,-9999,-9999,-9999,-9999,-9999,0.10956265777349472
"2025-06-18 14:28:51",-17.5,-17.4,-15.6,-15.8,-0.6,-1.5,-12.8,-11.3,-13.2,-14.3,-13.4,-9999,-9999,-9999,-9999,-9999,-9999,-9999,-9999,-9999,0.10955922305583954
"2025-06-18 14:29:01",-17.5,-17.4,-15.5,-15.8,-0.6,-1.5,-12.8,-11.3,-13.2,-14.3,-13.4,-9999,-9999,-9999,-9999,-9999,-9999,-9999,-9999,-9999,0.10954898595809937
"2025-06-18 14:29:12",-17.5,-17.4,-15.6,-15.8,-0.6,-1.5,-12.7,-11.3,-13.2,-14.3,-13.4,-9999,-9999,-9999,-9999,-9999,-9999,-9999,-9999,-9999,0.10955355316400528
"2025-06-18 14:29:22",-17.5,-17.4,-15.6,-15.8,-0.6,-1.4,-12.8,-11.3,-13.2,-14.3,-13.4,-9999,-9999,-9999,-9999,-9999,-9999,-9999,-9999,-9999,0.10953206568956375
"2025-06-18 14:29:32",-17.5,-17.4,-15.6,-15.8,-0.6,-1.4,-12.7,-11.3,-13.2,-14.2,-13.4,-9999,-9999,-9999,-9999,-9999,-9999,-9999,-9999,-9999,0.1095246747136116
"2025-06-18 14:29:43",-17.5,-17.4,-15.6,-15.8,-0.5,-1.4,-12.7,-11.2,-13.2,-14.2,-13.3,-9999,-9999,-9999,-9999,-9999,-9999,-9999,-9999,-9999,0.1095266044139862
"2025-06-18 14:29:53",-17.5,-17.4,-15.6,-15.8,-0.5,-1.4,-12.7,-11.2,-13.1,-14.2,-13.3,-9999,-9999,-9999,-9999,-9999,-9999,-9999,-9999,-9999,0.10951332747936249
"2025-06-18 14:30:04",-17.5,-17.4,-15.6,-15.8,-0.5,-1.4,-12.7,-11.2,-13.1,-14.2,-13.3,-9999,-9999,-9999,-9999,-9999,-9999,-9999,-9999,-9999,0.1095135435461998
"2025-06-18 14:30:14",-17.5,-17.4,-15.5,-15.8,-0.5,-1.4,-12.6,-11.2,-13.1,-14.2,-13.3,-9999,-9999,-9999,-9999,-9999,-9999,-9999,-9999,-9999,0.10950351506471634
"2025-06-18 14:30:24",-17.5,-17.4,-15.5,-15.8,-0.4,-1.4,-12.6,-11.2,-13.1,-14.2,-13.3,-9999,-9999,-9999,-9999,-9999,-9999,-9999,-9999,-9999,0.10948742181062698
"2025-06-18 14:30:35",-17.4,-17.4,-15.5,-15.8,-0.4,-1.3,-12.6,-11.2,-13.1,-14.2,-13.2,-9999,-9999,-9999,-9999,-9999,-9999,-9999,-9999,-9999,0.10949094593524933
"2025-06-18 14:30:45",-17.5,-17.4,-15.6,-15.8,-0.4,-1.3,-12.6,-11.2,-13.1,-14.2,-13.3,-9999,-9999,-9999,-9999,-9999,-9999,-9999,-9999,-9999,0.10947182029485703
"2025-06-18 14:30:55",-17.5,-17.4,-15.6,-15.8,-0.4,-1.3,-12.6,-11.2,-13,-14.2,-13.2,-9999,-9999,-9999,-9999,-9999,-9999,-9999,-9999,-9999,0.1094733476638794
"2025-06-18 14:31:06",-17.5,-17.4,-15.6,-15.8,-0.4,-1.3,-12.6,-11.1,-13,-14.2,-13.2,-9999,-9999,-9999,-9999,-9999,-9999,-9999,-9999,-9999,0.10947028547525406
"2025-06-18 14:31:16",-17.4,-17.4,-15.5,-15.8,-0.4,-1.3,-12.5,-11.1,-13,-14.1,-13.2,-9999,-9999,-9999,-9999,-9999,-9999,-9999,-9999,-9999,0.10944771766662598
"2025-06-18 14:31:27",-17.5,-17.4,-15.6,-15.8,-0.3,-1.2,-12.5,-11.1,-13,-14.1,-13.2,-9999,-9999,-9999,-9999,-9999,-9999,-9999,-9999,-9999,0.10945247113704681
"2025-06-18 14:31:37",-17.4,-17.4,-15.5,-15.8,-0.3,-1.2,-12.6,-11.1,-13,-14.1,-13.2,-9999,-9999,-9999,-9999,-9999,-9999,-9999,-9999,-9999,0.10942230373620987
"2025-06-18 14:31:47",-17.5,-17.4,-15.5,-15.8,-0.3,-1.2,-12.6,-11.1,-13,-14.1,-13.2,-9999,-9999,-9999,-9999,-9999,-9999,-9999,-9999,-9999,0.10942107439041138
"2025-06-18 14:31:58",-17.5,-17.4,-15.6,-15.8,-0.3,-1.2,-12.5,-11.1,-13,-14.1,-13.1,-9999,-9999,-9999,-9999,-9999,-9999,-9999,-9999,-9999,0.10941895842552185
"2025-06-18 14:32:08",-17.5,-17.4,-15.6,-15.8,-0.3,-1.2,-12.5,-11.1,-13,-14.1,-13.1,-9999,-9999,-9999,-9999,-9999,-9999,-9999,-9999,-9999,0.10941289365291595
"2025-06-18 14:32:19",-17.5,-17.4,-15.5,-15.8,-0.2,-1.2,-12.5,-11.1,-13,-14,-13.1,-9999,-9999,-9999,-9999,-9999,-9999,-9999,-9999,-9999,0.10939667373895645
"2025-06-18 14:32:29",-17.4,-17.4,-15.5,-15.8,-0.3,-1.2,-12.5,-11,-13,-14,-13.1,-9999,-9999,-9999,-9999,-9999,-9999,-9999,-9999,-9999,0.10938441008329391
"2025-06-18 14:32:39",-17.5,-17.4,-15.5,-15.8,-0.2,-1.2,-12.5,-11,-12.9,-14,-13.1,-9999,-9999,-9999,-9999,-9999,-9999,-9999,-9999,-9999,0.10937520861625671
"2025-06-18 14:32:50",-17.5,-17.4,-15.5,-15.8,-0.2,-1.2,-12.5,-11,-13,-14,-13.1,-9999,-9999,-9999,-9999,-9999,-9999,-9999,-9999,-9999,0.1093602180480957
"2025-06-18 14:33:00",-17.5,-17.4,-15.5,-15.8,-0.2,-1.2,-12.5,-11,-12.9,-14,-13.1,-9999,-9999,-9999,-9999,-9999,-9999,-9999,-9999,-9999,0.10934614390134811
"2025-06-18 14:33:10",-17.5,-17.4,-15.5,-15.8,-0.2,-1.2,-12.5,-11,-12.9,-14,-13.1,-9999,-9999,-9999,-9999,-9999,-9999,-9999,-9999,-9999,0.10933946073055267
"2025-06-18 14:33:21",-17.5,-17.4,-15.5,-15.8,-0.2,-1.1,-12.4,-11,-12.9,-14,-13.1,-9999,-9999,-9999,-9999,-9999,-9999,-9999,-9999,-9999,0.10932912677526474
"2025-06-18 14:33:31",-17.5,-17.4,-15.5,-15.8,-0.2,-1.1,-12.4,-11,-12.9,-14,-13.1,-9999,-9999,-9999,-9999,-9999,-9999,-9999,-9999,-9999,0.1093248650431633
"2025-06-18 14:33:42",-17.5,-17.4,-15.5,-15.8,-0.2,-1.1,-12.4,-11,-12.9,-14,-13.1,-9999,-9999,-9999,-9999,-9999,-9999,-9999,-9999,-9999,0.10930462926626205
"2025-06-18 14:33:52",-17.4,-17.4,-15.5,-15.8,-0.1,-1.1,-12.4,-11,-12.9,-14,-13,-9999,-9999,-9999,-9999,-9999,-9999,-9999,-9999,-9999,0.10929681360721588
"2025-06-18 14:34:02",-17.5,-17.4,-15.5,-15.8,-0.2,-1.1,-12.4,-11,-12.9,-14,-13,-9999,-9999,-9999,-9999,-9999,-9999,-9999,-9999,-9999,0.10929276794195175
"2025-06-18 14:34:13",-17.4,-17.4,-15.5,-15.8,-0.1,-1.1,-12.4,-11,-12.9,-14,-13,-9999,-9999,-9999,-9999,-9999,-9999,-9999,-9999,-9999,0.10927808284759521
"2025-06-18 14:34:23",-17.5,-17.4,-15.5,-15.8,-0.1,-1.1,-12.4,-11,-12.9,-14,-13,-9999,-9999,-9999,-9999,-9999,-9999,-9999,-9999,-9999,0.1092655137181282
"2025-06-18 14:34:34",-17.5,-17.4,-15.5,-15.8,-0.1,-1.1,-12.4,-11,-12.9,-14,-13,-9999,-9999,-9999,-9999,-9999,-9999,-9999,-9999,-9999,0.1092599630355835
"2025-06-18 14:34:44",-17.5,-17.4,-15.5,-15.8,-0.1,-1.1,-12.4,-11,-12.9,-14,-13,-9999,-9999,-9999,-9999,-9999,-9999,-9999,-9999,-9999,0.1092444509267807
"2025-06-18 14:34:54",-17.5,-17.4,-15.5,-15.8,-0.1,-1.1,-12.4,-11,-12.9,-14,-13,-9999,-9999,-9999,-9999,-9999,-9999,-9999,-9999,-9999,0.10922896862030029
"2025-06-18 14:35:05",-17.5,-17.4,-15.5,-15.8,-0.1,-1.1,-12.4,-11,-12.8,-14,-13,-9999,-9999,-9999,-9999,-9999,-9999,-9999,-9999,-9999,0.10922206938266754
"2025-06-18 14:35:15",-17.5,-17.4,-15.5,-15.8,-0.1,-1.1,-12.4,-11,-12.8,-13.9,-13,-9999,-9999,-9999,-9999,-9999,-9999,-9999,-9999,-9999,0.10921792685985565
"2025-06-18 14:35:25",-17.4,-17.4,-15.5,-15.8,-0.1,-1.1,-12.4,-11,-12.9,-14,-13,-9999,-9999,-9999,-9999,-9999,-9999,-9999,-9999,-9999,0.10920799523591995
"2025-06-18 14:35:36",-17.4,-17.4,-15.5,-15.8,-0.1,-1,-12.3,-11,-12.8,-13.9,-13,-9999,-9999,-9999,-9999,-9999,-9999,-9999,-9999,-9999,0.10918965935707092
"2025-06-18 14:35:46",-17.5,-17.4,-15.5,-15.8,-0.1,-1.1,-12.4,-11,-12.8,-13.9,-13,-9999,-9999,-9999,-9999,-9999,-9999,-9999,-9999,-9999,0.10918116569519043
"2025-06-18 14:35:57",-17.4,-17.4,-15.5,-15.8,-0.1,-1,-12.4,-10.9,-12.8,-13.9,-13,-9999,-9999,-9999,-9999,-9999,-9999,-9999,-9999,-9999,0.10916779935359955
"2025-06-18 14:36:07",-17.4,-17.4,-15.5,-15.8,-0.1,-1,-12.3,-10.9,-12.8,-13.9,-12.9,-9999,-9999,-9999,-9999,-9999,-9999,-9999,-9999,-9999,0.10915940254926682
"2025-06-18 14:36:17",-17.4,-17.4,-15.5,-15.8,-0,-1,-12.3,-10.9,-12.8,-13.9,-12.9,-9999,-9999,-9999,-9999,-9999,-9999,-9999,-9999,-9999,0.109140545129776
"2025-06-18 14:36:28",-17.4,-17.4,-15.5,-15.8,-0,-1,-12.3,-10.9,-12.8,-13.9,-12.9,-9999,-9999,-9999,-9999,-9999,-9999,-9999,-9999,-9999,0.10911481827497482
"2025-06-18 14:36:38",-17.4,-17.4,-15.5,-15.8,-0,-1,-12.4,-10.9,-12.8,-13.9,-12.9,-9999,-9999,-9999,-9999,-9999,-9999,-9999,-9999,-9999,0.10910307615995407
"2025-06-18 14:36:49",-17.4,-17.4,-15.5,-15.8,-0,-1,-12.3,-10.9,-12.8,-13.9,-12.9,-9999,-9999,-9999,-9999,-9999,-9999,-9999,-9999,-9999,0.10910592973232269
"2025-06-18 14:36:59",-17.4,-17.4,-15.5,-15.8,-0,-1,-12.3,-10.9,-12.8,-13.9,-12.9,-9999,-9999,-9999,-9999,-9999,-9999,-9999,-9999,-9999,0.10909489542245865
"2025-06-18 14:37:09",-17.4,-17.4,-15.5,-15.8,-0,-1,-12.3,-10.9,-12.8,-13.9,-12.9,-9999,-9999,-9999,-9999,-9999,-9999,-9999,-9999,-9999,0.10907432436943054
"2025-06-18 14:37:20",-17.4,-17.4,-15.5,-15.8,-0,-1,-12.3,-10.9,-12.8,-13.9,-12.9,-9999,-9999,-9999,-9999,-9999,-9999,-9999,-9999,-9999,0.10907018184661865
"2025-06-18 14:37:30",-17.4,-17.4,-15.5,-15.8,0,-1,-12.3,-10.9,-12.8,-13.9,-12.9,-9999,-9999,-9999,-9999,-9999,-9999,-9999,-9999,-9999,0.10905712097883224
"2025-06-18 14:37:40",-17.4,-17.4,-15.5,-15.8,-0,-1,-12.3,-10.9,-12.8,-13.9,-12.9,-9999,-9999,-9999,-9999,-9999,-9999,-9999,-9999,-9999,0.10904213041067123
"2025-06-18 14:37:51",-17.4,-17.3,-15.5,-15.8,-0,-1,-12.3,-10.9,-12.8,-13.9,-12.9,-9999,-9999,-9999,-9999,-9999,-9999,-9999,-9999,-9999,0.10904697328805923
"2025-06-18 14:38:01",-17.4,-17.4,-15.5,-15.8,0,-1,-12.3,-10.9,-12.8,-13.9,-12.9,-9999,-9999,-9999,-9999,-9999,-9999,-9999,-9999,-9999,0.10903096944093704
"2025-06-18 14:38:12",-17.4,-17.4,-15.5,-15.8,0,-1,-12.3,-10.9,-12.8,-13.9,-12.9,-9999,-9999,-9999,-9999,-9999,-9999,-9999,-9999,-9999,0.10901425778865814
"2025-06-18 14:38:22",-17.4,-17.4,-15.5,-15.8,0,-1,-12.3,-10.9,-12.8,-13.9,-12.9,-9999,-9999,-9999,-9999,-9999,-9999,-9999,-9999,-9999,0.10899978876113892
"2025-06-18 14:38:32",-17.4,-17.4,-15.5,-15.8,-0,-1,-12.3,-10.9,-12.8,-13.9,-12.9,-9999,-9999,-9999,-9999,-9999,-9999,-9999,-9999,-9999,0.10898417979478836
"2025-06-18 14:38:43",-17.4,-17.4,-15.5,-15.8,0,-1,-12.3,-10.9,-12.8,-13.9,-12.9,-9999,-9999,-9999,-9999,-9999,-9999,-9999,-9999,-9999,0.1089668944478035
"2025-06-18 14:38:53",-17.4,-17.4,-15.5,-15.8,0,-1,-12.3,-10.9,-12.7,-13.9,-12.9,-9999,-9999,-9999,-9999,-9999,-9999,-9999,-9999,-9999,0.10895787924528122
"2025-06-18 14:39:03",-17.4,-17.4,-15.5,-15.8,0,-1,-12.3,-10.9,-12.7,-13.9,-12.9,-9999,-9999,-9999,-9999,-9999,-9999,-9999,-9999,-9999,0.10895827412605286
"2025-06-18 14:39:14",-17.4,-17.4,-15.5,-15.8,0,-1,-12.3,-10.9,-12.7,-13.9,-12.9,-9999,-9999,-9999,-9999,-9999,-9999,-9999,-9999,-9999,0.10895159095525742
"2025-06-18 14:39:24",-17.4,-17.4,-15.5,-15.8,0,-1,-12.3,-10.9,-12.8,-13.9,-12.9,-9999,-9999,-9999,-9999,-9999,-9999,-9999,-9999,-9999,0.10892920941114426
"2025-06-18 14:39:35",-17.4,-17.4,-15.5,-15.8,0,-1,-12.3,-10.9,-12.7,-13.9,-12.9,-9999,-9999,-9999,-9999,-9999,-9999,-9999,-9999,-9999,0.10893699526786804
"2025-06-18 14:39:45",-17.4,-17.4,-15.5,-15.8,0,-1,-12.3,-10.9,-12.7,-13.9,-12.8,-9999,-9999,-9999,-9999,-9999,-9999,-9999,-9999,-9999,0.10890094190835953
"2025-06-18 14:39:55",-17.4,-17.4,-15.5,-15.8,0,-1,-12.3,-10.9,-12.7,-13.9,-12.9,-9999,-9999,-9999,-9999,-9999,-9999,-9999,-9999,-9999,0.10890581458806992
"2025-06-18 14:40:06",-17.4,-17.4,-15.5,-15.8,0,-1,-12.3,-10.9,-12.7,-13.9,-12.9,-9999,-9999,-9999,-9999,-9999,-9999,-9999,-9999,-9999,0.10888928920030594
"2025-06-18 14:40:16",-17.4,-17.4,-15.5,-15.8,0,-1,-12.3,-10.9,-12.7,-13.9,-12.9,-9999,-9999,-9999,-9999,-9999,-9999,-9999,-9999,-9999,0.10886906087398529
"2025-06-18 14:40:26",-17.4,-17.4,-15.5,-15.8,0,-1,-12.2,-10.9,-12.7,-13.8,-12.8,-9999,-9999,-9999,-9999,-9999,-9999,-9999,-9999,-9999,0.10885468125343323
"2025-06-18 14:40:37",-17.4,-17.4,-15.5,-15.8,0,-1,-12.3,-10.8,-12.7,-13.9,-12.8,-9999,-9999,-9999,-9999,-9999,-9999,-9999,-9999,-9999,0.1088406965136528
"2025-06-18 14:40:47",-17.4,-17.4,-15.5,-15.8,0,-1,-12.2,-10.8,-12.7,-13.8,-12.8,-9999,-9999,-9999,-9999,-9999,-9999,-9999,-9999,-9999,0.10882711410522461
"2025-06-18 14:40:58",-17.4,-17.4,-15.5,-15.8,0,-1,-12.2,-10.8,-12.7,-13.8,-12.8,-9999,-9999,-9999,-9999,-9999,-9999,-9999,-9999,-9999,0.10882183909416199
"2025-06-18 14:41:08",-17.4,-17.4,-15.5,-15.8,0.1,-1,-12.2,-10.8,-12.7,-13.8,-12.8,-9999,-9999,-9999,-9999,-9999,-9999,-9999,-9999,-9999,0.10880108922719955
"2025-06-18 14:41:18",-17.4,-17.4,-15.5,-15.8,0.1,-1,-12.2,-10.8,-12.7,-13.8,-12.8,-9999,-9999,-9999,-9999,-9999,-9999,-9999,-9999,-9999,0.1087862178683281
"2025-06-18 14:41:29",-17.4,-17.4,-15.5,-15.8,0,-1,-12.2,-10.8,-12.7,-13.8,-12.8,-9999,-9999,-9999,-9999,-9999,-9999,-9999,-9999,-9999,0.10877404361963272
"2025-06-18 14:41:39",-17.4,-17.4,-15.5,-15.8,0.1,-1,-12.2,-10.8,-12.7,-13.8,-12.8,-9999,-9999,-9999,-9999,-9999,-9999,-9999,-9999,-9999,0.10876037180423737
"2025-06-18 14:41:50",-17.4,-17.3,-15.5,-15.8,0,-1,-12.2,-10.8,-12.7,-13.8,-12.8,-9999,-9999,-9999,-9999,-9999,-9999,-9999,-9999,-9999,0.10875096172094345
"2025-06-18 14:42:00",-17.4,-17.4,-15.5,-15.8,0.1,-1,-12.2,-10.8,-12.7,-13.8,-12.8,-9999,-9999,-9999,-9999,-9999,-9999,-9999,-9999,-9999,0.10874216258525848
"2025-06-18 14:42:10",-17.4,-17.4,-15.5,-15.8,0.1,-0.9,-12.3,-10.8,-12.7,-13.8,-12.8,-9999,-9999,-9999,-9999,-9999,-9999,-9999,-9999,-9999,0.10872655361890793
"2025-06-18 14:42:21",-17.4,-17.3,-15.5,-15.8,0.1,-0.9,-12.2,-10.8,-12.7,-13.8,-12.8,-9999,-9999,-9999,-9999,-9999,-9999,-9999,-9999,-9999,0.10872026532888412
"2025-06-18 14:42:31",-17.4,-17.3,-15.5,-15.8,0.1,-1,-12.2,-10.8,-12.7,-13.8,-12.8,-9999,-9999,-9999,-9999,-9999,-9999,-9999,-9999,-9999,0.10870328545570374
"2025-06-18 14:42:41",-17.4,-17.4,-15.5,-15.8,0.1,-0.9,-12.2,-10.8,-12.7,-13.8,-12.8,-9999,-9999,-9999,-9999,-9999,-9999,-9999,-9999,-9999,0.10870224237442017
"2025-06-18 14:42:52",-17.4,-17.4,-15.5,-15.8,0.1,-1,-12.2,-10.8,-12.7,-13.8,-12.8,-9999,-9999,-9999,-9999,-9999,-9999,-9999,-9999,-9999,0.10867936909198761
"2025-06-18 14:43:02",-17.4,-17.4,-15.5,-15.8,0.1,-1,-12.2,-10.8,-12.7,-13.8,-12.8,-9999,-9999,-9999,-9999,-9999,-9999,-9999,-9999,-9999,0.10866468399763107
"2025-06-18 14:43:13",-17.4,-17.4,-15.5,-15.8,0.1,-0.9,-12.2,-10.8,-12.7,-13.8,-12.8,-9999,-9999,-9999,-9999,-9999,-9999,-9999,-9999,-9999,0.10866507887840271
"2025-06-18 14:43:23",-17.4,-17.4,-15.5,-15.8,0.1,-0.9,-12.2,-10.8,-12.7,-13.8,-12.8,-9999,-9999,-9999,-9999,-9999,-9999,-9999,-9999,-9999,0.10863988101482391
"2025-06-18 14:43:33",-17.4,-17.3,-15.5,-15.8,0.1,-1,-12.2,-10.8,-12.7,-13.8,-12.8,-9999,-9999,-9999,-9999,-9999,-9999,-9999,-9999,-9999,0.10863421112298965
"2025-06-18 14:43:44",-17.4,-17.4,-15.5,-15.8,0.1,-0.9,-12.2,-10.8,-12.7,-13.8,-12.8,-9999,-9999,-9999,-9999,-9999,-9999,-9999,-9999,-9999,0.10862700641155243
"2025-06-18 14:43:54",-17.4,-17.4,-15.5,-15.8,0.1,-0.9,-12.2,-10.8,-12.7,-13.8,-12.8,-9999,-9999,-9999,-9999,-9999,-9999,-9999,-9999,-9999,0.10861394554376602
"2025-06-18 14:44:04",-17.4,-17.4,-15.5,-15.8,0.1,-0.9,-12.2,-10.8,-12.7,-13.8,-12.8,-9999,-9999,-9999,-9999,-9999,-9999,-9999,-9999,-9999,0.10860250890254974
"2025-06-18 14:44:15",-17.5,-17.4,-15.5,-15.8,0.1,-0.9,-12.2,-10.8,-12.7,-13.8,-12.8,-9999,-9999,-9999,-9999,-9999,-9999,-9999,-9999,-9999,0.10859864205121994
"2025-06-18 14:44:25",-17.4,-17.4,-15.5,-15.8,0.1,-0.9,-12.2,-10.8,-12.7,-13.8,-12.8,-9999,-9999,-9999,-9999,-9999,-9999,-9999,-9999,-9999,0.10857546329498291
"2025-06-18 14:44:36",-17.4,-17.4,-15.5,-15.8,0.1,-0.9,-12.2,-10.8,-12.7,-13.8,-12.8,-9999,-9999,-9999,-9999,-9999,-9999,-9999,-9999,-9999,0.10856473445892334
"2025-06-18 14:44:46",-17.4,-17.4,-15.5,-15.8,0.1,-0.9,-12.2,-10.8,-12.7,-13.8,-12.8,-9999,-9999,-9999,-9999,-9999,-9999,-9999,-9999,-9999,0.10855268687009811
"2025-06-18 14:44:56",-17.4,-17.4,-15.5,-15.8,0.1,-0.9,-12.2,-10.8,-12.7,-13.8,-12.8,-9999,-9999,-9999,-9999,-9999,-9999,-9999,-9999,-9999,0.10854265838861465
"2025-06-18 14:45:07",-17.5,-17.4,-15.5,-15.8,0.1,-0.9,-12.2,-10.8,-12.7,-13.8,-12.8,-9999,-9999,-9999,-9999,-9999,-9999,-9999,-9999,-9999,0.108538918197155
"2025-06-18 14:45:17",-17.4,-17.4,-15.5,-15.8,0.1,-0.9,-12.2,-10.8,-12.7,-13.8,-12.8,-9999,-9999,-9999,-9999,-9999,-9999,-9999,-9999,-9999,0.10852169245481491
"2025-06-18 14:45:27",-17.4,-17.4,-15.5,-15.8,0.1,-0.9,-12.2,-10.8,-12.7,-13.8,-12.8,-9999,-9999,-9999,-9999,-9999,-9999,-9999,-9999,-9999,0.10850325971841812
"2025-06-18 14:45:38",-17.4,-17.3,-15.5,-15.8,0.1,-0.9,-12.2,-10.8,-12.7,-13.8,-12.8,-9999,-9999,-9999,-9999,-9999,-9999,-9999,-9999,-9999,0.10848958790302277
"2025-06-18 14:45:48",-17.4,-17.4,-15.5,-15.8,0.1,-0.9,-12.2,-10.8,-12.7,-13.8,-12.8,-9999,-9999,-9999,-9999,-9999,-9999,-9999,-9999,-9999,0.10847306251525879
"2025-06-18 14:45:59",-17.4,-17.3,-15.5,-15.8,0.1,-0.9,-12.2,-10.8,-12.7,-13.8,-12.8,-9999,-9999,-9999,-9999,-9999,-9999,-9999,-9999,-9999,0.10845392942428589
"2025-06-18 14:46:09",-17.5,-17.4,-15.5,-15.8,0.1,-0.9,-12.2,-10.8,-12.7,-13.8,-12.8,-9999,-9999,-9999,-9999,-9999,-9999,-9999,-9999,-9999,0.10844086855649948
"2025-06-18 14:46:19",-17.5,-17.4,-15.5,-15.8,0.1,-0.9,-12.2,-10.8,-12.7,-13.8,-12.8,-9999,-9999,-9999,-9999,-9999,-9999,-9999,-9999,-9999,0.10842912644147873
"2025-06-18 14:46:30",-17.4,-17.4,-15.5,-15.8,0.1,-0.9,-12.2,-10.8,-12.7,-13.8,-12.8,-9999,-9999,-9999,-9999,-9999,-9999,-9999,-9999,-9999,0.10841768980026245
"2025-06-18 14:46:40",-17.5,-17.4,-15.5,-15.8,0.1,-0.9,-12.2,-10.8,-12.7,-13.8,-12.8,-9999,-9999,-9999,-9999,-9999,-9999,-9999,-9999,-9999,0.10840410739183426
"2025-06-18 14:46:51",-17.5,-17.4,-15.5,-15.8,0.1,-0.9,-12.2,-10.8,-12.7,-13.8,-12.8,-9999,-9999,-9999,-9999,-9999,-9999,-9999,-9999,-9999,0.1083873063325882
"2025-06-18 14:47:01",-17.4,-17.4,-15.5,-15.8,0.1,-0.9,-12.2,-10.8,-12.7,-13.8,-12.8,-9999,-9999,-9999,-9999,-9999,-9999,-9999,-9999,-9999,0.10837657749652863
"2025-06-18 14:47:11",-17.4,-17.4,-15.5,-15.8,0.1,-0.9,-12.2,-10.8,-12.7,-13.8,-12.8,-9999,-9999,-9999,-9999,-9999,-9999,-9999,-9999,-9999,0.1083630919456482
"2025-06-18 14:47:22",-17.5,-17.4,-15.5,-15.8,0.1,-0.9,-12.2,-10.8,-12.6,-13.8,-12.8,-9999,-9999,-9999,-9999,-9999,-9999,-9999,-9999,-9999,0.10834343731403351
"2025-06-18 14:47:32",-17.5,-17.4,-15.6,-15.8,0.2,-0.9,-12.2,-10.8,-12.7,-13.8,-12.8,-9999,-9999,-9999,-9999,-9999,-9999,-9999,-9999,-9999,0.10833485424518585
"2025-06-18 14:47:42",-17.5,-17.4,-15.6,-15.8,0.1,-0.9,-12.2,-10.8,-12.6,-13.8,-12.8,-9999,-9999,-9999,-9999,-9999,-9999,-9999,-9999,-9999,0.10833089798688889
"2025-06-18 14:47:53",-17.4,-17.4,-15.6,-15.8,0.1,-0.9,-12.2,-10.8,-12.7,-13.8,-12.8,-9999,-9999,-9999,-9999,-9999,-9999,-9999,-9999,-9999,0.10831428319215775
"2025-06-18 14:48:03",-17.4,-17.4,-15.6,-15.8,0.2,-0.9,-12.2,-10.8,-12.6,-13.8,-12.8,-9999,-9999,-9999,-9999,-9999,-9999,-9999,-9999,-9999,0.10831335932016373
"2025-06-18 14:48:14",-17.5,-17.4,-15.6,-15.8,0.1,-0.9,-12.1,-10.8,-12.6,-13.8,-12.8,-9999,-9999,-9999,-9999,-9999,-9999,-9999,-9999,-9999,0.10829290747642517
"2025-06-18 14:48:24",-17.4,-17.4,-15.6,-15.8,0.1,-0.9,-12.2,-10.8,-12.6,-13.8,-12.8,-9999,-9999,-9999,-9999,-9999,-9999,-9999,-9999,-9999,0.10828077048063278
"2025-06-18 14:48:34",-17.4,-17.4,-15.6,-15.8,0.2,-0.9,-12.2,-10.8,-12.7,-13.8,-12.8,-9999,-9999,-9999,-9999,-9999,-9999,-9999,-9999,-9999,0.10826598852872849
"2025-06-18 14:48:45",-17.5,-17.4,-15.5,-15.8,0.2,-0.9,-12.2,-10.8,-12.7,-13.8,-12.8,-9999,-9999,-9999,-9999,-9999,-9999,-9999,-9999,-9999,0.10824502259492874
"2025-06-18 14:48:55",-17.4,-17.4,-15.5,-15.8,0.1,-0.9,-12.2,-10.8,-12.6,-13.8,-12.8,-9999,-9999,-9999,-9999,-9999,-9999,-9999,-9999,-9999,0.10823539644479752
"2025-06-18 14:49:05",-17.5,-17.4,-15.5,-15.8,0.2,-0.9,-12.1,-10.8,-12.6,-13.8,-12.8,-9999,-9999,-9999,-9999,-9999,-9999,-9999,-9999,-9999,0.10821402072906494
"2025-06-18 14:49:16",-17.5,-17.4,-15.6,-15.8,0.2,-0.9,-12.2,-10.7,-12.6,-13.8,-12.8,-9999,-9999,-9999,-9999,-9999,-9999,-9999,-9999,-9999,0.1082005649805069
"2025-06-18 14:49:26",-17.5,-17.4,-15.6,-15.8,0.2,-0.9,-12.2,-10.8,-12.6,-13.8,-12.8,-9999,-9999,-9999,-9999,-9999,-9999,-9999,-9999,-9999,0.10819943249225616
"2025-06-18 14:49:37",-17.5,-17.4,-15.6,-15.8,0.1,-0.9,-12.1,-10.8,-12.6,-13.8,-12.8,-9999,-9999,-9999,-9999,-9999,-9999,-9999,-9999,-9999,0.10819317400455475
"2025-06-18 14:49:47",-17.5,-17.4,-15.6,-15.8,0.2,-0.9,-12.2,-10.8,-12.6,-13.8,-12.8,-9999,-9999,-9999,-9999,-9999,-9999,-9999,-9999,-9999,0.10817211121320724
"2025-06-18 14:49:57",-17.5,-17.4,-15.5,-15.8,0.2,-0.9,-12.2,-10.8,-12.7,-13.8,-12.8,-9999,-9999,-9999,-9999,-9999,-9999,-9999,-9999,-9999,0.1081552803516388
"2025-06-18 14:50:08",-17.5,-17.4,-15.5,-15.8,0.1,-0.8,-12.2,-10.8,-12.6,-13.8,-12.8,-9999,-9999,-9999,-9999,-9999,-9999,-9999,-9999,-9999,0.10814788937568665
"2025-06-18 14:50:18",-17.4,-17.4,-15.6,-15.8,0.1,-0.8,-12.2,-10.7,-12.6,-13.8,-12.8,-9999,-9999,-9999,-9999,-9999,-9999,-9999,-9999,-9999,0.10812713950872421
"2025-06-18 14:50:29",-17.4,-17.4,-15.6,-15.8,0.2,-0.8,-12.2,-10.7,-12.6,-13.8,-12.8,-9999,-9999,-9999,-9999,-9999,-9999,-9999,-9999,-9999,0.10812937468290329
"2025-06-18 14:50:39",-17.5,-17.4,-15.6,-15.8,0.2,-0.9,-12.1,-10.7,-12.6,-13.8,-12.8,-9999,-9999,-9999,-9999,-9999,-9999,-9999,-9999,-9999,0.10810607671737671
"2025-06-18 14:50:49",-17.5,-17.4,-15.6,-15.8,0.2,-0.9,-12.2,-10.8,-12.6,-13.8,-12.8,-9999,-9999,-9999,-9999,-9999,-9999,-9999,-9999,-9999,0.10808694362640381
"2025-06-18 14:51:00",-17.5,-17.4,-15.5,-15.9,0.2,-0.9,-12.2,-10.7,-12.6,-13.8,-12.7,-9999,-9999,-9999,-9999,-9999,-9999,-9999,-9999,-9999,0.10808510333299637
"2025-06-18 14:51:10",-17.4,-17.4,-15.6,-15.8,0.2,-0.8,-12.1,-10.7,-12.6,-13.8,-12.8,-9999,-9999,-9999,-9999,-9999,-9999,-9999,-9999,-9999,0.10806949436664581
"2025-06-18 14:51:20",-17.5,-17.4,-15.6,-15.8,0.2,-0.8,-12.2,-10.8,-12.6,-13.8,-12.8,-9999,-9999,-9999,-9999,-9999,-9999,-9999,-9999,-9999,0.10806272178888321
"2025-06-18 14:51:31",-17.5,-17.4,-15.5,-15.8,0.2,-0.9,-12.1,-10.7,-12.6,-13.8,-12.8,-9999,-9999,-9999,-9999,-9999,-9999,-9999,-9999,-9999,0.10803316533565521
"2025-06-18 14:51:41",-17.4,-17.4,-15.5,-15.8,0.2,-0.8,-12.1,-10.7,-12.6,-13.8,-12.8,-9999,-9999,-9999,-9999,-9999,-9999,-9999,-9999,-9999,0.10803800821304321
"2025-06-18 14:51:52",-17.4,-17.4,-15.5,-15.8,0.2,-0.9,-12.1,-10.7,-12.6,-13.8,-12.8,-9999,-9999,-9999,-9999,-9999,-9999,-9999,-9999,-9999,0.10803255438804626
"2025-06-18 14:52:02",-17.4,-17.4,-15.6,-15.8,0.2,-0.9,-12.1,-10.8,-12.6,-13.8,-12.8,-9999,-9999,-9999,-9999,-9999,-9999,-9999,-9999,-9999,0.1080058142542839
"2025-06-18 14:52:12",-17.5,-17.4,-15.5,-15.8,0.2,-0.9,-12.2,-10.7,-12.6,-13.8,-12.7,-9999,-9999,-9999,-9999,-9999,-9999,-9999,-9999,-9999,0.10800164937973022
"2025-06-18 14:52:23",-17.5,-17.4,-15.6,-15.8,0.2,-0.8,-12.1,-10.8,-12.6,-13.8,-12.8,-9999,-9999,-9999,-9999,-9999,-9999,-9999,-9999,-9999,0.10799466073513031
"2025-06-18 14:52:33",-17.5,-17.4,-15.5,-15.8,0.2,-0.9,-12.2,-10.8,-12.6,-13.8,-12.8,-9999,-9999,-9999,-9999,-9999,-9999,-9999,-9999,-9999,0.10797574371099472
"2025-06-18 14:52:43",-17.4,-17.4,-15.5,-15.8,0.2,-0.9,-12.1,-10.8,-12.6,-13.8,-12.8,-9999,-9999,-9999,-9999,-9999,-9999,-9999,-9999,-9999,0.10797957330942154
"2025-06-18 14:52:54",-17.4,-17.4,-15.6,-15.8,0.2,-0.9,-12.2,-10.8,-12.6,-13.8,-12.8,-9999,-9999,-9999,-9999,-9999,-9999,-9999,-9999,-9999,0.1079556867480278
"2025-06-18 14:53:04",-17.5,-17.4,-15.6,-15.8,0.2,-0.8,-12.1,-10.8,-12.6,-13.8,-12.8,-9999,-9999,-9999,-9999,-9999,-9999,-9999,-9999,-9999,0.10795749723911285
"2025-06-18 14:53:15",-17.5,-17.4,-15.5,-15.8,0.2,-0.9,-12.1,-10.7,-12.6,-13.8,-12.8,-9999,-9999,-9999,-9999,-9999,-9999,-9999,-9999,-9999,0.1079314723610878
"2025-06-18 14:53:25",-17.4,-17.4,-15.6,-15.8,0.2,-0.9,-12.1,-10.7,-12.6,-13.8,-12.8,-9999,-9999,-9999,-9999,-9999,-9999,-9999,-9999,-9999,0.10792883485555649
"2025-06-18 14:53:35",-17.5,-17.5,-15.6,-15.8,0.2,-0.8,-12.1,-10.8,-12.6,-13.8,-12.8,-9999,-9999,-9999,-9999,-9999,-9999,-9999,-9999,-9999,0.10792267322540283
"2025-06-18 14:53:46",-17.5,-17.4,-15.5,-15.8,0.2,-0.8,-12.1,-10.7,-12.6,-13.8,-12.8,-9999,-9999,-9999,-9999,-9999,-9999,-9999,-9999,-9999,0.10790261626243591
"2025-06-18 14:53:56",-17.4,-17.4,-15.6,-15.8,0.2,-0.8,-12.1,-10.8,-12.6,-13.8,-12.8,-9999,-9999,-9999,-9999,-9999,-9999,-9999,-9999,-9999,0.1078919768333435
"2025-06-18 14:54:06",-17.4,-17.4,-15.6,-15.8,0.2,-0.8,-12.1,-10.7,-12.6,-13.8,-12.7,-9999,-9999,-9999,-9999,-9999,-9999,-9999,-9999,-9999,0.10787943750619888
"2025-06-18 14:54:17",-17.5,-17.4,-15.6,-15.8,0.2,-0.8,-12.1,-10.7,-12.6,-13.8,-12.8,-9999,-9999,-9999,-9999,-9999,-9999,-9999,-9999,-9999,0.1078629121184349
"2025-06-18 14:54:27",-17.4,-17.3,-15.6,-15.8,0.2,-0.8,-12.1,-10.8,-12.6,-13.8,-12.8,-9999,-9999,-9999,-9999,-9999,-9999,-9999,-9999,-9999,0.10784396529197693
"2025-06-18 14:54:38",-17.5,-17.4,-15.6,-15.9,0.2,-0.8,-12.1,-10.7,-12.6,-13.8,-12.8,-9999,-9999,-9999,-9999,-9999,-9999,-9999,-9999,-9999,0.10785117000341415
"2025-06-18 14:54:48",-17.4,-17.4,-15.6,-15.8,0.2,-0.8,-12.1,-10.7,-12.6,-13.8,-12.7,-9999,-9999,-9999,-9999,-9999,-9999,-9999,-9999,-9999,0.10782928019762039
"2025-06-18 14:54:58",-17.5,-17.4,-15.5,-15.8,0.2,-0.8,-12.1,-10.7,-12.6,-13.8,-12.7,-9999,-9999,-9999,-9999,-9999,-9999,-9999,-9999,-9999,0.10781511664390564
"2025-06-18 14:55:09",-17.4,-17.4,-15.6,-15.8,0.2,-0.8,-12.1,-10.7,-12.6,-13.8,-12.8,-9999,-9999,-9999,-9999,-9999,-9999,-9999,-9999,-9999,0.10780702531337738
"2025-06-18 14:55:19",-17.5,-17.4,-15.6,-15.8,0.2,-0.9,-12.1,-10.7,-12.6,-13.8,-12.8,-9999,-9999,-9999,-9999,-9999,-9999,-9999,-9999,-9999,0.10778583586215973
"2025-06-18 14:55:29",-17.4,-17.4,-15.6,-15.8,0.2,-0.8,-12.1,-10.7,-12.6,-13.8,-12.7,-9999,-9999,-9999,-9999,-9999,-9999,-9999,-9999,-9999,0.10777664184570312
"2025-06-18 14:55:40",-17.5,-17.4,-15.5,-15.8,0.2,-0.8,-12.1,-10.7,-12.6,-13.8,-12.7,-9999,-9999,-9999,-9999,-9999,-9999,-9999,-9999,-9999,0.10777755826711655
"2025-06-18 14:55:50",-17.5,-17.4,-15.6,-15.8,0.3,-0.8,-12.1,-10.7,-12.6,-13.8,-12.7,-9999,-9999,-9999,-9999,-9999,-9999,-9999,-9999,-9999,0.10774150490760803
"2025-06-18 14:56:01",-17.5,-17.4,-15.6,-15.8,0.3,-0.8,-12.1,-10.7,-12.6,-13.8,-12.7,-9999,-9999,-9999,-9999,-9999,-9999,-9999,-9999,-9999,0.10773733258247375
"2025-06-18 14:56:11",-17.4,-17.4,-15.6,-15.8,0.2,-0.8,-12.1,-10.7,-12.6,-13.8,-12.7,-9999,-9999,-9999,-9999,-9999,-9999,-9999,-9999,-9999,0.10773935914039612
"2025-06-18 14:56:21",-17.4,-17.3,-15.6,-15.8,0.2,-0.8,-12.1,-10.7,-12.6,-13.8,-12.7,-9999,-9999,-9999,-9999,-9999,-9999,-9999,-9999,-9999,0.10770633816719055
"2025-06-18 14:56:32",-17.5,-17.4,-15.5,-15.8,0.2,-0.8,-12.1,-10.7,-12.6,-13.8,-12.7,-9999,-9999,-9999,-9999,-9999,-9999,-9999,-9999,-9999,0.1077021062374115
"2025-06-18 14:56:42",-17.5,-17.4,-15.5,-15.8,0.2,-0.8,-12.1,-10.7,-12.6,-13.8,-12.7,-9999,-9999,-9999,-9999,-9999,-9999,-9999,-9999,-9999,0.1077028140425682
"2025-06-18 14:56:53",-17.5,-17.4,-15.6,-15.8,0.2,-0.8,-12.1,-10.7,-12.6,-13.7,-12.7,-9999,-9999,-9999,-9999,-9999,-9999,-9999,-9999,-9999,0.10767018795013428
"2025-06-18 14:57:03",-17.5,-17.5,-15.6,-15.9,0.2,-0.8,-12.1,-10.7,-12.6,-13.8,-12.7,-9999,-9999,-9999,-9999,-9999,-9999,-9999,-9999,-9999,0.10765329748392105
"2025-06-18 14:57:13",-17.5,-17.5,-15.6,-15.9,0.2,-0.8,-12.1,-10.7,-12.6,-13.8,-12.7,-9999,-9999,-9999,-9999,-9999,-9999,-9999,-9999,-9999,0.10764306038618088
"2025-06-18 14:57:24",-17.6,-17.5,-15.5,-15.9,0.2,-0.8,-12.1,-10.7,-12.6,-13.8,-12.7,-9999,-9999,-9999,-9999,-9999,-9999,-9999,-9999,-9999,0.10764771699905396
"2025-06-18 14:57:34",-17.5,-17.5,-15.6,-15.8,0.3,-0.8,-12.1,-10.7,-12.6,-13.8,-12.8,-9999,-9999,-9999,-9999,-9999,-9999,-9999,-9999,-9999,0.10761632025241852
"2025-06-18 14:57:44",-17.5,-17.4,-15.6,-15.8,0.3,-0.8,-12.1,-10.7,-12.6,-13.8,-12.8,-9999,-9999,-9999,-9999,-9999,-9999,-9999,-9999,-9999,0.10759161412715912
"2025-06-18 14:57:55",-17.4,-17.4,-15.6,-15.8,0.3,-0.8,-12.1,-10.7,-12.6,-13.8,-12.8,-9999,-9999,-9999,-9999,-9999,-9999,-9999,-9999,-9999,0.10758563131093979
"2025-06-18 14:58:05",-17.4,-17.4,-15.6,-15.8,0.2,-0.8,-12.1,-10.7,-12.6,-13.8,-12.8,-9999,-9999,-9999,-9999,-9999,-9999,-9999,-9999,-9999,0.10759241133928299
"2025-06-18 14:58:16",-17.5,-17.4,-15.5,-15.8,0.2,-0.8,-12.1,-10.7,-12.6,-13.8,-12.7,-9999,-9999,-9999,-9999,-9999,-9999,-9999,-9999,-9999,0.10758158564567566
"2025-06-18 14:58:26",-17.4,-17.4,-15.6,-15.8,0.3,-0.8,-12.1,-10.7,-12.6,-13.8,-12.7,-9999,-9999,-9999,-9999,-9999,-9999,-9999,-9999,-9999,0.10756294429302216
"2025-06-18 14:58:36",-17.5,-17.4,-15.6,-15.8,0.3,-0.8,-12.1,-10.7,-12.6,-13.8,-12.7,-9999,-9999,-9999,-9999,-9999,-9999,-9999,-9999,-9999,0.10754179209470749
"2025-06-18 14:58:47",-17.5,-17.5,-15.6,-15.9,0.2,-0.8,-12.1,-10.7,-12.6,-13.8,-12.7,-9999,-9999,-9999,-9999,-9999,-9999,-9999,-9999,-9999,0.1075386330485344
"2025-06-18 14:58:57",-17.4,-17.4,-15.5,-15.8,0.2,-0.8,-12.1,-10.7,-12.6,-13.8,-12.7,-9999,-9999,-9999,-9999,-9999,-9999,-9999,-9999,-9999,0.10753428190946579
"2025-06-18 14:59:08",-17.4,-17.3,-15.5,-15.8,0.2,-0.8,-12.1,-10.7,-12.6,-13.8,-12.7,-9999,-9999,-9999,-9999,-9999,-9999,-9999,-9999,-9999,0.10752438008785248
"2025-06-18 14:59:18",-17.5,-17.4,-15.6,-15.9,0.2,-0.8,-12.1,-10.7,-12.6,-13.8,-12.7,-9999,-9999,-9999,-9999,-9999,-9999,-9999,-9999,-9999,0.10750898718833923
"2025-06-18 14:59:28",-17.4,-17.4,-15.5,-15.8,0.2,-0.8,-12.1,-10.7,-12.6,-13.8,-12.7,-9999,-9999,-9999,-9999,-9999,-9999,-9999,-9999,-9999,0.10751698911190033
"2025-06-18 14:59:39",-17.5,-17.4,-15.6,-15.8,0.3,-0.8,-12.1,-10.7,-12.6,-13.8,-12.7,-9999,-9999,-9999,-9999,-9999,-9999,-9999,-9999,-9999,0.10749417543411255
"2025-06-18 14:59:49",-17.4,-17.4,-15.5,-15.8,0.2,-0.8,-12.1,-10.7,-12.6,-13.7,-12.7,-9999,-9999,-9999,-9999,-9999,-9999,-9999,-9999,-9999,0.1074800118803978
"2025-06-18 14:59:59",-17.5,-17.4,-15.6,-15.9,0.2,-0.8,-12.1,-10.7,-12.6,-13.7,-12.7,-9999,-9999,-9999,-9999,-9999,-9999,-9999,-9999,-9999,0.10747544467449188
"2025-06-18 15:00:10",-17.5,-17.4,-15.6,-15.9,0.2,-0.8,-12.1,-10.7,-12.6,-13.7,-12.7,-9999,-9999,-9999,-9999,-9999,-9999,-9999,-9999,-9999,0.10746067017316818
"2025-06-18 15:00:20",-17.5,-17.4,-15.6,-15.8,0.3,-0.8,-12.1,-10.7,-12.6,-13.7,-12.7,-9999,-9999,-9999,-9999,-9999,-9999,-9999,-9999,-9999,0.10744141042232513
"2025-06-18 15:00:31",-17.4,-17.4,-15.6,-15.8,0.2,-0.8,-12.1,-10.7,-12.6,-13.8,-12.7,-9999,-9999,-9999,-9999,-9999,-9999,-9999,-9999,-9999,0.10742583870887756
"2025-06-18 15:00:41",-17.5,-17.4,-15.6,-15.8,0.3,-0.8,-12.1,-10.7,-12.6,-13.7,-12.7,-9999,-9999,-9999,-9999,-9999,-9999,-9999,-9999,-9999,0.1074100211262703
"2025-06-18 15:00:51",-17.5,-17.4,-15.6,-15.8,0.2,-0.9,-12.1,-10.7,-12.6,-13.8,-12.7,-9999,-9999,-9999,-9999,-9999,-9999,-9999,-9999,-9999,0.10743169486522675
"2025-06-18 15:01:02",-17.4,-17.4,-15.6,-15.8,-0.5,-1.8,-12.1,-10.7,-12.6,-13.7,-12.7,-9999,-9999,-9999,-9999,-9999,-9999,-9999,-9999,-9999,0.10751453787088394
"2025-06-18 15:01:12",-17.3,-17.3,-15.5,-15.8,-1.3,-2.8,-12.1,-10.7,-12.6,-13.7,-12.7,-9999,-9999,-9999,-9999,-9999,-9999,-9999,-9999,-9999,0.10764133930206299
"2025-06-18 15:01:22",-17.1,-17.1,-15.3,-15.7,-1.9,-3.6,-12.1,-10.7,-12.6,-13.7,-12.7,-9999,-9999,-9999,-9999,-9999,-9999,-9999,-9999,-9999,0.10779647529125214
"2025-06-18 15:01:33",-16.9,-16.9,-15.2,-15.5,-2.7,-4.4,-12,-10.7,-12.5,-13.7,-12.7,-9999,-9999,-9999,-9999,-9999,-9999,-9999,-9999,-9999,0.1079735979437828
"2025-06-18 15:01:43",-16.8,-16.8,-15,-15.4,-3.3,-5.1,-12,-10.7,-12.5,-13.7,-12.6,-9999,-9999,-9999,-9999,-9999,-9999,-9999,-9999,-9999,0.1081715002655983
"2025-06-18 15:01:54",-16.6,-16.5,-14.8,-15.2,-3.9,-5.7,-12,-10.7,-12.5,-13.6,-12.6,-9999,-9999,-9999,-9999,-9999,-9999,-9999,-9999,-9999,0.1083793044090271
"2025-06-18 15:02:04",-16.4,-16.3,-14.5,-15,-4.5,-6.2,-11.9,-10.8,-12.4,-13.6,-12.6,-9999,-9999,-9999,-9999,-9999,-9999,-9999,-9999,-9999,0.10861799120903015
"2025-06-18 15:02:14",-16.2,-16.1,-14.3,-14.7,-5,-6.8,-11.8,-10.8,-12.4,-13.5,-12.6,-9999,-9999,-9999,-9999,-9999,-9999,-9999,-9999,-9999,0.10887552797794342
"2025-06-18 15:02:25",-15.9,-15.8,-14.1,-14.5,-5.5,-7.2,-11.8,-10.8,-12.4,-13.4,-12.5,-9999,-9999,-9999,-9999,-9999,-9999,-9999,-9999,-9999,0.10913152992725372
"2025-06-18 15:02:35",-15.6,-15.6,-13.8,-14.2,-5.9,-7.6,-11.7,-10.8,-12.3,-13.3,-12.5,-9999,-9999,-9999,-9999,-9999,-9999,-9999,-9999,-9999,0.10938441008329391
"2025-06-18 15:02:46",-15.5,-15.4,-13.6,-14,-6.4,-8,-11.6,-10.9,-12.3,-13.3,-12.4,-9999,-9999,-9999,-9999,-9999,-9999,-9999,-9999,-9999,0.10963516682386398
"2025-06-18 15:02:56",-15.2,-15.2,-13.4,-13.7,-6.7,-8.4,-11.5,-10.9,-12.2,-13.2,-12.4,-9999,-9999,-9999,-9999,-9999,-9999,-9999,-9999,-9999,0.10991061478853226
"2025-06-18 15:03:06",-14.9,-14.9,-13.1,-13.4,-7.1,-8.6,-11.5,-10.9,-12.1,-13.1,-12.3,-9999,-9999,-9999,-9999,-9999,-9999,-9999,-9999,-9999,0.11017443239688873
"2025-06-18 15:03:17",-14.7,-14.6,-12.9,-13.2,-7.4,-8.9,-11.4,-10.9,-12.1,-12.9,-12.2,-9999,-9999,-9999,-9999,-9999,-9999,-9999,-9999,-9999,0.11046762764453888
"2025-06-18 15:03:27",-14.5,-14.5,-12.6,-13,-7.7,-9.2,-11.3,-10.9,-12,-12.9,-12.2,-9999,-9999,-9999,-9999,-9999,-9999,-9999,-9999,-9999,0.11073193699121475
"2025-06-18 15:03:37",-14.3,-14.2,-12.4,-12.7,-8,-9.4,-11.2,-10.9,-11.9,-12.7,-12.1,-9999,-9999,-9999,-9999,-9999,-9999,-9999,-9999,-9999,0.11099545657634735
"2025-06-18 15:03:48",-14,-14,-12.2,-12.5,-8.2,-9.5,-11.2,-10.9,-11.8,-12.6,-12,-9999,-9999,-9999,-9999,-9999,-9999,-9999,-9999,-9999,0.11125915497541428
"2025-06-18 15:03:58",-13.9,-13.8,-11.9,-12.2,-8.4,-9.7,-11,-10.8,-11.8,-12.5,-12,-9999,-9999,-9999,-9999,-9999,-9999,-9999,-9999,-9999,0.1115228533744812
"2025-06-18 15:04:09",-13.5,-13.5,-11.7,-11.9,-8.6,-9.8,-11,-10.8,-11.7,-12.4,-11.9,-9999,-9999,-9999,-9999,-9999,-9999,-9999,-9999,-9999,0.11180277168750763
"2025-06-18 15:04:19",-13.4,-13.4,-11.5,-11.8,-8.8,-10,-10.9,-10.8,-11.6,-12.3,-11.8,-9999,-9999,-9999,-9999,-9999,-9999,-9999,-9999,-9999,0.11208167672157288
"2025-06-18 15:04:29",-13.1,-13.1,-11.3,-11.5,-9,-10.1,-10.8,-10.8,-11.5,-12.2,-11.8,-9999,-9999,-9999,-9999,-9999,-9999,-9999,-9999,-9999,0.11230923235416412
"2025-06-18 15:04:40",-13,-12.9,-11.1,-11.3,-9.1,-10.1,-10.8,-10.7,-11.5,-12.1,-11.7,-9999,-9999,-9999,-9999,-9999,-9999,-9999,-9999,-9999,0.11256962269544601
"2025-06-18 15:04:50",-12.7,-12.7,-10.9,-11.1,-9.2,-10.2,-10.7,-10.7,-11.4,-12,-11.6,-9999,-9999,-9999,-9999,-9999,-9999,-9999,-9999,-9999,0.11284861713647842
"2025-06-18 15:05:01",-12.6,-12.6,-10.7,-10.9,-9.3,-10.3,-10.6,-10.7,-11.3,-11.9,-11.5,-9999,-9999,-9999,-9999,-9999,-9999,-9999,-9999,-9999,0.1130857989192009
"2025-06-18 15:05:11",-12.3,-12.3,-10.5,-10.7,-9.4,-10.3,-10.5,-10.6,-11.2,-11.8,-11.4,-9999,-9999,-9999,-9999,-9999,-9999,-9999,-9999,-9999,0.11331050097942352
"2025-06-18 15:05:21",-12.2,-12.2,-10.3,-10.5,-9.5,-10.3,-10.5,-10.6,-11.2,-11.7,-11.4,-9999,-9999,-9999,-9999,-9999,-9999,-9999,-9999,-9999,0.11356570571660995
"2025-06-18 15:05:32",-11.9,-11.9,-10.1,-10.3,-9.5,-10.3,-10.3,-10.5,-11.1,-11.5,-11.3,-9999,-9999,-9999,-9999,-9999,-9999,-9999,-9999,-9999,0.11379712074995041
"2025-06-18 15:05:42",-11.8,-11.8,-10,-10.2,-9.6,-10.4,-10.3,-10.4,-11,-11.4,-11.2,-9999,-9999,-9999,-9999,-9999,-9999,-9999,-9999,-9999,0.11399275809526443
"2025-06-18 15:05:52",-11.6,-11.6,-9.8,-10,-9.6,-10.4,-10.2,-10.4,-10.9,-11.3,-11.1,-9999,-9999,-9999,-9999,-9999,-9999,-9999,-9999,-9999,0.11424250900745392
"2025-06-18 15:06:03",-11.4,-11.4,-9.6,-9.8,-9.7,-10.3,-10.2,-10.3,-10.8,-11.2,-11,-9999,-9999,-9999,-9999,-9999,-9999,-9999,-9999,-9999,0.11446509510278702
"2025-06-18 15:06:13",-11.3,-11.3,-9.5,-9.7,-9.7,-10.3,-10.1,-10.3,-10.8,-11.1,-10.9,-9999,-9999,-9999,-9999,-9999,-9999,-9999,-9999,-9999,0.11464445292949677
"2025-06-18 15:06:24",-11.1,-11.1,-9.3,-9.5,-9.7,-10.3,-10,-10.2,-10.6,-11,-10.9,-9999,-9999,-9999,-9999,-9999,-9999,-9999,-9999,-9999,0.1148749440908432
"2025-06-18 15:06:34",-10.9,-11,-9.2,-9.4,-9.7,-10.3,-9.9,-10.1,-10.6,-10.9,-10.8,-9999,-9999,-9999,-9999,-9999,-9999,-9999,-9999,-9999,0.11504621058702469
"2025-06-18 15:06:44",-10.8,-10.8,-9.1,-9.2,-9.7,-10.2,-9.9,-10.1,-10.5,-10.8,-10.7,-9999,-9999,-9999,-9999,-9999,-9999,-9999,-9999,-9999,0.11522939801216125
"2025-06-18 15:06:55",-10.7,-10.7,-8.9,-9.1,-9.7,-10.2,-9.8,-10,-10.4,-10.7,-10.6,-9999,-9999,-9999,-9999,-9999,-9999,-9999,-9999,-9999,0.11544661968946457
"2025-06-18 15:07:05",-10.5,-10.6,-8.8,-9,-9.7,-10.1,-9.7,-9.9,-10.3,-10.6,-10.5,-9999,-9999,-9999,-9999,-9999,-9999,-9999,-9999,-9999,0.1155972108244896
"2025-06-18 15:07:16",-10.5,-10.4,-8.7,-8.9,-9.7,-10.1,-9.6,-9.9,-10.3,-10.5,-10.4,-9999,-9999,-9999,-9999,-9999,-9999,-9999,-9999,-9999,0.11580541729927063
"2025-06-18 15:07:26",-10.3,-10.3,-8.6,-8.7,-9.7,-10,-9.6,-9.8,-10.2,-10.4,-10.3,-9999,-9999,-9999,-9999,-9999,-9999,-9999,-9999,-9999,0.11594933271408081
"2025-06-18 15:07:36",-10.1,-10.2,-8.5,-8.6,-9.6,-10,-9.5,-9.7,-10.1,-10.3,-10.2,-9999,-9999,-9999,-9999,-9999,-9999,-9999,-9999,-9999,0.11613243073225021
"2025-06-18 15:07:47",-10,-10,-8.3,-8.5,-9.6,-9.9,-9.4,-9.6,-10,-10.2,-10.2,-9999,-9999,-9999,-9999,-9999,-9999,-9999,-9999,-9999,0.11628575623035431
"2025-06-18 15:07:57",-9.9,-9.9,-8.3,-8.4,-9.6,-9.9,-9.4,-9.6,-9.9,-10.1,-10.1,-9999,-9999,-9999,-9999,-9999,-9999,-9999,-9999,-9999,0.11642733961343765
"2025-06-18 15:08:07",-9.8,-9.8,-8.1,-8.3,-9.5,-9.8,-9.3,-9.5,-9.9,-10,-10,-9999,-9999,-9999,-9999,-9999,-9999,-9999,-9999,-9999,0.11660072207450867
"2025-06-18 15:08:18",-9.7,-9.7,-8.1,-8.2,-9.5,-9.8,-9.2,-9.4,-9.8,-9.9,-9.9,-9999,-9999,-9999,-9999,-9999,-9999,-9999,-9999,-9999,0.11671636998653412
"2025-06-18 15:08:28",-9.6,-9.6,-8,-8.1,-9.5,-9.7,-9.1,-9.3,-9.7,-9.8,-9.8,-9999,-9999,-9999,-9999,-9999,-9999,-9999,-9999,-9999,0.11688315123319626
"2025-06-18 15:08:39",-9.5,-9.5,-7.8,-8,-9.4,-9.6,-9,-9.3,-9.6,-9.7,-9.7,-9999,-9999,-9999,-9999,-9999,-9999,-9999,-9999,-9999,0.11699272692203522
"2025-06-18 15:08:49",-9.4,-9.4,-7.8,-8,-9.4,-9.5,-9,-9.2,-9.5,-9.7,-9.6,-9999,-9999,-9999,-9999,-9999,-9999,-9999,-9999,-9999,0.11713805049657822
"2025-06-18 15:08:59",-9.3,-9.3,-7.7,-7.9,-9.3,-9.5,-8.9,-9.1,-9.4,-9.6,-9.5,-9999,-9999,-9999,-9999,-9999,-9999,-9999,-9999,-9999,0.11726292967796326
"2025-06-18 15:09:10",-9.2,-9.3,-7.6,-7.8,-9.2,-9.4,-8.8,-9,-9.4,-9.5,-9.5,-9999,-9999,-9999,-9999,-9999,-9999,-9999,-9999,-9999,0.11735962331295013
"2025-06-18 15:09:20",-9.1,-9.1,-7.5,-7.7,-9.2,-9.3,-8.7,-9,-9.3,-9.4,-9.4,-9999,-9999,-9999,-9999,-9999,-9999,-9999,-9999,-9999,0.1175045520067215
"2025-06-18 15:09:30",-9.1,-9.1,-7.5,-7.7,-9.1,-9.3,-8.7,-8.9,-9.2,-9.3,-9.3,-9999,-9999,-9999,-9999,-9999,-9999,-9999,-9999,-9999,0.11757200211286545
"2025-06-18 15:09:41",-9,-9,-7.4,-7.6,-9.1,-9.2,-8.6,-8.8,-9.1,-9.2,-9.2,-9999,-9999,-9999,-9999,-9999,-9999,-9999,-9999,-9999,0.11770681291818619
"2025-06-18 15:09:51",-8.9,-8.9,-7.4,-7.5,-9,-9.1,-8.6,-8.7,-9.1,-9.1,-9.2,-9999,-9999,-9999,-9999,-9999,-9999,-9999,-9999,-9999,0.11777162551879883
"2025-06-18 15:10:02",-8.9,-8.9,-7.3,-7.5,-9,-9.1,-8.5,-8.7,-9,-9.1,-9.1,-9999,-9999,-9999,-9999,-9999,-9999,-9999,-9999,-9999,0.11790165305137634
"2025-06-18 15:10:12",-8.8,-8.8,-7.2,-7.4,-8.9,-9,-8.4,-8.6,-8.9,-9,-9,-9999,-9999,-9999,-9999,-9999,-9999,-9999,-9999,-9999,0.1179574504494667
"2025-06-18 15:10:22",-8.8,-8.8,-7.1,-7.4,-8.9,-8.9,-8.3,-8.5,-8.8,-8.9,-8.9,-9999,-9999,-9999,-9999,-9999,-9999,-9999,-9999,-9999,0.11807147413492203
"2025-06-18 15:10:33",-8.7,-8.7,-7.1,-7.3,-8.8,-8.8,-8.3,-8.5,-8.8,-8.8,-8.9,-9999,-9999,-9999,-9999,-9999,-9999,-9999,-9999,-9999,0.11811329424381256
"2025-06-18 15:10:43",-8.7,-8.6,-7.1,-7.2,-8.8,-8.8,-8.2,-8.4,-8.7,-8.8,-8.8,-9999,-9999,-9999,-9999,-9999,-9999,-9999,-9999,-9999,0.11822562664747238
"2025-06-18 15:10:54",-8.6,-8.6,-7.1,-7.2,-8.7,-8.7,-8.1,-8.3,-8.6,-8.7,-8.7,-9999,-9999,-9999,-9999,-9999,-9999,-9999,-9999,-9999,0.11825539916753769
"2025-06-18 15:11:04",-8.5,-8.5,-7,-7.2,-8.7,-8.7,-8.1,-8.3,-8.6,-8.7,-8.6,-9999,-9999,-9999,-9999,-9999,-9999,-9999,-9999,-9999,0.11834540963172913
"2025-06-18 15:11:14",-8.5,-8.5,-6.9,-7.1,-8.6,-8.6,-8,-8.2,-8.5,-8.6,-8.6,-9999,-9999,-9999,-9999,-9999,-9999,-9999,-9999,-9999,0.11837588995695114
"2025-06-18 15:11:25",-8.5,-8.5,-6.9,-7.1,-8.5,-8.6,-8,-8.2,-8.4,-8.5,-8.5,-9999,-9999,-9999,-9999,-9999,-9999,-9999,-9999,-9999,0.11845943331718445
"2025-06-18 15:11:35",-8.4,-8.4,-6.9,-7,-8.5,-8.5,-7.9,-8.1,-8.4,-8.5,-8.5,-9999,-9999,-9999,-9999,-9999,-9999,-9999,-9999,-9999,0.11848141252994537
"2025-06-18 15:11:45",-8.3,-8.4,-6.9,-7,-8.5,-8.4,-7.9,-8.1,-8.3,-8.4,-8.4,-9999,-9999,-9999,-9999,-9999,-9999,-9999,-9999,-9999,0.11855180561542511
"2025-06-18 15:11:56",-8.3,-8.3,-6.8,-7,-8.4,-8.4,-7.8,-8,-8.3,-8.3,-8.3,-9999,-9999,-9999,-9999,-9999,-9999,-9999,-9999,-9999,0.11857357621192932
"2025-06-18 15:12:06",-8.3,-8.3,-6.8,-7,-8.3,-8.3,-7.8,-8,-8.2,-8.3,-8.3,-9999,-9999,-9999,-9999,-9999,-9999,-9999,-9999,-9999,0.11860426515340805
"2025-06-18 15:12:17",-8.3,-8.3,-6.8,-6.9,-8.3,-8.3,-7.7,-7.9,-8.2,-8.2,-8.2,-9999,-9999,-9999,-9999,-9999,-9999,-9999,-9999,-9999,0.11865672469139099
"2025-06-18 15:12:27",-8.2,-8.2,-6.8,-6.9,-8.2,-8.3,-7.7,-7.9,-8.1,-8.2,-8.2,-9999,-9999,-9999,-9999,-9999,-9999,-9999,-9999,-9999,0.11865966767072678
"2025-06-18 15:12:37",-8.2,-8.2,-6.7,-6.9,-8.2,-8.2,-7.6,-7.8,-8,-8.1,-8.1,-9999,-9999,-9999,-9999,-9999,-9999,-9999,-9999,-9999,0.1187194213271141
"2025-06-18 15:12:48",-8.2,-8.2,-6.7,-6.9,-8.1,-8.1,-7.6,-7.8,-8,-8.1,-8.1,-9999,-9999,-9999,-9999,-9999,-9999,-9999,-9999,-9999,0.11871111392974854
"2025-06-18 15:12:58",-8.1,-8.1,-6.7,-6.9,-8.1,-8.1,-7.6,-7.7,-8,-8,-8,-9999,-9999,-9999,-9999,-9999,-9999,-9999,-9999,-9999,0.118763267993927
"2025-06-18 15:13:08",-8.1,-8.2,-6.7,-6.8,-8.1,-8.1,-7.5,-7.7,-7.9,-8,-8,-9999,-9999,-9999,-9999,-9999,-9999,-9999,-9999,-9999,0.11874716728925705
"2025-06-18 15:13:19",-8.1,-8.1,-6.7,-6.9,-8,-8,-7.5,-7.6,-7.9,-7.9,-7.9,-9999,-9999,-9999,-9999,-9999,-9999,-9999,-9999,-9999,0.11875799298286438
"2025-06-18 15:13:29",-8.1,-8.1,-6.7,-6.8,-8,-8,-7.4,-7.6,-7.9,-7.9,-7.9,-9999,-9999,-9999,-9999,-9999,-9999,-9999,-9999,-9999,0.11879585683345795
"2025-06-18 15:13:40",-8.1,-8.1,-6.7,-6.8,-8,-7.9,-7.4,-7.6,-7.8,-7.9,-7.9,-9999,-9999,-9999,-9999,-9999,-9999,-9999,-9999,-9999,0.11877166479825974
"2025-06-18 15:13:50",-8.1,-8.1,-6.7,-6.8,-7.9,-7.9,-7.4,-7.5,-7.8,-7.8,-7.8,-9999,-9999,-9999,-9999,-9999,-9999,-9999,-9999,-9999,0.11880367249250412
"2025-06-18 15:14:00",-8.1,-8.1,-6.7,-6.8,-7.9,-7.9,-7.4,-7.5,-7.7,-7.8,-7.8,-9999,-9999,-9999,-9999,-9999,-9999,-9999,-9999,-9999,0.11876902729272842
"2025-06-18 15:14:11",-8.1,-8.1,-6.7,-6.8,-7.9,-7.8,-7.3,-7.5,-7.7,-7.8,-7.8,-9999,-9999,-9999,-9999,-9999,-9999,-9999,-9999,-9999,0.11879545450210571
"2025-06-18 15:14:21",-8.1,-8,-6.7,-6.8,-7.9,-7.8,-7.3,-7.5,-7.7,-7.7,-7.7,-9999,-9999,-9999,-9999,-9999,-9999,-9999,-9999,-9999,0.11878098547458649
"2025-06-18 15:14:32",-8.1,-8.1,-6.7,-6.8,-7.8,-7.8,-7.3,-7.5,-7.7,-7.7,-7.7,-9999,-9999,-9999,-9999,-9999,-9999,-9999,-9999,-9999,0.11875557154417038
"2025-06-18 15:14:42",-8.1,-8.1,-6.7,-6.8,-7.8,-7.7,-7.3,-7.4,-7.6,-7.7,-7.7,-9999,-9999,-9999,-9999,-9999,-9999,-9999,-9999,-9999,0.1187816932797432
"2025-06-18 15:14:52",-8,-8,-6.7,-6.8,-7.8,-7.7,-7.2,-7.4,-7.6,-7.7,-7.6,-9999,-9999,-9999,-9999,-9999,-9999,-9999,-9999,-9999,0.11873926222324371
"2025-06-18 15:15:03",-8,-8.1,-6.6,-6.8,-7.7,-7.7,-7.2,-7.4,-7.6,-7.6,-7.6,-9999,-9999,-9999,-9999,-9999,-9999,-9999,-9999,-9999,0.11874938011169434
"2025-06-18 15:15:13",-8.1,-8,-6.6,-6.8,-7.7,-7.7,-7.2,-7.4,-7.6,-7.6,-7.6,-9999,-9999,-9999,-9999,-9999,-9999,-9999,-9999,-9999,0.11874572932720184
"2025-06-18 15:15:23",-8,-8,-6.7,-6.8,-7.7,-7.6,-7.1,-7.4,-7.5,-7.6,-7.6,-9999,-9999,-9999,-9999,-9999,-9999,-9999,-9999,-9999,0.11868134140968323
"2025-06-18 15:15:34",-8,-8,-6.6,-6.8,-7.6,-7.6,-7.1,-7.3,-7.5,-7.5,-7.5,-9999,-9999,-9999,-9999,-9999,-9999,-9999,-9999,-9999,0.11869480460882187
"2025-06-18 15:15:44",-8,-8,-6.6,-6.8,-7.7,-7.6,-7.1,-7.3,-7.5,-7.5,-7.5,-9999,-9999,-9999,-9999,-9999,-9999,-9999,-9999,-9999,0.11868750303983688
"2025-06-18 15:15:55",-8,-8,-6.6,-6.8,-7.6,-7.6,-7.1,-7.3,-7.5,-7.5,-7.5,-9999,-9999,-9999,-9999,-9999,-9999,-9999,-9999,-9999,0.11862704902887344
"2025-06-18 15:16:05",-8,-8,-6.7,-6.8,-7.6,-7.6,-7.1,-7.3,-7.4,-7.5,-7.5,-9999,-9999,-9999,-9999,-9999,-9999,-9999,-9999,-9999,0.11860840767621994
"2025-06-18 15:16:15",-8,-8,-6.6,-6.8,-7.6,-7.6,-7.1,-7.3,-7.4,-7.5,-7.4,-9999,-9999,-9999,-9999,-9999,-9999,-9999,-9999,-9999,0.11862370371818542
"2025-06-18 15:16:26",-8,-8,-6.6,-6.8,-7.6,-7.5,-7,-7.2,-7.4,-7.5,-7.4,-9999,-9999,-9999,-9999,-9999,-9999,-9999,-9999,-9999,0.1186116561293602
"2025-06-18 15:16:36",-8,-8,-6.6,-6.8,-7.6,-7.5,-7,-7.2,-7.4,-7.4,-7.4,-9999,-9999,-9999,-9999,-9999,-9999,-9999,-9999,-9999,0.11856112629175186
"2025-06-18 15:16:47",-8,-8,-6.6,-6.8,-7.5,-7.5,-7,-7.2,-7.3,-7.4,-7.4,-9999,-9999,-9999,-9999,-9999,-9999,-9999,-9999,-9999,0.11851777881383896
"2025-06-18 15:16:57",-8,-8,-6.6,-6.8,-7.5,-7.5,-7,-7.2,-7.3,-7.4,-7.3,-9999,-9999,-9999,-9999,-9999,-9999,-9999,-9999,-9999,0.11850462108850479
"2025-06-18 15:17:07",-8,-8,-6.6,-6.9,-7.5,-7.5,-7,-7.2,-7.3,-7.4,-7.3,-9999,-9999,-9999,-9999,-9999,-9999,-9999,-9999,-9999,0.11851615458726883
"2025-06-18 15:17:18",-8,-8,-6.6,-6.9,-7.5,-7.5,-7,-7.2,-7.3,-7.4,-7.3,-9999,-9999,-9999,-9999,-9999,-9999,-9999,-9999,-9999,0.1185029074549675
"2025-06-18 15:17:28",-8,-8,-6.7,-6.8,-7.5,-7.5,-7,-7.2,-7.3,-7.4,-7.3,-9999,-9999,-9999,-9999,-9999,-9999,-9999,-9999,-9999,0.11846795678138733
"2025-06-18 15:17:38",-8,-8,-6.7,-6.9,-7.5,-7.4,-6.9,-7.1,-7.3,-7.4,-7.3,-9999,-9999,-9999,-9999,-9999,-9999,-9999,-9999,-9999,0.11843524128198624
"2025-06-18 15:17:49",-8.1,-8,-6.6,-6.9,-7.4,-7.4,-7,-7.1,-7.3,-7.3,-7.3,-9999,-9999,-9999,-9999,-9999,-9999,-9999,-9999,-9999,0.1184120625257492
"2025-06-18 15:17:59",-8,-8,-6.7,-6.8,-7.4,-7.4,-6.9,-7.1,-7.3,-7.3,-7.3,-9999,-9999,-9999,-9999,-9999,-9999,-9999,-9999,-9999,0.11836061626672745
"2025-06-18 15:18:10",-8,-8,-6.6,-6.9,-7.4,-7.4,-6.9,-7.1,-7.2,-7.3,-7.3,-9999,-9999,-9999,-9999,-9999,-9999,-9999,-9999,-9999,0.11830583214759827
"2025-06-18 15:18:20",-8,-8,-6.7,-6.9,-7.4,-7.4,-6.9,-7.1,-7.2,-7.3,-7.3,-9999,-9999,-9999,-9999,-9999,-9999,-9999,-9999,-9999,0.1182980090379715
"2025-06-18 15:18:30",-8.1,-8,-6.7,-6.9,-7.4,-7.4,-6.9,-7.1,-7.2,-7.3,-7.3,-9999,-9999,-9999,-9999,-9999,-9999,-9999,-9999,-9999,0.11826195567846298
"2025-06-18 15:18:41",-8.1,-8,-6.7,-6.9,-7.4,-7.4,-6.9,-7.1,-7.2,-7.3,-7.2,-9999,-9999,-9999,-9999,-9999,-9999,-9999,-9999,-9999,0.11825447529554367
"2025-06-18 15:18:51",-8,-8,-6.7,-6.9,-7.4,-7.4,-6.9,-7.1,-7.2,-7.3,-7.2,-9999,-9999,-9999,-9999,-9999,-9999,-9999,-9999,-9999,0.11825337260961533
"2025-06-18 15:19:01",-8.1,-8,-6.7,-6.9,-7.4,-7.3,-6.9,-7.1,-7.2,-7.3,-7.2,-9999,-9999,-9999,-9999,-9999,-9999,-9999,-9999,-9999,0.11820849031209946
"2025-06-18 15:19:12",-8.1,-8,-6.7,-6.9,-7.4,-7.3,-6.9,-7.1,-7.2,-7.3,-7.2,-9999,-9999,-9999,-9999,-9999,-9999,-9999,-9999,-9999,0.11815927922725677
"2025-06-18 15:19:22",-8.1,-8.1,-6.7,-6.9,-7.3,-7.3,-6.9,-7.1,-7.2,-7.3,-7.2,-9999,-9999,-9999,-9999,-9999,-9999,-9999,-9999,-9999,0.11812300980091095
"2025-06-18 15:19:33",-8.1,-8,-6.7,-6.9,-7.4,-7.3,-6.8,-7,-7.2,-7.3,-7.2,-9999,-9999,-9999,-9999,-9999,-9999,-9999,-9999,-9999,0.11806315928697586
"2025-06-18 15:19:43",-8.1,-8.1,-6.7,-6.9,-7.3,-7.3,-6.9,-7,-7.2,-7.3,-7.2,-9999,-9999,-9999,-9999,-9999,-9999,-9999,-9999,-9999,0.11802419275045395
"2025-06-18 15:19:53",-8.1,-8.1,-6.7,-6.9,-7.3,-7.3,-6.9,-7,-7.2,-7.2,-7.2,-9999,-9999,-9999,-9999,-9999,-9999,-9999,-9999,-9999,0.11798994988203049
"2025-06-18 15:20:04",-8.1,-8.1,-6.7,-6.9,-7.3,-7.3,-6.8,-7,-7.2,-7.2,-7.2,-9999,-9999,-9999,-9999,-9999,-9999,-9999,-9999,-9999,0.11794742196798325
"2025-06-18 15:20:14",-8.1,-8.1,-6.7,-6.9,-7.3,-7.3,-6.8,-7,-7.2,-7.2,-7.2,-9999,-9999,-9999,-9999,-9999,-9999,-9999,-9999,-9999,0.11792099475860596
"2025-06-18 15:20:25",-8.1,-8.1,-6.8,-6.9,-7.3,-7.3,-6.8,-7,-7.1,-7.2,-7.2,-9999,-9999,-9999,-9999,-9999,-9999,-9999,-9999,-9999,0.11788046360015869
"2025-06-18 15:20:35",-8.1,-8.1,-6.8,-6.9,-7.3,-7.3,-6.8,-7,-7.1,-7.2,-7.2,-9999,-9999,-9999,-9999,-9999,-9999,-9999,-9999,-9999,0.11783815175294876
"2025-06-18 15:20:45",-8.2,-8.1,-6.8,-7,-7.3,-7.3,-6.8,-7,-7.1,-7.2,-7.2,-9999,-9999,-9999,-9999,-9999,-9999,-9999,-9999,-9999,0.11779510974884033
"2025-06-18 15:20:56",-8.1,-8.1,-6.8,-7,-7.3,-7.3,-6.8,-7,-7.2,-7.2,-7.1,-9999,-9999,-9999,-9999,-9999,-9999,-9999,-9999,-9999,0.11780544370412827
"2025-06-18 15:21:06",-8.1,-8.1,-6.8,-6.9,-7.3,-7.3,-6.8,-7,-7.2,-7.2,-7.2,-9999,-9999,-9999,-9999,-9999,-9999,-9999,-9999,-9999,0.11777413636445999
"2025-06-18 15:21:16",-8.1,-8.1,-6.8,-7,-7.3,-7.3,-6.8,-7,-7.2,-7.2,-7.1,-9999,-9999,-9999,-9999,-9999,-9999,-9999,-9999,-9999,0.11776816099882126
"2025-06-18 15:21:27",-8.1,-8.1,-6.8,-6.9,-7.3,-7.3,-6.8,-7,-7.2,-7.2,-7.1,-9999,-9999,-9999,-9999,-9999,-9999,-9999,-9999,-9999,0.1178070679306984
"2025-06-18 15:21:37",-8,-8,-6.7,-6.9,-7.3,-7.3,-6.8,-7,-7.1,-7.2,-7.2,-9999,-9999,-9999,-9999,-9999,-9999,-9999,-9999,-9999,0.11789171397686005
"2025-06-18 15:21:48",-7.8,-7.8,-6.5,-6.9,-7.3,-7.3,-6.8,-7,-7.1,-7.2,-7.1,-9999,-9999,-9999,-9999,-9999,-9999,-9999,-9999,-9999,0.11803826689720154
"2025-06-18 15:21:58",-7.6,-7.6,-6.3,-6.7,-7.2,-7.2,-6.7,-7,-7.1,-7.2,-7.1,-9999,-9999,-9999,-9999,-9999,-9999,-9999,-9999,-9999,0.11824334412813187
"2025-06-18 15:22:08",-7.4,-7.4,-6.1,-6.5,-7.2,-7.2,-6.7,-6.9,-7,-7.1,-7.1,-9999,-9999,-9999,-9999,-9999,-9999,-9999,-9999,-9999,0.11847323179244995
"2025-06-18 15:22:19",-7.2,-7.2,-5.9,-6.3,-7.1,-7.1,-6.6,-6.8,-7,-7.1,-7,-9999,-9999,-9999,-9999,-9999,-9999,-9999,-9999,-9999,0.11863961815834045
"2025-06-18 15:22:29",-7,-6.9,-5.7,-6.1,-7.1,-7,-6.5,-6.8,-6.9,-7,-7,-9999,-9999,-9999,-9999,-9999,-9999,-9999,-9999,-9999,0.11885036528110504
"2025-06-18 15:22:39",-6.7,-6.7,-5.4,-5.8,-7,-7,-6.5,-6.7,-6.8,-6.9,-6.9,-9999,-9999,-9999,-9999,-9999,-9999,-9999,-9999,-9999,0.11909714341163635
"2025-06-18 15:22:50",-6.5,-6.5,-5.2,-5.6,-6.9,-6.9,-6.4,-6.6,-6.7,-6.8,-6.8,-9999,-9999,-9999,-9999,-9999,-9999,-9999,-9999,-9999,0.11938497424125671
"2025-06-18 15:23:00",-6.3,-6.2,-5,-5.3,-6.8,-6.8,-6.2,-6.4,-6.6,-6.7,-6.7,-9999,-9999,-9999,-9999,-9999,-9999,-9999,-9999,-9999,0.1196618527173996
"2025-06-18 15:23:11",-6,-6,-4.7,-5.1,-6.7,-6.7,-6.1,-6.3,-6.5,-6.6,-6.6,-9999,-9999,-9999,-9999,-9999,-9999,-9999,-9999,-9999,0.11989406496286392
"2025-06-18 15:23:21",-5.8,-5.7,-4.5,-4.8,-6.6,-6.6,-6,-6.2,-6.4,-6.5,-6.5,-9999,-9999,-9999,-9999,-9999,-9999,-9999,-9999,-9999,0.12013701349496841
"2025-06-18 15:23:31",-5.5,-5.5,-4.2,-4.5,-6.5,-6.5,-5.9,-6.1,-6.3,-6.4,-6.4,-9999,-9999,-9999,-9999,-9999,-9999,-9999,-9999,-9999,0.12043118476867676
"2025-06-18 15:23:42",-5.3,-5.2,-4,-4.3,-6.4,-6.3,-5.7,-5.9,-6.1,-6.2,-6.3,-9999,-9999,-9999,-9999,-9999,-9999,-9999,-9999,-9999,0.1207379624247551
"2025-06-18 15:23:52",-5.1,-5,-3.8,-4,-6.2,-6.2,-5.6,-5.8,-6,-6.1,-6.2,-9999,-9999,-9999,-9999,-9999,-9999,-9999,-9999,-9999,0.12096965312957764
"2025-06-18 15:24:03",-4.8,-4.8,-3.5,-3.8,-6.1,-6.1,-5.5,-5.6,-5.9,-5.9,-6,-9999,-9999,-9999,-9999,-9999,-9999,-9999,-9999,-9999,0.12121959030628204
"2025-06-18 15:24:13",-4.6,-4.5,-3.3,-3.5,-6,-5.9,-5.3,-5.5,-5.7,-5.8,-5.9,-9999,-9999,-9999,-9999,-9999,-9999,-9999,-9999,-9999,0.1215277761220932
"2025-06-18 15:24:23",-4.3,-4.3,-3.1,-3.3,-5.8,-5.8,-5.2,-5.3,-5.6,-5.6,-5.8,-9999,-9999,-9999,-9999,-9999,-9999,-9999,-9999,-9999,0.12182559818029404
"2025-06-18 15:24:34",-4.1,-4.1,-2.8,-3.1,-5.7,-5.6,-5,-5.1,-5.4,-5.5,-5.6,-9999,-9999,-9999,-9999,-9999,-9999,-9999,-9999,-9999,0.12205112725496292
"2025-06-18 15:24:44",-3.9,-3.9,-2.6,-2.9,-5.5,-5.5,-4.8,-5,-5.3,-5.3,-5.5,-9999,-9999,-9999,-9999,-9999,-9999,-9999,-9999,-9999,0.12229915708303452
"2025-06-18 15:24:54",-3.7,-3.7,-2.4,-2.7,-5.4,-5.3,-4.7,-4.9,-5.1,-5.1,-5.3,-9999,-9999,-9999,-9999,-9999,-9999,-9999,-9999,-9999,0.12260366231203079
"2025-06-18 15:25:05",-3.5,-3.5,-2.2,-2.4,-5.3,-5.2,-4.5,-4.7,-5,-5,-5.2,-9999,-9999,-9999,-9999,-9999,-9999,-9999,-9999,-9999,0.12285623699426651
"2025-06-18 15:25:15",-3.3,-3.3,-2,-2.2,-5.1,-5,-4.4,-4.5,-4.8,-4.8,-5,-9999,-9999,-9999,-9999,-9999,-9999,-9999,-9999,-9999,0.12307247519493103
"2025-06-18 15:25:26",-3.1,-3.1,-1.9,-2,-4.9,-4.8,-4.2,-4.3,-4.7,-4.7,-4.9,-9999,-9999,-9999,-9999,-9999,-9999,-9999,-9999,-9999,0.12335226684808731
"2025-06-18 15:25:36",-2.9,-2.9,-1.7,-1.8,-4.8,-4.7,-4,-4.2,-4.5,-4.5,-4.7,-9999,-9999,-9999,-9999,-9999,-9999,-9999,-9999,-9999,0.12360606342554092
"2025-06-18 15:25:46",-2.8,-2.7,-1.5,-1.6,-4.6,-4.5,-3.9,-4,-4.3,-4.4,-4.6,-9999,-9999,-9999,-9999,-9999,-9999,-9999,-9999,-9999,0.12380596250295639
"2025-06-18 15:25:57",-2.6,-2.6,-1.3,-1.5,-4.5,-4.4,-3.7,-3.8,-4.2,-4.2,-4.4,-9999,-9999,-9999,-9999,-9999,-9999,-9999,-9999,-9999,0.12406371533870697
"2025-06-18 15:26:07",-2.4,-2.4,-1.2,-1.3,-4.3,-4.2,-3.5,-3.7,-4,-4,-4.3,-9999,-9999,-9999,-9999,-9999,-9999,-9999,-9999,-9999,0.12427860498428345
"2025-06-18 15:26:17",-2.2,-2.2,-1,-1.1,-4.2,-4,-3.4,-3.5,-3.8,-3.9,-4.1,-9999,-9999,-9999,-9999,-9999,-9999,-9999,-9999,-9999,0.12447194010019302
"2025-06-18 15:26:28",-2.1,-2.1,-0.9,-1,-4,-3.9,-3.2,-3.4,-3.7,-3.7,-3.9,-9999,-9999,-9999,-9999,-9999,-9999,-9999,-9999,-9999,0.1247195452451706
"2025-06-18 15:26:38",-1.9,-1.9,-0.7,-0.8,-3.8,-3.7,-3.1,-3.2,-3.5,-3.6,-3.8,-9999,-9999,-9999,-9999,-9999,-9999,-9999,-9999,-9999,0.1249157041311264
"2025-06-18 15:26:49",-1.8,-1.8,-0.6,-0.7,-3.7,-3.6,-2.9,-3.1,-3.4,-3.4,-3.6,-9999,-9999,-9999,-9999,-9999,-9999,-9999,-9999,-9999,0.1250796765089035
"2025-06-18 15:26:59",-1.6,-1.6,-0.4,-0.6,-3.6,-3.4,-2.8,-2.9,-3.2,-3.3,-3.5,-9999,-9999,-9999,-9999,-9999,-9999,-9999,-9999,-9999,0.1253107488155365
"2025-06-18 15:27:09",-1.5,-1.5,-0.3,-0.4,-3.4,-3.3,-2.6,-2.7,-3.1,-3.1,-3.3,-9999,-9999,-9999,-9999,-9999,-9999,-9999,-9999,-9999,0.1254679411649704
"2025-06-18 15:27:20",-1.4,-1.4,-0.2,-0.3,-3.3,-3.1,-2.5,-2.6,-2.9,-3,-3.2,-9999,-9999,-9999,-9999,-9999,-9999,-9999,-9999,-9999,0.1256403923034668
"2025-06-18 15:27:30",-1.2,-1.3,-0.1,-0.2,-3.1,-2.9,-2.3,-2.5,-2.8,-2.8,-3,-9999,-9999,-9999,-9999,-9999,-9999,-9999,-9999,-9999,0.1258469820022583
"2025-06-18 15:27:41",-1.1,-1.1,0,-0.1,-3,-2.8,-2.2,-2.3,-2.6,-2.7,-2.9,-9999,-9999,-9999,-9999,-9999,-9999,-9999,-9999,-9999,0.12596921622753143
"2025-06-18 15:27:51",-1,-1,0.2,0,-2.8,-2.7,-2.1,-2.2,-2.5,-2.5,-2.7,-9999,-9999,-9999,-9999,-9999,-9999,-9999,-9999,-9999,0.12614241242408752
"2025-06-18 15:28:01",-0.9,-0.9,0.3,0.1,-2.7,-2.5,-1.9,-2,-2.4,-2.4,-2.6,-9999,-9999,-9999,-9999,-9999,-9999,-9999,-9999,-9999,0.12629613280296326
"2025-06-18 15:28:12",-0.8,-0.8,0.3,0.2,-2.5,-2.4,-1.8,-1.9,-2.2,-2.3,-2.5,-9999,-9999,-9999,-9999,-9999,-9999,-9999,-9999,-9999,0.12639670073986053
"2025-06-18 15:28:22",-0.7,-0.7,0.4,0.4,-2.4,-2.3,-1.7,-1.8,-2.1,-2.1,-2.3,-9999,-9999,-9999,-9999,-9999,-9999,-9999,-9999,-9999,0.12658049166202545
"2025-06-18 15:28:32",-0.6,-0.6,0.5,0.4,-2.3,-2.1,-1.5,-1.6,-2,-2,-2.2,-9999,-9999,-9999,-9999,-9999,-9999,-9999,-9999,-9999,0.12666799128055573
"2025-06-18 15:28:43",-0.5,-0.5,0.6,0.5,-2.1,-2,-1.4,-1.5,-1.8,-1.8,-2,-9999,-9999,-9999,-9999,-9999,-9999,-9999,-9999,-9999,0.12682193517684937
"2025-06-18 15:28:53",-0.4,-0.4,0.7,0.6,-2,-1.9,-1.2,-1.4,-1.7,-1.7,-1.9,-9999,-9999,-9999,-9999,-9999,-9999,-9999,-9999,-9999,0.1269140988588333
"2025-06-18 15:29:04",-0.3,-0.3,0.8,0.7,-1.9,-1.8,-1.2,-1.3,-1.6,-1.6,-1.8,-9999,-9999,-9999,-9999,-9999,-9999,-9999,-9999,-9999,0.12703409790992737
"2025-06-18 15:29:14",-0.3,-0.3,0.8,0.7,-1.7,-1.6,-1,-1.1,-1.4,-1.5,-1.6,-9999,-9999,-9999,-9999,-9999,-9999,-9999,-9999,-9999,0.12715308368206024
"2025-06-18 15:29:24",-0.2,-0.2,0.9,0.8,-1.6,-1.5,-0.9,-1,-1.3,-1.4,-1.5,-9999,-9999,-9999,-9999,-9999,-9999,-9999,-9999,-9999,0.12720607221126556
"2025-06-18 15:29:35",-0.1,-0.1,1,0.9,-1.5,-1.4,-0.8,-0.9,-1.2,-1.3,-1.4,-9999,-9999,-9999,-9999,-9999,-9999,-9999,-9999,-9999,0.1273399293422699
"2025-06-18 15:29:45",0,-0,1,0.9,-1.4,-1.3,-0.7,-0.8,-1.1,-1.2,-1.3,-9999,-9999,-9999,-9999,-9999,-9999,-9999,-9999,-9999,0.12739937007427216
"2025-06-18 15:29:55",0,0,1.1,1,-1.3,-1.2,-0.6,-0.7,-1,-1,-1.2,-9999,-9999,-9999,-9999,-9999,-9999,-9999,-9999,-9999,0.12750916182994843
"2025-06-18 15:30:06",0.1,0.1,1.2,1,-1.2,-1.1,-0.5,-0.6,-0.9,-0.9,-1,-9999,-9999,-9999,-9999,-9999,-9999,-9999,-9999,-9999,0.12756171822547913
"2025-06-18 15:30:16",0.1,0.1,1.2,1.1,-1.1,-1,-0.4,-0.5,-0.8,-0.8,-0.9,-9999,-9999,-9999,-9999,-9999,-9999,-9999,-9999,-9999,0.12763866782188416
"2025-06-18 15:30:27",0.2,0.2,1.2,1.1,-1,-0.9,-0.3,-0.4,-0.6,-0.7,-0.8,-9999,-9999,-9999,-9999,-9999,-9999,-9999,-9999,-9999,0.1277047097682953
"2025-06-18 15:30:37",0.3,0.3,1.3,1.2,-0.9,-0.7,-0.2,-0.3,-0.6,-0.6,-0.7,-9999,-9999,-9999,-9999,-9999,-9999,-9999,-9999,-9999,0.1277482509613037
"2025-06-18 15:30:47",0.3,0.3,1.3,1.2,-0.7,-0.7,-0.1,-0.2,-0.5,-0.5,-0.6,-9999,-9999,-9999,-9999,-9999,-9999,-9999,-9999,-9999,0.12782980501651764
"2025-06-18 15:30:58",0.3,0.4,1.4,1.3,-0.7,-0.6,-0,-0.1,-0.4,-0.4,-0.5,-9999,-9999,-9999,-9999,-9999,-9999,-9999,-9999,-9999,0.12786512076854706
"2025-06-18 15:31:08",0.4,0.4,1.4,1.3,-0.6,-0.5,0.1,-0.1,-0.3,-0.4,-0.4,-9999,-9999,-9999,-9999,-9999,-9999,-9999,-9999,-9999,0.12793105840682983
"2025-06-18 15:31:18",0.4,0.4,1.4,1.4,-0.5,-0.4,0.2,0,-0.2,-0.3,-0.3,-9999,-9999,-9999,-9999,-9999,-9999,-9999,-9999,-9999,0.12796346843242645
"2025-06-18 15:31:29",0.5,0.5,1.5,1.4,-0.4,-0.3,0.3,0.1,-0.1,-0.2,-0.2,-9999,-9999,-9999,-9999,-9999,-9999,-9999,-9999,-9999,0.1280296891927719
"2025-06-18 15:31:39",0.5,0.6,1.5,1.4,-0.3,-0.2,0.4,0.2,-0.1,-0.1,-0.2,-9999,-9999,-9999,-9999,-9999,-9999,-9999,-9999,-9999,0.12804701924324036
"2025-06-18 15:31:50",0.6,0.6,1.6,1.5,-0.2,-0.1,0.5,0.3,0,-0,-0.1,-9999,-9999,-9999,-9999,-9999,-9999,-9999,-9999,-9999,0.12811768054962158
"2025-06-18 15:32:00",0.6,0.6,1.6,1.5,-0.1,-0.1,0.5,0.3,0.1,0.1,0,-9999,-9999,-9999,-9999,-9999,-9999,-9999,-9999,-9999,0.1281212419271469
"2025-06-18 15:32:10",0.7,0.7,1.7,1.5,-0,0,0.6,0.4,0.2,0.1,0.1,-9999,-9999,-9999,-9999,-9999,-9999,-9999,-9999,-9999,0.12818099558353424
"2025-06-18 15:32:21",0.7,0.7,1.7,1.6,0,0.1,0.6,0.5,0.2,0.2,0.2,-9999,-9999,-9999,-9999,-9999,-9999,-9999,-9999,-9999,0.12818636000156403
"2025-06-18 15:32:31",0.7,0.7,1.7,1.6,0.1,0.1,0.7,0.6,0.3,0.3,0.2,-9999,-9999,-9999,-9999,-9999,-9999,-9999,-9999,-9999,0.12823323905467987
"2025-06-18 15:32:42",0.7,0.8,1.8,1.6,0.1,0.2,0.8,0.6,0.4,0.3,0.3,-9999,-9999,-9999,-9999,-9999,-9999,-9999,-9999,-9999,0.12823772430419922
"2025-06-18 15:32:52",0.8,0.8,1.8,1.7,0.2,0.3,0.8,0.7,0.4,0.4,0.4,-9999,-9999,-9999,-9999,-9999,-9999,-9999,-9999,-9999,0.12828248739242554
"2025-06-18 15:33:02",0.8,0.9,1.8,1.7,0.3,0.3,0.9,0.7,0.5,0.4,0.4,-9999,-9999,-9999,-9999,-9999,-9999,-9999,-9999,-9999,0.1282825767993927
"2025-06-18 15:33:13",0.8,0.9,1.8,1.7,0.4,0.4,1,0.8,0.6,0.5,0.5,-9999,-9999,-9999,-9999,-9999,-9999,-9999,-9999,-9999,0.1282949298620224
"2025-06-18 15:33:23",0.9,0.9,1.9,1.8,0.4,0.5,1,0.8,0.6,0.6,0.6,-9999,-9999,-9999,-9999,-9999,-9999,-9999,-9999,-9999,0.12831203639507294
"2025-06-18 15:33:33",0.9,0.9,1.9,1.8,0.5,0.5,1,0.9,0.7,0.6,0.6,-9999,-9999,-9999,-9999,-9999,-9999,-9999,-9999,-9999,0.1282975673675537
"2025-06-18 15:33:44",0.9,1,1.9,1.8,0.5,0.6,1.1,1,0.7,0.7,0.7,-9999,-9999,-9999,-9999,-9999,-9999,-9999,-9999,-9999,0.12833572924137115
"2025-06-18 15:33:54",0.9,1,1.9,1.8,0.6,0.6,1.2,1,0.8,0.7,0.7,-9999,-9999,-9999,-9999,-9999,-9999,-9999,-9999,-9999,0.12829744815826416
"2025-06-18 15:34:05",1,1,1.9,1.8,0.6,0.7,1.2,1,0.9,0.8,0.8,-9999,-9999,-9999,-9999,-9999,-9999,-9999,-9999,-9999,0.12833309173583984
"2025-06-18 15:34:15",1,1,2,1.9,0.7,0.7,1.3,1.1,0.9,0.8,0.8,-9999,-9999,-9999,-9999,-9999,-9999,-9999,-9999,-9999,0.12831923365592957
"2025-06-18 15:34:25",1,1,2,1.8,0.7,0.8,1.3,1.1,0.9,0.9,0.9,-9999,-9999,-9999,-9999,-9999,-9999,-9999,-9999,-9999,0.12830980122089386
"2025-06-18 15:34:36",1,1.1,2,1.9,0.8,0.8,1.4,1.2,1,0.9,0.9,-9999,-9999,-9999,-9999,-9999,-9999,-9999,-9999,-9999,0.12829603254795074
"2025-06-18 15:34:46",1.1,1.1,2,1.9,0.8,0.9,1.4,1.2,1,1,1,-9999,-9999,-9999,-9999,-9999,-9999,-9999,-9999,-9999,0.1282881200313568
"2025-06-18 15:34:57",1.1,1.1,2,1.9,0.9,0.9,1.4,1.3,1.1,1,1,-9999,-9999,-9999,-9999,-9999,-9999,-9999,-9999,-9999,0.12827840447425842
"2025-06-18 15:35:07",1.1,1.1,2,1.9,0.9,1,1.5,1.3,1.1,1.1,1.1,-9999,-9999,-9999,-9999,-9999,-9999,-9999,-9999,-9999,0.12824630737304688
"2025-06-18 15:35:17",1.1,1.1,2,1.9,1,1,1.5,1.3,1.2,1.1,1.1,-9999,-9999,-9999,-9999,-9999,-9999,-9999,-9999,-9999,0.12825411558151245
"2025-06-18 15:35:28",1.1,1.1,2.1,1.9,1,1,1.6,1.4,1.2,1.1,1.1,-9999,-9999,-9999,-9999,-9999,-9999,-9999,-9999,-9999,0.12819771468639374
"2025-06-18 15:35:38",1.1,1.1,2,2,1.1,1.1,1.6,1.4,1.2,1.2,1.2,-9999,-9999,-9999,-9999,-9999,-9999,-9999,-9999,-9999,0.12822018563747406
"2025-06-18 15:35:49",1.1,1.1,2.1,2,1.1,1.1,1.6,1.4,1.3,1.2,1.2,-9999,-9999,-9999,-9999,-9999,-9999,-9999,-9999,-9999,0.12814898788928986
"2025-06-18 15:35:59",1.1,1.1,2.1,2,1.1,1.1,1.6,1.5,1.3,1.2,1.2,-9999,-9999,-9999,-9999,-9999,-9999,-9999,-9999,-9999,0.12816490232944489
"2025-06-18 15:36:09",1.1,1.1,2.1,2,1.1,1.2,1.7,1.5,1.3,1.3,1.3,-9999,-9999,-9999,-9999,-9999,-9999,-9999,-9999,-9999,0.12809257209300995
"2025-06-18 15:36:20",1.1,1.1,2.1,2,1.2,1.2,1.7,1.5,1.4,1.3,1.3,-9999,-9999,-9999,-9999,-9999,-9999,-9999,-9999,-9999,0.12807871401309967
"2025-06-18 15:36:30",1.1,1.2,2.1,2,1.2,1.2,1.7,1.6,1.4,1.3,1.4,-9999,-9999,-9999,-9999,-9999,-9999,-9999,-9999,-9999,0.12804386019706726
"2025-06-18 15:36:40",1.2,1.2,2.1,2,1.2,1.2,1.8,1.6,1.4,1.4,1.4,-9999,-9999,-9999,-9999,-9999,-9999,-9999,-9999,-9999,0.1280069202184677
"2025-06-18 15:36:51",1.1,1.2,2.1,2,1.3,1.3,1.8,1.6,1.4,1.4,1.4,-9999,-9999,-9999,-9999,-9999,-9999,-9999,-9999,-9999,0.12797856330871582
"2025-06-18 15:37:01",1.1,1.2,2.1,2,1.3,1.3,1.8,1.6,1.5,1.4,1.5,-9999,-9999,-9999,-9999,-9999,-9999,-9999,-9999,-9999,0.1279195100069046
"2025-06-18 15:37:12",1.1,1.2,2.1,2,1.3,1.3,1.8,1.7,1.5,1.4,1.5,-9999,-9999,-9999,-9999,-9999,-9999,-9999,-9999,-9999,0.12791568040847778
"2025-06-18 15:37:22",1.2,1.2,2.1,2,1.4,1.3,1.8,1.7,1.5,1.4,1.4,-9999,-9999,-9999,-9999,-9999,-9999,-9999,-9999,-9999,0.1278359591960907
"2025-06-18 15:37:32",1.1,1.2,2.1,2,1.4,1.4,1.8,1.7,1.5,1.5,1.5,-9999,-9999,-9999,-9999,-9999,-9999,-9999,-9999,-9999,0.1278420239686966
"2025-06-18 15:37:43",1.1,1.2,2.1,2,1.4,1.4,1.9,1.7,1.5,1.5,1.5,-9999,-9999,-9999,-9999,-9999,-9999,-9999,-9999,-9999,0.12775130569934845
"2025-06-18 15:37:53",1.1,1.2,2.1,2,1.4,1.4,1.9,1.7,1.6,1.5,1.5,-9999,-9999,-9999,-9999,-9999,-9999,-9999,-9999,-9999,0.12773944437503815
"2025-06-18 15:38:03",1.1,1.2,2.1,2,1.4,1.4,1.9,1.7,1.6,1.5,1.5,-9999,-9999,-9999,-9999,-9999,-9999,-9999,-9999,-9999,0.12767291069030762
"2025-06-18 15:38:14",1.2,1.2,2.1,2,1.4,1.4,1.9,1.7,1.6,1.5,1.6,-9999,-9999,-9999,-9999,-9999,-9999,-9999,-9999,-9999,0.1276407241821289
"2025-06-18 15:38:24",1.1,1.2,2.1,2,1.4,1.5,2,1.7,1.6,1.5,1.6,-9999,-9999,-9999,-9999,-9999,-9999,-9999,-9999,-9999,0.1275816708803177
"2025-06-18 15:38:35",1.1,1.2,2.1,2,1.5,1.4,2,1.8,1.6,1.6,1.6,-9999,-9999,-9999,-9999,-9999,-9999,-9999,-9999,-9999,0.12753507494926453
"2025-06-18 15:38:45",1.2,1.2,2.1,2,1.5,1.5,1.9,1.8,1.6,1.6,1.6,-9999,-9999,-9999,-9999,-9999,-9999,-9999,-9999,-9999,0.1274953931570053
"2025-06-18 15:38:55",1.1,1.2,2.1,2,1.5,1.5,1.9,1.8,1.6,1.6,1.6,-9999,-9999,-9999,-9999,-9999,-9999,-9999,-9999,-9999,0.12743520736694336
"2025-06-18 15:39:06",1.1,1.2,2.1,2,1.5,1.5,2,1.8,1.6,1.6,1.6,-9999,-9999,-9999,-9999,-9999,-9999,-9999,-9999,-9999,0.12740688025951385
"2025-06-18 15:39:16",1.1,1.2,2.1,1.9,1.6,1.5,2,1.8,1.7,1.6,1.6,-9999,-9999,-9999,-9999,-9999,-9999,-9999,-9999,-9999,0.1273282766342163
"2025-06-18 15:39:27",1.1,1.2,2.1,1.9,1.5,1.5,2,1.8,1.7,1.6,1.6,-9999,-9999,-9999,-9999,-9999,-9999,-9999,-9999,-9999,0.12730012834072113
"2025-06-18 15:39:37",1.1,1.2,2.1,1.9,1.5,1.5,2,1.8,1.6,1.6,1.6,-9999,-9999,-9999,-9999,-9999,-9999,-9999,-9999,-9999,0.12721891701221466
"2025-06-18 15:39:47",1.1,1.1,2.1,1.9,1.5,1.5,2,1.8,1.7,1.6,1.6,-9999,-9999,-9999,-9999,-9999,-9999,-9999,-9999,-9999,0.1271934062242508
"2025-06-18 15:39:58",1.1,1.1,2,1.9,1.6,1.5,2,1.8,1.7,1.6,1.6,-9999,-9999,-9999,-9999,-9999,-9999,-9999,-9999,-9999,0.12710872292518616
"2025-06-18 15:40:08",1.1,1.2,2,1.9,1.5,1.5,2,1.8,1.7,1.6,1.7,-9999,-9999,-9999,-9999,-9999,-9999,-9999,-9999,-9999,0.1270906925201416
"2025-06-18 15:40:18",1.1,1.1,2,1.9,1.5,1.5,2,1.8,1.7,1.6,1.7,-9999,-9999,-9999,-9999,-9999,-9999,-9999,-9999,-9999,0.12698599696159363
"2025-06-18 15:40:29",1.1,1.1,2,1.9,1.6,1.5,2,1.8,1.7,1.6,1.7,-9999,-9999,-9999,-9999,-9999,-9999,-9999,-9999,-9999,0.1269722282886505
"2025-06-18 15:40:39",1.1,1.1,2,1.9,1.6,1.6,2,1.8,1.7,1.6,1.7,-9999,-9999,-9999,-9999,-9999,-9999,-9999,-9999,-9999,0.12686851620674133
"2025-06-18 15:40:50",1.1,1.1,2,1.9,1.6,1.6,2,1.9,1.7,1.6,1.7,-9999,-9999,-9999,-9999,-9999,-9999,-9999,-9999,-9999,0.1268664002418518
"2025-06-18 15:41:00",1.1,1.1,2,1.9,1.6,1.6,2,1.9,1.7,1.7,1.7,-9999,-9999,-9999,-9999,-9999,-9999,-9999,-9999,-9999,0.12675762176513672
"2025-06-18 15:41:10",1.1,1.1,2,1.9,1.6,1.5,2.1,1.8,1.7,1.7,1.7,-9999,-9999,-9999,-9999,-9999,-9999,-9999,-9999,-9999,0.12674890458583832
"2025-06-18 15:41:21",1.1,1.1,2,1.9,1.6,1.6,2,1.9,1.7,1.7,1.7,-9999,-9999,-9999,-9999,-9999,-9999,-9999,-9999,-9999,0.12663722038269043
"2025-06-18 15:41:31",1.1,1.1,2,1.9,1.6,1.6,2,1.9,1.7,1.7,1.7,-9999,-9999,-9999,-9999,-9999,-9999,-9999,-9999,-9999,0.1266307234764099
"2025-06-18 15:41:41",1.1,1.1,2,1.9,1.6,1.6,2,1.9,1.7,1.7,1.7,-9999,-9999,-9999,-9999,-9999,-9999,-9999,-9999,-9999,0.1265278309583664
"2025-06-18 15:41:52",1,1.1,2,1.8,1.6,1.6,2.1,1.9,1.7,1.7,1.7,-9999,-9999,-9999,-9999,-9999,-9999,-9999,-9999,-9999,0.12652073800563812
"2025-06-18 15:42:02",1,1.1,2,1.8,1.6,1.6,2.1,1.9,1.7,1.7,1.7,-9999,-9999,-9999,-9999,-9999,-9999,-9999,-9999,-9999,0.126420795917511
"2025-06-18 15:42:13",1,1.1,2,1.8,1.6,1.6,2.1,1.9,1.7,1.7,1.7,-9999,-9999,-9999,-9999,-9999,-9999,-9999,-9999,-9999,0.12639881670475006
"2025-06-18 15:42:23",1,1.1,2,1.9,1.6,1.6,2.1,1.9,1.7,1.7,1.7,-9999,-9999,-9999,-9999,-9999,-9999,-9999,-9999,-9999,0.12629257142543793
"2025-06-18 15:42:33",1,1.1,1.9,1.8,1.6,1.6,2.1,1.9,1.7,1.7,1.7,-9999,-9999,-9999,-9999,-9999,-9999,-9999,-9999,-9999,0.12627850472927094
"2025-06-18 15:42:44",1,1.1,2,1.8,1.6,1.6,2.1,1.9,1.7,1.6,1.7,-9999,-9999,-9999,-9999,-9999,-9999,-9999,-9999,-9999,0.1261717826128006
"2025-06-18 15:42:54",1,1.1,2,1.9,1.6,1.6,2.1,1.9,1.7,1.7,1.7,-9999,-9999,-9999,-9999,-9999,-9999,-9999,-9999,-9999,0.12616659700870514
"2025-06-18 15:43:04",1,1,2,1.8,1.6,1.6,2.1,1.9,1.7,1.7,1.7,-9999,-9999,-9999,-9999,-9999,-9999,-9999,-9999,-9999,0.12605610489845276
"2025-06-18 15:43:15",1,1,1.9,1.8,1.6,1.6,2.1,1.8,1.7,1.7,1.7,-9999,-9999,-9999,-9999,-9999,-9999,-9999,-9999,-9999,0.12604720890522003
"2025-06-18 15:43:25",1,1,1.9,1.8,1.6,1.6,2,1.8,1.7,1.7,1.7,-9999,-9999,-9999,-9999,-9999,-9999,-9999,-9999,-9999,0.125932976603508
"2025-06-18 15:43:36",1,1,1.9,1.8,1.6,1.6,2.1,1.9,1.7,1.7,1.7,-9999,-9999,-9999,-9999,-9999,-9999,-9999,-9999,-9999,0.12592457234859467
"2025-06-18 15:43:46",1,1.1,1.9,1.8,1.6,1.6,2,1.8,1.7,1.7,1.7,-9999,-9999,-9999,-9999,-9999,-9999,-9999,-9999,-9999,0.12581892311573029
"2025-06-18 15:43:56",1,1,1.9,1.8,1.6,1.6,2.1,1.8,1.7,1.6,1.7,-9999,-9999,-9999,-9999,-9999,-9999,-9999,-9999,-9999,0.12579847872257233
"2025-06-18 15:44:07",1,1.1,1.9,1.8,1.6,1.5,2.1,1.8,1.7,1.7,1.7,-9999,-9999,-9999,-9999,-9999,-9999,-9999,-9999,-9999,0.12569975852966309
"2025-06-18 15:44:17",1,1.1,1.9,1.8,1.6,1.6,2,1.8,1.7,1.6,1.7,-9999,-9999,-9999,-9999,-9999,-9999,-9999,-9999,-9999,0.12568312883377075
"2025-06-18 15:44:28",1,1,1.9,1.8,1.6,1.5,2,1.8,1.7,1.6,1.7,-9999,-9999,-9999,-9999,-9999,-9999,-9999,-9999,-9999,0.12559391558170319
"2025-06-18 15:44:38",1,1,1.9,1.8,1.6,1.5,2,1.8,1.7,1.6,1.7,-9999,-9999,-9999,-9999,-9999,-9999,-9999,-9999,-9999,0.12555411458015442
"2025-06-18 15:44:48",0.9,1,1.9,1.8,1.5,1.5,2,1.8,1.7,1.6,1.7,-9999,-9999,-9999,-9999,-9999,-9999,-9999,-9999,-9999,0.12548626959323883
"2025-06-18 15:44:59",1,1,1.9,1.7,1.6,1.5,2,1.8,1.7,1.7,1.7,-9999,-9999,-9999,-9999,-9999,-9999,-9999,-9999,-9999,0.12543997168540955
"2025-06-18 15:45:09",0.9,1,1.9,1.8,1.6,1.5,2,1.8,1.7,1.6,1.7,-9999,-9999,-9999,-9999,-9999,-9999,-9999,-9999,-9999,0.12536495923995972
"2025-06-18 15:45:19",1,1,1.9,1.7,1.6,1.5,2,1.8,1.7,1.6,1.7,-9999,-9999,-9999,-9999,-9999,-9999,-9999,-9999,-9999,0.12531249225139618
"2025-06-18 15:45:30",1,1,1.9,1.8,1.6,1.5,2,1.8,1.7,1.6,1.7,-9999,-9999,-9999,-9999,-9999,-9999,-9999,-9999,-9999,0.12528128921985626
"2025-06-18 15:45:40",1,1,1.9,1.7,1.6,1.5,2,1.8,1.7,1.6,1.7,-9999,-9999,-9999,-9999,-9999,-9999,-9999,-9999,-9999,0.1251971274614334
"2025-06-18 15:45:51",1,1,1.9,1.7,1.6,1.5,2,1.8,1.7,1.6,1.7,-9999,-9999,-9999,-9999,-9999,-9999,-9999,-9999,-9999,0.12517240643501282
"2025-06-18 15:46:01",0.9,1,1.9,1.7,1.6,1.5,2,1.8,1.7,1.6,1.7,-9999,-9999,-9999,-9999,-9999,-9999,-9999,-9999,-9999,0.12507620453834534
"2025-06-18 15:46:11",1,1,1.9,1.7,1.6,1.5,2,1.8,1.7,1.6,1.7,-9999,-9999,-9999,-9999,-9999,-9999,-9999,-9999,-9999,0.1250716745853424
"2025-06-18 15:46:22",0.9,1,1.9,1.7,1.6,1.5,2,1.8,1.7,1.6,1.7,-9999,-9999,-9999,-9999,-9999,-9999,-9999,-9999,-9999,0.124967060983181
"2025-06-18 15:46:32",1,1,1.9,1.7,1.5,1.5,2,1.8,1.7,1.6,1.7,-9999,-9999,-9999,-9999,-9999,-9999,-9999,-9999,-9999,0.12495347857475281
"2025-06-18 15:46:43",0.9,1,1.9,1.8,1.6,1.5,2,1.8,1.7,1.6,1.7,-9999,-9999,-9999,-9999,-9999,-9999,-9999,-9999,-9999,0.12485674768686295
"2025-06-18 15:46:53",0.9,1,1.9,1.7,1.5,1.5,2,1.8,1.7,1.6,1.7,-9999,-9999,-9999,-9999,-9999,-9999,-9999,-9999,-9999,0.1248445138335228
"2025-06-18 15:47:03",0.9,1,1.9,1.7,1.6,1.5,2,1.8,1.7,1.6,1.7,-9999,-9999,-9999,-9999,-9999,-9999,-9999,-9999,-9999,0.12474039196968079
"2025-06-18 15:47:14",0.9,1,1.9,1.7,1.5,1.5,2,1.8,1.7,1.6,1.7,-9999,-9999,-9999,-9999,-9999,-9999,-9999,-9999,-9999,0.12473046034574509
"2025-06-18 15:47:24",1,0.9,1.8,1.7,1.6,1.5,2,1.8,1.7,1.6,1.7,-9999,-9999,-9999,-9999,-9999,-9999,-9999,-9999,-9999,0.12464115023612976
"2025-06-18 15:47:35",0.9,1,1.9,1.7,1.6,1.5,2,1.8,1.7,1.6,1.7,-9999,-9999,-9999,-9999,-9999,-9999,-9999,-9999,-9999,0.12463275343179703
"2025-06-18 15:47:45",1,1,1.9,1.7,1.5,1.5,2,1.8,1.7,1.6,1.7,-9999,-9999,-9999,-9999,-9999,-9999,-9999,-9999,-9999,0.12453126907348633
"2025-06-18 15:47:55",1,1,1.9,1.7,1.6,1.5,2,1.8,1.7,1.6,1.7,-9999,-9999,-9999,-9999,-9999,-9999,-9999,-9999,-9999,0.12451697885990143
"2025-06-18 15:48:06",0.9,1,1.9,1.7,1.6,1.5,2,1.8,1.7,1.6,1.7,-9999,-9999,-9999,-9999,-9999,-9999,-9999,-9999,-9999,0.12443334609270096
"2025-06-18 15:48:16",0.9,1,1.9,1.7,1.5,1.5,2,1.8,1.7,1.6,1.7,-9999,-9999,-9999,-9999,-9999,-9999,-9999,-9999,-9999,0.12441065162420273
"2025-06-18 15:48:26",0.9,1,1.9,1.7,1.5,1.5,2,1.8,1.7,1.6,1.7,-9999,-9999,-9999,-9999,-9999,-9999,-9999,-9999,-9999,0.12432882934808731
"2025-06-18 15:48:37",1,1,1.9,1.7,1.6,1.5,2,1.8,1.7,1.6,1.7,-9999,-9999,-9999,-9999,-9999,-9999,-9999,-9999,-9999,0.12427109479904175
"2025-06-18 15:48:47",0.9,1,1.9,1.7,1.6,1.5,2,1.8,1.7,1.6,1.7,-9999,-9999,-9999,-9999,-9999,-9999,-9999,-9999,-9999,0.12424294650554657
"2025-06-18 15:48:58",0.9,1,1.9,1.7,1.6,1.5,2,1.8,1.7,1.6,1.7,-9999,-9999,-9999,-9999,-9999,-9999,-9999,-9999,-9999,0.12416427582502365
"2025-06-18 15:49:08",0.9,1,1.9,1.7,1.6,1.5,2.1,1.8,1.7,1.7,1.7,-9999,-9999,-9999,-9999,-9999,-9999,-9999,-9999,-9999,0.12413319200277328
"2025-06-18 15:49:18",0.9,1,1.8,1.7,1.6,1.5,2.1,1.8,1.7,1.6,1.7,-9999,-9999,-9999,-9999,-9999,-9999,-9999,-9999,-9999,0.12406948208808899
"2025-06-18 15:49:29",0.9,1,1.9,1.7,1.6,1.5,2,1.8,1.7,1.6,1.7,-9999,-9999,-9999,-9999,-9999,-9999,-9999,-9999,-9999,0.12402796745300293
"2025-06-18 15:49:39",0.9,1,1.9,1.7,1.6,1.5,2,1.8,1.7,1.6,1.7,-9999,-9999,-9999,-9999,-9999,-9999,-9999,-9999,-9999,0.12397287040948868
"2025-06-18 15:49:49",0.9,1,1.9,1.7,1.6,1.5,2,1.8,1.7,1.6,1.7,-9999,-9999,-9999,-9999,-9999,-9999,-9999,-9999,-9999,0.12393580377101898
"2025-06-18 15:50:00",0.9,1,1.9,1.7,1.6,1.5,2,1.8,1.7,1.6,1.7,-9999,-9999,-9999,-9999,-9999,-9999,-9999,-9999,-9999,0.1238703802227974
"2025-06-18 15:50:10",0.9,1,1.9,1.7,1.5,1.5,2,1.8,1.7,1.6,1.6,-9999,-9999,-9999,-9999,-9999,-9999,-9999,-9999,-9999,0.1238170936703682
"2025-06-18 15:50:21",0.9,1,1.9,1.7,1.5,1.5,2,1.8,1.7,1.6,1.7,-9999,-9999,-9999,-9999,-9999,-9999,-9999,-9999,-9999,0.12378177791833878
"2025-06-18 15:50:31",0.9,1,1.9,1.7,1.5,1.5,2,1.8,1.7,1.6,1.7,-9999,-9999,-9999,-9999,-9999,-9999,-9999,-9999,-9999,0.12371978163719177
"2025-06-18 15:50:41",0.9,1,1.9,1.7,1.5,1.5,2,1.8,1.7,1.6,1.7,-9999,-9999,-9999,-9999,-9999,-9999,-9999,-9999,-9999,0.12368222326040268
"2025-06-18 15:50:52",0.9,1,1.9,1.7,1.5,1.5,2,1.8,1.7,1.6,1.6,-9999,-9999,-9999,-9999,-9999,-9999,-9999,-9999,-9999,0.12361728399991989
"2025-06-18 15:51:02",1,1,1.9,1.7,1.6,1.5,2,1.8,1.7,1.6,1.7,-9999,-9999,-9999,-9999,-9999,-9999,-9999,-9999,-9999,0.12358347326517105
"2025-06-18 15:51:13",0.9,1,1.9,1.7,1.6,1.5,2,1.8,1.7,1.6,1.6,-9999,-9999,-9999,-9999,-9999,-9999,-9999,-9999,-9999,0.12352108210325241
"2025-06-18 15:51:23",0.9,1,1.9,1.8,1.6,1.5,2,1.8,1.7,1.6,1.6,-9999,-9999,-9999,-9999,-9999,-9999,-9999,-9999,-9999,0.12347916513681412
"2025-06-18 15:51:33",0.9,1,1.9,1.7,1.5,1.5,2,1.8,1.7,1.6,1.7,-9999,-9999,-9999,-9999,-9999,-9999,-9999,-9999,-9999,0.12343339622020721
"2025-06-18 15:51:44",0.9,1,1.9,1.7,1.5,1.5,2,1.8,1.7,1.6,1.7,-9999,-9999,-9999,-9999,-9999,-9999,-9999,-9999,-9999,0.12338590621948242
"2025-06-18 15:51:54",0.9,1,1.9,1.7,1.5,1.5,2,1.8,1.7,1.6,1.6,-9999,-9999,-9999,-9999,-9999,-9999,-9999,-9999,-9999,0.12334436178207397
"2025-06-18 15:52:04",0.9,0.9,1.9,1.7,1.5,1.5,2,1.8,1.7,1.6,1.6,-9999,-9999,-9999,-9999,-9999,-9999,-9999,-9999,-9999,0.12327782809734344
"2025-06-18 15:52:15",0.9,1,1.9,1.7,1.5,1.5,2,1.8,1.7,1.6,1.6,-9999,-9999,-9999,-9999,-9999,-9999,-9999,-9999,-9999,0.12325728684663773
"2025-06-18 15:52:25",0.9,1,1.9,1.7,1.5,1.5,2,1.8,1.7,1.6,1.6,-9999,-9999,-9999,-9999,-9999,-9999,-9999,-9999,-9999,0.12316907942295074
"2025-06-18 15:52:36",0.9,1,1.8,1.7,1.6,1.5,2,1.8,1.7,1.6,1.6,-9999,-9999,-9999,-9999,-9999,-9999,-9999,-9999,-9999,0.12317506223917007
"2025-06-18 15:52:46",0.9,1,1.8,1.7,1.5,1.5,2,1.8,1.7,1.6,1.6,-9999,-9999,-9999,-9999,-9999,-9999,-9999,-9999,-9999,0.12307599931955338
"2025-06-18 15:52:56",0.9,1,1.9,1.7,1.5,1.5,2,1.8,1.7,1.6,1.6,-9999,-9999,-9999,-9999,-9999,-9999,-9999,-9999,-9999,0.1230527013540268
"2025-06-18 15:53:07",0.9,1,1.9,1.7,1.5,1.5,2,1.8,1.7,1.6,1.6,-9999,-9999,-9999,-9999,-9999,-9999,-9999,-9999,-9999,0.12300995737314224
"2025-06-18 15:53:17",0.9,0.9,1.9,1.7,1.5,1.5,2,1.8,1.7,1.6,1.6,-9999,-9999,-9999,-9999,-9999,-9999,-9999,-9999,-9999,0.12294615805149078
"2025-06-18 15:53:28",0.9,1,1.9,1.7,1.5,1.5,2,1.8,1.7,1.6,1.6,-9999,-9999,-9999,-9999,-9999,-9999,-9999,-9999,-9999,0.12290485948324203
"2025-06-18 15:53:38",0.9,1,1.9,1.7,1.6,1.5,2,1.9,1.7,1.6,1.7,-9999,-9999,-9999,-9999,-9999,-9999,-9999,-9999,-9999,0.12288115918636322
"2025-06-18 15:53:48",1,1,1.9,1.7,1.6,1.5,2,1.8,1.7,1.6,1.7,-9999,-9999,-9999,-9999,-9999,-9999,-9999,-9999,-9999,0.1228136196732521
"2025-06-18 15:53:59",0.9,1,1.8,1.7,1.6,1.5,2,1.8,1.7,1.6,1.7,-9999,-9999,-9999,-9999,-9999,-9999,-9999,-9999,-9999,0.12275346368551254
"2025-06-18 15:54:09",0.9,1,1.9,1.7,1.6,1.5,2,1.8,1.7,1.6,1.7,-9999,-9999,-9999,-9999,-9999,-9999,-9999,-9999,-9999,0.12274312973022461
"2025-06-18 15:54:19",0.9,0.9,1.9,1.7,1.5,1.5,2,1.8,1.7,1.6,1.7,-9999,-9999,-9999,-9999,-9999,-9999,-9999,-9999,-9999,0.12267577648162842
"2025-06-18 15:54:30",0.9,1,1.8,1.7,1.6,1.5,2,1.8,1.7,1.6,1.6,-9999,-9999,-9999,-9999,-9999,-9999,-9999,-9999,-9999,0.12261540442705154
"2025-06-18 15:54:40",0.9,1,1.9,1.7,1.5,1.5,2,1.8,1.7,1.6,1.7,-9999,-9999,-9999,-9999,-9999,-9999,-9999,-9999,-9999,0.12261957675218582
"2025-06-18 15:54:51",0.9,0.9,1.8,1.7,1.5,1.5,2,1.8,1.7,1.6,1.6,-9999,-9999,-9999,-9999,-9999,-9999,-9999,-9999,-9999,0.12253783643245697
"2025-06-18 15:55:01",0.9,1,1.9,1.7,1.5,1.5,2,1.8,1.7,1.6,1.6,-9999,-9999,-9999,-9999,-9999,-9999,-9999,-9999,-9999,0.12250503152608871
"2025-06-18 15:55:11",0.9,1,1.9,1.7,1.5,1.5,2,1.8,1.7,1.6,1.6,-9999,-9999,-9999,-9999,-9999,-9999,-9999,-9999,-9999,0.12247060239315033
"2025-06-18 15:55:22",0.9,1,1.9,1.7,1.6,1.5,2,1.8,1.7,1.6,1.6,-9999,-9999,-9999,-9999,-9999,-9999,-9999,-9999,-9999,0.12239211797714233
"2025-06-18 15:55:32",0.9,1,1.8,1.7,1.5,1.5,2,1.8,1.7,1.6,1.6,-9999,-9999,-9999,-9999,-9999,-9999,-9999,-9999,-9999,0.12238684296607971
"2025-06-18 15:55:43",0.9,1,1.8,1.7,1.5,1.5,2,1.8,1.7,1.6,1.7,-9999,-9999,-9999,-9999,-9999,-9999,-9999,-9999,-9999,0.12230412662029266
"2025-06-18 15:55:53",1,1,1.8,1.7,1.5,1.5,2,1.8,1.7,1.6,1.6,-9999,-9999,-9999,-9999,-9999,-9999,-9999,-9999,-9999,0.1222766563296318
"2025-06-18 15:56:03",0.9,1,1.8,1.7,1.6,1.5,2,1.8,1.7,1.6,1.6,-9999,-9999,-9999,-9999,-9999,-9999,-9999,-9999,-9999,0.12223949283361435
"2025-06-18 15:56:14",0.9,1,1.8,1.7,1.5,1.5,2,1.8,1.7,1.6,1.6,-9999,-9999,-9999,-9999,-9999,-9999,-9999,-9999,-9999,0.12216192483901978
"2025-06-18 15:56:24",0.9,1,1.8,1.7,1.5,1.5,2,1.8,1.7,1.6,1.6,-9999,-9999,-9999,-9999,-9999,-9999,-9999,-9999,-9999,0.12213964015245438
"2025-06-18 15:56:34",0.9,1,1.8,1.7,1.6,1.5,2,1.8,1.7,1.6,1.6,-9999,-9999,-9999,-9999,-9999,-9999,-9999,-9999,-9999,0.1220967173576355
"2025-06-18 15:56:45",0.9,1,1.8,1.7,1.5,1.5,2,1.8,1.7,1.6,1.6,-9999,-9999,-9999,-9999,-9999,-9999,-9999,-9999,-9999,0.12203554809093475
"2025-06-18 15:56:55",0.9,1,1.8,1.7,1.6,1.5,2,1.8,1.7,1.6,1.6,-9999,-9999,-9999,-9999,-9999,-9999,-9999,-9999,-9999,0.12202733010053635
"2025-06-18 15:57:06",0.9,1,1.8,1.7,1.6,1.5,2,1.8,1.7,1.6,1.6,-9999,-9999,-9999,-9999,-9999,-9999,-9999,-9999,-9999,0.12195219099521637
"2025-06-18 15:57:16",0.9,0.9,1.8,1.7,1.6,1.5,2,1.8,1.7,1.6,1.6,-9999,-9999,-9999,-9999,-9999,-9999,-9999,-9999,-9999,0.1219242587685585
"2025-06-18 15:57:26",0.9,1,1.8,1.7,1.6,1.5,2,1.8,1.7,1.6,1.6,-9999,-9999,-9999,-9999,-9999,-9999,-9999,-9999,-9999,0.12188798934221268
"2025-06-18 15:57:37",0.9,1,1.8,1.7,1.5,1.5,2,1.8,1.7,1.6,1.6,-9999,-9999,-9999,-9999,-9999,-9999,-9999,-9999,-9999,0.12182357162237167
"2025-06-18 15:57:47",0.9,0.9,1.8,1.8,1.5,1.5,2,1.8,1.7,1.6,1.6,-9999,-9999,-9999,-9999,-9999,-9999,-9999,-9999,-9999,0.12180677056312561
"2025-06-18 15:57:57",0.9,0.9,1.8,1.8,1.5,1.5,2,1.8,1.7,1.6,1.6,-9999,-9999,-9999,-9999,-9999,-9999,-9999,-9999,-9999,0.12172604352235794
"2025-06-18 15:58:08",0.9,1,1.8,1.7,1.6,1.5,2,1.8,1.7,1.6,1.6,-9999,-9999,-9999,-9999,-9999,-9999,-9999,-9999,-9999,0.12172818928956985
"2025-06-18 15:58:18",0.9,1,1.8,1.7,1.5,1.5,2,1.8,1.7,1.6,1.6,-9999,-9999,-9999,-9999,-9999,-9999,-9999,-9999,-9999,0.12165577709674835
"2025-06-18 15:58:29",0.9,0.9,1.9,1.7,1.5,1.5,2,1.8,1.7,1.6,1.6,-9999,-9999,-9999,-9999,-9999,-9999,-9999,-9999,-9999,0.12163054198026657
"2025-06-18 15:58:39",0.9,0.9,1.8,1.7,1.5,1.5,2,1.8,1.7,1.6,1.6,-9999,-9999,-9999,-9999,-9999,-9999,-9999,-9999,-9999,0.12157241255044937
"2025-06-18 15:58:49",0.9,0.9,1.8,1.7,1.5,1.5,2,1.8,1.7,1.6,1.6,-9999,-9999,-9999,-9999,-9999,-9999,-9999,-9999,-9999,0.12155450880527496
"2025-06-18 15:59:00",0.9,1,1.8,1.7,1.5,1.5,2,1.8,1.7,1.6,1.6,-9999,-9999,-9999,-9999,-9999,-9999,-9999,-9999,-9999,0.12147712707519531
"2025-06-18 15:59:10",0.9,0.9,1.8,1.7,1.5,1.5,2,1.8,1.6,1.6,1.6,-9999,-9999,-9999,-9999,-9999,-9999,-9999,-9999,-9999,0.12148230522871017
"2025-06-18 15:59:21",0.9,0.9,1.8,1.7,1.5,1.5,2,1.8,1.6,1.6,1.6,-9999,-9999,-9999,-9999,-9999,-9999,-9999,-9999,-9999,0.12141182273626328
"2025-06-18 15:59:31",0.9,0.9,1.8,1.7,1.5,1.5,2,1.8,1.7,1.6,1.6,-9999,-9999,-9999,-9999,-9999,-9999,-9999,-9999,-9999,0.1213792935013771
"2025-06-18 15:59:41",0.9,0.9,1.8,1.7,1.5,1.5,2,1.8,1.7,1.6,1.6,-9999,-9999,-9999,-9999,-9999,-9999,-9999,-9999,-9999,0.1213366761803627
"2025-06-18 15:59:52",0.9,0.9,1.8,1.7,1.5,1.5,2,1.8,1.7,1.6,1.6,-9999,-9999,-9999,-9999,-9999,-9999,-9999,-9999,-9999,0.12127134203910828
"2025-06-18 16:00:02",0.9,0.9,1.8,1.7,1.5,1.5,2,1.8,1.7,1.6,1.6,-9999,-9999,-9999,-9999,-9999,-9999,-9999,-9999,-9999,0.12127428501844406
"2025-06-18 16:00:12",0.9,0.9,1.8,1.7,1.5,1.5,2,1.8,1.7,1.6,1.6,-9999,-9999,-9999,-9999,-9999,-9999,-9999,-9999,-9999,0.12118294835090637
"2025-06-18 16:00:23",0.9,0.9,1.9,1.7,1.5,1.5,2,1.8,1.7,1.6,1.6,-9999,-9999,-9999,-9999,-9999,-9999,-9999,-9999,-9999,0.12117917835712433
"2025-06-18 16:00:33",0.9,0.9,1.8,1.7,1.5,1.5,2,1.8,1.6,1.6,1.6,-9999,-9999,-9999,-9999,-9999,-9999,-9999,-9999,-9999,0.12112724035978317
"2025-06-18 16:00:44",0.9,0.9,1.8,1.7,1.5,1.5,2,1.8,1.6,1.6,1.6,-9999,-9999,-9999,-9999,-9999,-9999,-9999,-9999,-9999,0.12108643352985382
"2025-06-18 16:00:54",0.9,0.9,1.9,1.7,1.7,1.7,2,1.8,1.6,1.6,1.6,-9999,-9999,-9999,-9999,-9999,-9999,-9999,-9999,-9999,0.12108045816421509
"2025-06-18 16:01:04",0.9,0.9,1.8,1.7,2,2,2,1.8,1.7,1.6,1.6,-9999,-9999,-9999,-9999,-9999,-9999,-9999,-9999,-9999,0.12099669128656387
"2025-06-18 16:01:15",0.9,0.9,1.8,1.7,2.1,2.2,2,1.8,1.7,1.6,1.6,-9999,-9999,-9999,-9999,-9999,-9999,-9999,-9999,-9999,0.12101076543331146
"2025-06-18 16:01:25",0.9,0.9,1.8,1.7,2.3,2.4,2,1.8,1.7,1.6,1.7,-9999,-9999,-9999,-9999,-9999,-9999,-9999,-9999,-9999,0.12094150483608246
"2025-06-18 16:01:35",0.9,1,1.8,1.7,2.5,2.6,2,1.8,1.6,1.6,1.7,-9999,-9999,-9999,-9999,-9999,-9999,-9999,-9999,-9999,0.12091609090566635
"2025-06-18 16:01:46",1,1,1.8,1.7,2.7,2.8,2,1.8,1.6,1.6,1.7,-9999,-9999,-9999,-9999,-9999,-9999,-9999,-9999,-9999,0.12089714407920837
"2025-06-18 16:01:56",0.9,1,1.8,1.7,2.8,2.9,2,1.9,1.7,1.6,1.7,-9999,-9999,-9999,-9999,-9999,-9999,-9999,-9999,-9999,0.1208295077085495
"2025-06-18 16:02:07",0.9,0.9,1.9,1.7,3,3.1,2,1.9,1.7,1.6,1.7,-9999,-9999,-9999,-9999,-9999,-9999,-9999,-9999,-9999,0.12084784358739853
"2025-06-18 16:02:17",0.9,1,1.9,1.7,3.1,3.2,2,1.9,1.7,1.6,1.7,-9999,-9999,-9999,-9999,-9999,-9999,-9999,-9999,-9999,0.12076620012521744
"2025-06-18 16:02:27",0.9,1,1.9,1.7,3.3,3.3,2,1.9,1.7,1.6,1.7,-9999,-9999,-9999,-9999,-9999,-9999,-9999,-9999,-9999,0.12074372917413712
"2025-06-18 16:02:38",0.9,1,1.8,1.7,3.4,3.4,2,2,1.7,1.6,1.7,-9999,-9999,-9999,-9999,-9999,-9999,-9999,-9999,-9999,0.12074451893568039
"2025-06-18 16:02:48",0.9,1,1.8,1.7,3.5,3.5,2,2,1.7,1.6,1.7,-9999,-9999,-9999,-9999,-9999,-9999,-9999,-9999,-9999,0.12066180258989334
"2025-06-18 16:02:58",0.9,1,1.8,1.7,3.6,3.6,2,2,1.7,1.6,1.7,-9999,-9999,-9999,-9999,-9999,-9999,-9999,-9999,-9999,0.120665542781353
"2025-06-18 16:03:09",0.9,1,1.8,1.7,3.7,3.7,2,2.1,1.7,1.6,1.7,-9999,-9999,-9999,-9999,-9999,-9999,-9999,-9999,-9999,0.1206260547041893
"2025-06-18 16:03:19",0.9,1,1.8,1.7,3.7,3.8,2.1,2.1,1.8,1.6,1.7,-9999,-9999,-9999,-9999,-9999,-9999,-9999,-9999,-9999,0.12058230489492416
"2025-06-18 16:03:30",0.9,1,1.9,1.7,3.8,3.8,2.1,2.1,1.8,1.6,1.7,-9999,-9999,-9999,-9999,-9999,-9999,-9999,-9999,-9999,0.12057197093963623
"2025-06-18 16:03:40",0.9,1,1.8,1.7,3.9,3.9,2.1,2.2,1.8,1.7,1.8,-9999,-9999,-9999,-9999,-9999,-9999,-9999,-9999,-9999,0.12051080912351608
"2025-06-18 16:03:50",0.9,1,1.8,1.7,4,4,2.1,2.2,1.8,1.7,1.8,-9999,-9999,-9999,-9999,-9999,-9999,-9999,-9999,-9999,0.1204855740070343
"2025-06-18 16:04:01",0.9,1,1.9,1.7,4.1,4,2.1,2.2,1.8,1.7,1.8,-9999,-9999,-9999,-9999,-9999,-9999,-9999,-9999,-9999,0.12048812210559845
"2025-06-18 16:04:11",0.9,1,1.9,1.7,4.1,4.1,2.1,2.2,1.8,1.7,1.8,-9999,-9999,-9999,-9999,-9999,-9999,-9999,-9999,-9999,0.12041974812746048
"2025-06-18 16:04:21",0.9,1,1.9,1.7,4.2,4.2,2.2,2.3,1.9,1.7,1.8,-9999,-9999,-9999,-9999,-9999,-9999,-9999,-9999,-9999,0.12036851793527603
"2025-06-18 16:04:32",0.9,0.9,1.8,1.7,4.2,4.2,2.1,2.3,1.9,1.7,1.8,-9999,-9999,-9999,-9999,-9999,-9999,-9999,-9999,-9999,0.1203935369849205
"2025-06-18 16:04:42",0.9,0.9,1.9,1.7,4.3,4.2,2.2,2.3,1.9,1.7,1.8,-9999,-9999,-9999,-9999,-9999,-9999,-9999,-9999,-9999,0.1203230544924736
"2025-06-18 16:04:53",0.9,1,1.8,1.7,4.3,4.3,2.2,2.3,1.9,1.7,1.8,-9999,-9999,-9999,-9999,-9999,-9999,-9999,-9999,-9999,0.12029650062322617
"2025-06-18 16:05:03",0.9,1,1.9,1.7,4.4,4.3,2.2,2.3,1.9,1.7,1.8,-9999,-9999,-9999,-9999,-9999,-9999,-9999,-9999,-9999,0.12029051780700684
"2025-06-18 16:05:13",0.9,1,1.8,1.7,4.4,4.3,2.2,2.4,1.9,1.7,1.9,-9999,-9999,-9999,-9999,-9999,-9999,-9999,-9999,-9999,0.12022209167480469
"2025-06-18 16:05:24",0.9,1,1.8,1.7,4.5,4.4,2.2,2.4,1.9,1.7,1.9,-9999,-9999,-9999,-9999,-9999,-9999,-9999,-9999,-9999,0.12020841985940933
"2025-06-18 16:05:34",0.9,1,1.9,1.7,4.5,4.4,2.2,2.4,1.9,1.8,1.9,-9999,-9999,-9999,-9999,-9999,-9999,-9999,-9999,-9999,0.12018582224845886
"2025-06-18 16:05:45",0.9,1,1.9,1.7,4.6,4.4,2.3,2.4,1.9,1.8,1.9,-9999,-9999,-9999,-9999,-9999,-9999,-9999,-9999,-9999,0.12011714279651642
"2025-06-18 16:05:55",0.9,1,1.9,1.7,4.6,4.5,2.3,2.4,2,1.8,1.9,-9999,-9999,-9999,-9999,-9999,-9999,-9999,-9999,-9999,0.12011512368917465
"2025-06-18 16:06:05",0.9,1,1.9,1.7,4.6,4.5,2.3,2.5,2,1.8,1.9,-9999,-9999,-9999,-9999,-9999,-9999,-9999,-9999,-9999,0.12007220089435577
"2025-06-18 16:06:16",0.9,1,1.9,1.7,4.6,4.5,2.3,2.5,2,1.8,1.9,-9999,-9999,-9999,-9999,-9999,-9999,-9999,-9999,-9999,0.12002357095479965
"2025-06-18 16:06:26",0.9,1,1.9,1.7,4.7,4.6,2.3,2.5,2,1.8,1.9,-9999,-9999,-9999,-9999,-9999,-9999,-9999,-9999,-9999,0.1200404018163681
"2025-06-18 16:06:36",0.9,0.9,1.9,1.8,4.7,4.6,2.3,2.5,2,1.8,1.9,-9999,-9999,-9999,-9999,-9999,-9999,-9999,-9999,-9999,0.11997080594301224
"2025-06-18 16:06:47",0.9,1,1.9,1.7,4.7,4.6,2.3,2.5,2,1.8,2,-9999,-9999,-9999,-9999,-9999,-9999,-9999,-9999,-9999,0.11993607133626938
"2025-06-18 16:06:57",0.9,1,1.9,1.7,4.8,4.6,2.3,2.5,2,1.8,2,-9999,-9999,-9999,-9999,-9999,-9999,-9999,-9999,-9999,0.1199425682425499
"2025-06-18 16:07:08",0.9,1,1.9,1.7,4.8,4.6,2.4,2.6,2,1.8,2,-9999,-9999,-9999,-9999,-9999,-9999,-9999,-9999,-9999,0.11986619979143143
"2025-06-18 16:07:18",0.9,1,1.9,1.7,4.8,4.6,2.4,2.6,2,1.8,2,-9999,-9999,-9999,-9999,-9999,-9999,-9999,-9999,-9999,0.11988333612680435
"2025-06-18 16:07:28",1,1,1.9,1.7,4.8,4.6,2.4,2.6,2,1.8,2,-9999,-9999,-9999,-9999,-9999,-9999,-9999,-9999,-9999,0.11982042342424393
"2025-06-18 16:07:39",0.9,1,1.9,1.7,4.8,4.6,2.4,2.6,2,1.9,2,-9999,-9999,-9999,-9999,-9999,-9999,-9999,-9999,-9999,0.11979196965694427
"2025-06-18 16:07:49",0.9,1,1.9,1.7,4.9,4.7,2.4,2.6,2.1,1.9,2,-9999,-9999,-9999,-9999,-9999,-9999,-9999,-9999,-9999,0.11976716667413712
"2025-06-18 16:07:59",0.9,1,1.9,1.7,4.9,4.7,2.4,2.6,2.1,1.9,2,-9999,-9999,-9999,-9999,-9999,-9999,-9999,-9999,-9999,0.1197272539138794
"2025-06-18 16:08:10",0.9,1,1.9,1.7,4.9,4.7,2.4,2.6,2.1,1.9,2,-9999,-9999,-9999,-9999,-9999,-9999,-9999,-9999,-9999,0.11970539391040802
"2025-06-18 16:08:20",0.9,1,1.9,1.7,4.9,4.7,2.4,2.6,2.1,1.9,2,-9999,-9999,-9999,-9999,-9999,-9999,-9999,-9999,-9999,0.11964413523674011
"2025-06-18 16:08:31",0.9,1,1.9,1.7,4.9,4.7,2.5,2.7,2.1,1.9,2.1,-9999,-9999,-9999,-9999,-9999,-9999,-9999,-9999,-9999,0.11966041475534439
"2025-06-18 16:08:41",1,1,1.9,1.7,4.9,4.7,2.5,2.7,2.1,1.9,2.1,-9999,-9999,-9999,-9999,-9999,-9999,-9999,-9999,-9999,0.11957919597625732
"2025-06-18 16:08:51",0.9,1,1.9,1.7,5,4.8,2.5,2.7,2.1,1.9,2.1,-9999,-9999,-9999,-9999,-9999,-9999,-9999,-9999,-9999,0.1195850819349289
"2025-06-18 16:09:02",0.9,1,1.9,1.7,5,4.8,2.5,2.7,2.1,1.9,2.1,-9999,-9999,-9999,-9999,-9999,-9999,-9999,-9999,-9999,0.11952441185712814
"2025-06-18 16:09:12",0.9,1,1.9,1.7,5,4.8,2.5,2.7,2.1,1.9,2.1,-9999,-9999,-9999,-9999,-9999,-9999,-9999,-9999,-9999,0.11950862407684326
"2025-06-18 16:09:23",0.9,1,1.9,1.7,5,4.8,2.5,2.7,2.1,1.9,2.1,-9999,-9999,-9999,-9999,-9999,-9999,-9999,-9999,-9999,0.11947063356637955
"2025-06-18 16:09:33",0.9,0.9,1.9,1.7,5,4.8,2.5,2.7,2.1,1.9,2.1,-9999,-9999,-9999,-9999,-9999,-9999,-9999,-9999,-9999,0.11944997310638428
"2025-06-18 16:09:43",1,1,1.9,1.8,5,4.8,2.5,2.7,2.2,1.9,2.1,-9999,-9999,-9999,-9999,-9999,-9999,-9999,-9999,-9999,0.11942446231842041
"2025-06-18 16:09:54",0.9,1,1.9,1.7,5,4.8,2.5,2.7,2.2,1.9,2.1,-9999,-9999,-9999,-9999,-9999,-9999,-9999,-9999,-9999,0.11938365548849106
"2025-06-18 16:10:04",0.9,1,1.9,1.7,5,4.8,2.5,2.7,2.2,1.9,2.1,-9999,-9999,-9999,-9999,-9999,-9999,-9999,-9999,-9999,0.11935234814882278
"2025-06-18 16:10:14",0.9,1,1.9,1.7,5,4.8,2.5,2.7,2.2,1.9,2.1,-9999,-9999,-9999,-9999,-9999,-9999,-9999,-9999,-9999,0.1193099170923233
"2025-06-18 16:10:25",0.9,1,1.9,1.7,5.1,4.8,2.5,2.7,2.2,2,2.1,-9999,-9999,-9999,-9999,-9999,-9999,-9999,-9999,-9999,0.11932236701250076
"2025-06-18 16:10:35",0.9,1,1.9,1.8,5.1,4.8,2.5,2.7,2.2,1.9,2.1,-9999,-9999,-9999,-9999,-9999,-9999,-9999,-9999,-9999,0.11924298852682114
"2025-06-18 16:10:46",0.9,1,1.9,1.7,5.1,4.8,2.5,2.7,2.2,1.9,2.1,-9999,-9999,-9999,-9999,-9999,-9999,-9999,-9999,-9999,0.11926374584436417
"2025-06-18 16:10:56",0.9,1,1.9,1.7,5,4.8,2.5,2.7,2.2,2,2.2,-9999,-9999,-9999,-9999,-9999,-9999,-9999,-9999,-9999,0.11919417977333069
"2025-06-18 16:11:06",0.9,1,1.9,1.7,5.1,4.9,2.6,2.7,2.2,2,2.2,-9999,-9999,-9999,-9999,-9999,-9999,-9999,-9999,-9999,0.11920583248138428
"2025-06-18 16:11:17",0.9,1,1.9,1.7,5.1,4.9,2.6,2.7,2.2,2,2.2,-9999,-9999,-9999,-9999,-9999,-9999,-9999,-9999,-9999,0.11914414167404175
"2025-06-18 16:11:27",0.9,1,1.9,1.8,5.1,4.9,2.6,2.8,2.2,2,2.2,-9999,-9999,-9999,-9999,-9999,-9999,-9999,-9999,-9999,0.1191491112112999
"2025-06-18 16:11:38",0.9,1,1.9,1.7,5.1,4.9,2.6,2.8,2.2,2,2.2,-9999,-9999,-9999,-9999,-9999,-9999,-9999,-9999,-9999,0.11907761543989182
"2025-06-18 16:11:48",0.9,1,1.9,1.7,5.1,4.9,2.6,2.8,2.2,2,2.2,-9999,-9999,-9999,-9999,-9999,-9999,-9999,-9999,-9999,0.11907810717821121
"2025-06-18 16:11:58",0.9,1,1.9,1.7,5.1,4.9,2.6,2.8,2.2,2,2.2,-9999,-9999,-9999,-9999,-9999,-9999,-9999,-9999,-9999,0.11902221292257309
"2025-06-18 16:12:09",0.9,1,1.9,1.7,5.1,4.9,2.6,2.8,2.2,2,2.2,-9999,-9999,-9999,-9999,-9999,-9999,-9999,-9999,-9999,0.11900844424962997
"2025-06-18 16:12:19",0.9,1,1.9,1.8,5.1,4.9,2.6,2.8,2.2,2,2.2,-9999,-9999,-9999,-9999,-9999,-9999,-9999,-9999,-9999,0.11894847452640533
"2025-06-18 16:12:29",1,1,1.9,1.8,5.1,4.9,2.6,2.8,2.3,2,2.2,-9999,-9999,-9999,-9999,-9999,-9999,-9999,-9999,-9999,0.11895577609539032
"2025-06-18 16:12:40",0.9,1,1.9,1.8,5.1,4.9,2.6,2.8,2.2,2,2.2,-9999,-9999,-9999,-9999,-9999,-9999,-9999,-9999,-9999,0.11888933926820755
"2025-06-18 16:12:50",0.9,0.9,1.9,1.7,5.1,4.9,2.6,2.8,2.2,2,2.2,-9999,-9999,-9999,-9999,-9999,-9999,-9999,-9999,-9999,0.11889460682868958
"2025-06-18 16:13:01",0.9,1,1.9,1.7,5.1,4.9,2.6,2.8,2.3,2,2.2,-9999,-9999,-9999,-9999,-9999,-9999,-9999,-9999,-9999,0.11882390826940536
"2025-06-18 16:13:11",1,1,1.9,1.7,5.2,4.9,2.6,2.8,2.3,2,2.2,-9999,-9999,-9999,-9999,-9999,-9999,-9999,-9999,-9999,0.11883031576871872
"2025-06-18 16:13:21",0.9,1,1.9,1.7,5.1,4.9,2.6,2.8,2.3,2,2.2,-9999,-9999,-9999,-9999,-9999,-9999,-9999,-9999,-9999,0.11878807097673416
"2025-06-18 16:13:32",0.9,1,1.9,1.7,5.1,4.9,2.6,2.8,2.3,2,2.2,-9999,-9999,-9999,-9999,-9999,-9999,-9999,-9999,-9999,0.11875060200691223
"2025-06-18 16:13:42",0.9,1,1.8,1.8,5.2,4.9,2.6,2.8,2.3,2,2.2,-9999,-9999,-9999,-9999,-9999,-9999,-9999,-9999,-9999,0.11874493211507797
"2025-06-18 16:13:53",1,1,1.9,1.7,5.2,4.9,2.6,2.8,2.3,2,2.2,-9999,-9999,-9999,-9999,-9999,-9999,-9999,-9999,-9999,0.11867870390415192
"2025-06-18 16:14:03",0.9,1,1.9,1.7,5.2,4.9,2.6,2.8,2.3,2,2.2,-9999,-9999,-9999,-9999,-9999,-9999,-9999,-9999,-9999,0.11866886913776398
"2025-06-18 16:14:13",0.9,1,1.9,1.7,5.2,4.9,2.6,2.8,2.3,2,2.2,-9999,-9999,-9999,-9999,-9999,-9999,-9999,-9999,-9999,0.11862612515687943
"2025-06-18 16:14:24",0.9,1,1.8,1.8,5.2,5,2.6,2.8,2.2,2,2.2,-9999,-9999,-9999,-9999,-9999,-9999,-9999,-9999,-9999,0.11861459910869598
"2025-06-18 16:14:34",0.9,1,1.9,1.8,5.2,4.9,2.6,2.8,2.3,2,2.2,-9999,-9999,-9999,-9999,-9999,-9999,-9999,-9999,-9999,0.1185925230383873
"2025-06-18 16:14:44",0.9,1,1.8,1.7,5.2,4.9,2.6,2.8,2.3,2,2.2,-9999,-9999,-9999,-9999,-9999,-9999,-9999,-9999,-9999,0.11853905767202377
"2025-06-18 16:14:55",0.9,1,1.8,1.8,5.2,4.9,2.6,2.8,2.3,2,2.2,-9999,-9999,-9999,-9999,-9999,-9999,-9999,-9999,-9999,0.11854613572359085
"2025-06-18 16:15:05",0.9,1,1.8,1.7,5.2,4.9,2.6,2.8,2.3,2,2.2,-9999,-9999,-9999,-9999,-9999,-9999,-9999,-9999,-9999,0.11848678439855576
"2025-06-18 16:15:16",0.9,1,1.9,1.7,5.2,5,2.6,2.9,2.3,2,2.2,-9999,-9999,-9999,-9999,-9999,-9999,-9999,-9999,-9999,0.11845275014638901
"2025-06-18 16:15:26",0.9,1,1.9,1.7,5.2,4.9,2.6,2.8,2.3,2,2.2,-9999,-9999,-9999,-9999,-9999,-9999,-9999,-9999,-9999,0.11845146119594574
"2025-06-18 16:15:36",0.9,1,1.9,1.7,5.2,5,2.7,2.8,2.3,2,2.2,-9999,-9999,-9999,-9999,-9999,-9999,-9999,-9999,-9999,0.11839189380407333
"2025-06-18 16:15:47",0.9,1,1.9,1.7,5.2,5,2.7,2.8,2.3,2,2.2,-9999,-9999,-9999,-9999,-9999,-9999,-9999,-9999,-9999,0.1183803603053093
"2025-06-18 16:15:57",0.9,1,1.8,1.7,5.2,5,2.7,2.8,2.3,2,2.2,-9999,-9999,-9999,-9999,-9999,-9999,-9999,-9999,-9999,0.11836264282464981
"2025-06-18 16:16:07",0.9,1,1.9,1.8,5.3,5,2.7,2.8,2.3,2,2.2,-9999,-9999,-9999,-9999,-9999,-9999,-9999,-9999,-9999,0.11829660087823868
"2025-06-18 16:16:18",0.9,1,1.8,1.7,5.2,5,2.7,2.9,2.3,2,2.2,-9999,-9999,-9999,-9999,-9999,-9999,-9999,-9999,-9999,0.11829203367233276
"2025-06-18 16:16:28",1,1,1.9,1.8,5.2,5,2.7,2.8,2.3,2,2.3,-9999,-9999,-9999,-9999,-9999,-9999,-9999,-9999,-9999,0.11827382445335388
"2025-06-18 16:16:39",1,1,1.9,1.7,5.2,4.9,2.7,2.8,2.3,2,2.3,-9999,-9999,-9999,-9999,-9999,-9999,-9999,-9999,-9999,0.11820162087678909
"2025-06-18 16:16:49",1,1,1.9,1.8,5.2,5,2.7,2.9,2.3,2,2.2,-9999,-9999,-9999,-9999,-9999,-9999,-9999,-9999,-9999,0.11820363998413086
"2025-06-18 16:16:59",0.9,1,1.9,1.8,5.2,5,2.7,2.9,2.3,2,2.3,-9999,-9999,-9999,-9999,-9999,-9999,-9999,-9999,-9999,0.11819230020046234
"2025-06-18 16:17:10",0.9,1,1.9,1.7,5.2,5,2.7,2.9,2.3,2,2.3,-9999,-9999,-9999,-9999,-9999,-9999,-9999,-9999,-9999,0.11812727153301239
"2025-06-18 16:17:20",1,1,1.8,1.8,5.2,5,2.7,2.9,2.3,2,2.2,-9999,-9999,-9999,-9999,-9999,-9999,-9999,-9999,-9999,0.11811430007219315
"2025-06-18 16:17:31",1,1,1.9,1.8,5.2,5,2.7,2.9,2.3,2,2.3,-9999,-9999,-9999,-9999,-9999,-9999,-9999,-9999,-9999,0.11810225248336792
"2025-06-18 16:17:41",0.9,1,1.9,1.7,5.2,5,2.7,2.9,2.3,2,2.3,-9999,-9999,-9999,-9999,-9999,-9999,-9999,-9999,-9999,0.11806399375200272
"2025-06-18 16:17:51",1,1,1.9,1.7,5.2,5,2.7,2.9,2.3,2.1,2.3,-9999,-9999,-9999,-9999,-9999,-9999,-9999,-9999,-9999,0.11802002787590027
"2025-06-18 16:18:02",1,1,1.9,1.7,5.2,5,2.7,2.8,2.3,2,2.3,-9999,-9999,-9999,-9999,-9999,-9999,-9999,-9999,-9999,0.1180056482553482
"2025-06-18 16:18:12",0.9,1,1.9,1.7,5.2,5,2.7,2.8,2.3,2,2.3,-9999,-9999,-9999,-9999,-9999,-9999,-9999,-9999,-9999,0.1179858073592186
"2025-06-18 16:18:22",1,1,1.8,1.7,5.2,5,2.7,2.8,2.3,2.1,2.3,-9999,-9999,-9999,-9999,-9999,-9999,-9999,-9999,-9999,0.11793942004442215
"2025-06-18 16:18:33",1,1,1.8,1.7,5.2,5,2.7,2.8,2.3,2.1,2.3,-9999,-9999,-9999,-9999,-9999,-9999,-9999,-9999,-9999,0.11791075766086578
"2025-06-18 16:18:43",0.9,1,1.9,1.7,5.2,5,2.7,2.9,2.3,2,2.3,-9999,-9999,-9999,-9999,-9999,-9999,-9999,-9999,-9999,0.1178949698805809
"2025-06-18 16:18:54",0.9,1,1.9,1.7,5.2,5,2.7,2.8,2.3,2,2.3,-9999,-9999,-9999,-9999,-9999,-9999,-9999,-9999,-9999,0.11788046360015869
"2025-06-18 16:19:04",0.9,1,1.9,1.7,5.3,5,2.7,2.8,2.3,2,2.3,-9999,-9999,-9999,-9999,-9999,-9999,-9999,-9999,-9999,0.11783674359321594
"2025-06-18 16:19:14",1,1,1.9,1.7,5.2,5,2.7,2.8,2.3,2,2.3,-9999,-9999,-9999,-9999,-9999,-9999,-9999,-9999,-9999,0.11780381947755814
"2025-06-18 16:19:25",0.9,1,1.8,1.7,5.2,5,2.7,2.9,2.3,2,2.2,-9999,-9999,-9999,-9999,-9999,-9999,-9999,-9999,-9999,0.11777950078248978
"2025-06-18 16:19:35",1,0.9,1.8,1.7,5.3,5,2.7,2.8,2.3,2.1,2.2,-9999,-9999,-9999,-9999,-9999,-9999,-9999,-9999,-9999,0.1177656427025795
"2025-06-18 16:19:45",0.9,1,1.9,1.7,5.2,5,2.7,2.9,2.3,2,2.3,-9999,-9999,-9999,-9999,-9999,-9999,-9999,-9999,-9999,0.11772897839546204
"2025-06-18 16:19:56",0.9,1,1.8,1.8,5.3,5,2.7,2.9,2.3,2.1,2.3,-9999,-9999,-9999,-9999,-9999,-9999,-9999,-9999,-9999,0.11768553406000137
"2025-06-18 16:20:06",0.9,1,1.8,1.7,5.3,5,2.7,2.9,2.3,2.1,2.3,-9999,-9999,-9999,-9999,-9999,-9999,-9999,-9999,-9999,0.11766821146011353
"2025-06-18 16:20:17",0.9,1,1.9,1.8,5.3,5,2.7,2.9,2.3,2,2.2,-9999,-9999,-9999,-9999,-9999,-9999,-9999,-9999,-9999,0.11765787750482559
"2025-06-18 16:20:27",0.9,1,1.8,1.7,5.2,5,2.7,2.9,2.3,2.1,2.3,-9999,-9999,-9999,-9999,-9999,-9999,-9999,-9999,-9999,0.11762771010398865
"2025-06-18 16:20:37",0.9,1,1.9,1.7,5.3,5,2.7,2.9,2.3,2,2.3,-9999,-9999,-9999,-9999,-9999,-9999,-9999,-9999,-9999,0.11759135127067566
"2025-06-18 16:20:48",0.9,1,1.8,1.8,5.3,5,2.7,2.9,2.3,2,2.2,-9999,-9999,-9999,-9999,-9999,-9999,-9999,-9999,-9999,0.11755164712667465
"2025-06-18 16:20:58",0.9,1,1.9,1.7,5.3,5,2.7,2.9,2.3,2,2.2,-9999,-9999,-9999,-9999,-9999,-9999,-9999,-9999,-9999,0.11754517257213593
"2025-06-18 16:21:08",1,1,1.9,1.7,5.3,5,2.7,2.9,2.3,2,2.3,-9999,-9999,-9999,-9999,-9999,-9999,-9999,-9999,-9999,0.11753401905298233
"2025-06-18 16:21:19",0.9,1,1.9,1.7,5.2,5,2.7,2.9,2.3,2,2.3,-9999,-9999,-9999,-9999,-9999,-9999,-9999,-9999,-9999,0.11750547587871552
"2025-06-18 16:21:29",1,1,1.8,1.7,5.3,5,2.7,2.9,2.3,2,2.3,-9999,-9999,-9999,-9999,-9999,-9999,-9999,-9999,-9999,0.11745482683181763
"2025-06-18 16:21:40",1,1,1.9,1.7,5.3,5,2.7,2.9,2.3,2,2.3,-9999,-9999,-9999,-9999,-9999,-9999,-9999,-9999,-9999,0.11742821335792542
"2025-06-18 16:21:50",0.9,1,1.9,1.8,5.3,5,2.7,2.9,2.3,2.1,2.3,-9999,-9999,-9999,-9999,-9999,-9999,-9999,-9999,-9999,0.11740288883447647
"2025-06-18 16:22:00",1,1,1.8,1.8,5.3,5,2.7,2.9,2.3,2,2.3,-9999,-9999,-9999,-9999,-9999,-9999,-9999,-9999,-9999,0.11738446354866028
"2025-06-18 16:22:11",1,1,1.9,1.7,5.3,5,2.7,2.9,2.3,2.1,2.3,-9999,-9999,-9999,-9999,-9999,-9999,-9999,-9999,-9999,0.1173635795712471
"2025-06-18 16:22:21",0.9,1,1.8,1.7,5.3,5,2.7,2.9,2.3,2,2.3,-9999,-9999,-9999,-9999,-9999,-9999,-9999,-9999,-9999,0.11733613908290863
"2025-06-18 16:22:32",1,1,1.9,1.7,5.3,5,2.7,2.9,2.3,2.1,2.3,-9999,-9999,-9999,-9999,-9999,-9999,-9999,-9999,-9999,0.11731446534395218
"2025-06-18 16:22:42",0.9,1,1.9,1.8,5.3,5,2.7,2.9,2.3,2.1,2.3,-9999,-9999,-9999,-9999,-9999,-9999,-9999,-9999,-9999,0.11729937791824341
"2025-06-18 16:22:52",0.9,1,1.9,1.8,5.3,5,2.7,2.9,2.3,2.1,2.3,-9999,-9999,-9999,-9999,-9999,-9999,-9999,-9999,-9999,0.11727000772953033
"2025-06-18 16:23:03",0.9,0.9,1.9,1.7,5.3,5,2.7,2.9,2.3,2.1,2.3,-9999,-9999,-9999,-9999,-9999,-9999,-9999,-9999,-9999,0.11724530160427094
"2025-06-18 16:23:13",0.9,1,1.8,1.7,5.3,5,2.7,2.9,2.3,2.1,2.3,-9999,-9999,-9999,-9999,-9999,-9999,-9999,-9999,-9999,0.11721442639827728
"2025-06-18 16:23:23",0.9,1,1.8,1.7,5.3,5,2.7,2.9,2.3,2.1,2.3,-9999,-9999,-9999,-9999,-9999,-9999,-9999,-9999,-9999,0.1171768382191658
"2025-06-18 16:23:34",0.9,1,1.9,1.7,5.3,5,2.7,2.9,2.3,2,2.3,-9999,-9999,-9999,-9999,-9999,-9999,-9999,-9999,-9999,0.11715488135814667
"2025-06-18 16:23:44",0.9,1,1.9,1.7,5.3,5,2.7,2.9,2.3,2.1,2.3,-9999,-9999,-9999,-9999,-9999,-9999,-9999,-9999,-9999,0.11712833493947983
"2025-06-18 16:23:55",1,1,1.8,1.7,5.3,5,2.7,2.9,2.3,2.1,2.3,-9999,-9999,-9999,-9999,-9999,-9999,-9999,-9999,-9999,0.11710472404956818
"2025-06-18 16:24:05",0.9,1,1.9,1.7,5.3,5,2.7,2.9,2.3,2.1,2.3,-9999,-9999,-9999,-9999,-9999,-9999,-9999,-9999,-9999,0.11706839501857758
"2025-06-18 16:24:15",0.9,1,1.9,1.7,5.3,5,2.7,2.9,2.3,2.1,2.3,-9999,-9999,-9999,-9999,-9999,-9999,-9999,-9999,-9999,0.11703528463840485
"2025-06-18 16:24:26",1,1,1.9,1.8,5.3,5,2.7,2.9,2.3,2.1,2.3,-9999,-9999,-9999,-9999,-9999,-9999,-9999,-9999,-9999,0.11701854318380356
"2025-06-18 16:24:36",0.9,1,1.9,1.7,5.3,5,2.7,2.9,2.3,2.1,2.3,-9999,-9999,-9999,-9999,-9999,-9999,-9999,-9999,-9999,0.11701551079750061
"2025-06-18 16:24:46",0.9,1,1.9,1.7,5.3,5,2.7,2.9,2.4,2.1,2.3,-9999,-9999,-9999,-9999,-9999,-9999,-9999,-9999,-9999,0.11699576675891876
"2025-06-18 16:24:57",0.9,1,1.9,1.7,5.3,5,2.7,2.9,2.4,2.1,2.3,-9999,-9999,-9999,-9999,-9999,-9999,-9999,-9999,-9999,0.11696550250053406
"2025-06-18 16:25:07",0.9,1,1.9,1.7,5.3,5,2.7,2.9,2.3,2.1,2.3,-9999,-9999,-9999,-9999,-9999,-9999,-9999,-9999,-9999,0.11692914366722107
"2025-06-18 16:25:18",1,1,1.9,1.7,5.3,5,2.7,2.9,2.3,2.1,2.3,-9999,-9999,-9999,-9999,-9999,-9999,-9999,-9999,-9999,0.11688539385795593
"2025-06-18 16:25:28",1,1,1.9,1.7,5.3,5,2.7,2.9,2.3,2.1,2.3,-9999,-9999,-9999,-9999,-9999,-9999,-9999,-9999,-9999,0.11686665564775467
"2025-06-18 16:25:38",1,1,1.9,1.7,5.3,5,2.7,2.9,2.3,2.1,2.3,-9999,-9999,-9999,-9999,-9999,-9999,-9999,-9999,-9999,0.11685491353273392
"2025-06-18 16:25:49",0.9,1,1.9,1.7,5.3,5,2.7,2.9,2.3,2.1,2.3,-9999,-9999,-9999,-9999,-9999,-9999,-9999,-9999,-9999,0.116828054189682
"2025-06-18 16:25:59",0.9,1,1.9,1.7,5.3,5,2.7,2.9,2.3,2.1,2.3,-9999,-9999,-9999,-9999,-9999,-9999,-9999,-9999,-9999,0.11681438237428665
"2025-06-18 16:26:10",0.9,0.9,1.9,1.7,5.3,5,2.7,2.9,2.3,2.1,2.3,-9999,-9999,-9999,-9999,-9999,-9999,-9999,-9999,-9999,0.11679050326347351
"2025-06-18 16:26:20",0.9,1,1.8,1.8,5.3,5,2.7,2.9,2.4,2.1,2.3,-9999,-9999,-9999,-9999,-9999,-9999,-9999,-9999,-9999,0.11676112562417984
"2025-06-18 16:26:30",0.9,1,1.9,1.7,5.3,5,2.7,2.9,2.3,2.1,2.3,-9999,-9999,-9999,-9999,-9999,-9999,-9999,-9999,-9999,0.1167253777384758
"2025-06-18 16:26:41",0.9,1,1.9,1.7,5.3,5,2.7,2.9,2.3,2.1,2.3,-9999,-9999,-9999,-9999,-9999,-9999,-9999,-9999,-9999,0.11670057475566864
"2025-06-18 16:26:51",0.9,1,1.8,1.7,5.3,5,2.7,2.9,2.3,2.1,2.3,-9999,-9999,-9999,-9999,-9999,-9999,-9999,-9999,-9999,0.11668052524328232
"2025-06-18 16:27:01",1,1,1.9,1.7,5.3,5,2.7,2.9,2.4,2.1,2.3,-9999,-9999,-9999,-9999,-9999,-9999,-9999,-9999,-9999,0.11667028814554214
"2025-06-18 16:27:12",1,1,1.9,1.7,5.3,5,2.7,2.9,2.4,2.1,2.3,-9999,-9999,-9999,-9999,-9999,-9999,-9999,-9999,-9999,0.1166481226682663
"2025-06-18 16:27:22",1,1,1.9,1.7,5.3,5,2.7,2.9,2.4,2.1,2.3,-9999,-9999,-9999,-9999,-9999,-9999,-9999,-9999,-9999,0.11661601811647415
"2025-06-18 16:27:33",1,1,1.9,1.7,5.3,5,2.7,2.9,2.4,2.1,2.3,-9999,-9999,-9999,-9999,-9999,-9999,-9999,-9999,-9999,0.11658067256212234
"2025-06-18 16:27:43",0.9,1,1.9,1.7,5.3,5,2.7,2.9,2.4,2.1,2.3,-9999,-9999,-9999,-9999,-9999,-9999,-9999,-9999,-9999,0.11655090004205704
"2025-06-18 16:27:53",0.9,1,1.9,1.8,5.3,5,2.7,2.9,2.4,2.1,2.3,-9999,-9999,-9999,-9999,-9999,-9999,-9999,-9999,-9999,0.11653529107570648
"2025-06-18 16:28:04",1,1,1.9,1.7,5.3,5,2.7,2.9,2.4,2.1,2.3,-9999,-9999,-9999,-9999,-9999,-9999,-9999,-9999,-9999,0.1165304183959961
"2025-06-18 16:28:14",0.9,1,1.9,1.8,5.3,5,2.7,2.9,2.4,2.1,2.3,-9999,-9999,-9999,-9999,-9999,-9999,-9999,-9999,-9999,0.11648666858673096
"2025-06-18 16:28:25",0.9,1,1.9,1.7,5.3,5.1,2.7,2.9,2.4,2.1,2.3,-9999,-9999,-9999,-9999,-9999,-9999,-9999,-9999,-9999,0.11645325273275375
"2025-06-18 16:28:35",1,1,1.9,1.7,5.3,5.1,2.7,2.9,2.4,2.1,2.3,-9999,-9999,-9999,-9999,-9999,-9999,-9999,-9999,-9999,0.1164323091506958
"2025-06-18 16:28:45",1,1,1.9,1.7,5.3,5.1,2.7,2.9,2.4,2.1,2.3,-9999,-9999,-9999,-9999,-9999,-9999,-9999,-9999,-9999,0.11641305685043335
"2025-06-18 16:28:56",0.9,1,1.9,1.8,5.3,5.1,2.7,2.9,2.4,2.1,2.3,-9999,-9999,-9999,-9999,-9999,-9999,-9999,-9999,-9999,0.11638825386762619
"2025-06-18 16:29:06",1,1,1.9,1.7,5.3,5,2.7,2.9,2.4,2.1,2.3,-9999,-9999,-9999,-9999,-9999,-9999,-9999,-9999,-9999,0.11634965240955353
"2025-06-18 16:29:16",0.9,1,1.9,1.7,5.3,5,2.8,2.9,2.4,2.1,2.3,-9999,-9999,-9999,-9999,-9999,-9999,-9999,-9999,-9999,0.11633021384477615
"2025-06-18 16:29:27",0.9,1,1.9,1.7,5.3,5,2.7,2.9,2.4,2.1,2.3,-9999,-9999,-9999,-9999,-9999,-9999,-9999,-9999,-9999,0.1163208931684494
"2025-06-18 16:29:37",0.9,1,1.9,1.7,5.3,5,2.7,2.9,2.4,2.1,2.3,-9999,-9999,-9999,-9999,-9999,-9999,-9999,-9999,-9999,0.11628526449203491
"2025-06-18 16:29:48",0.9,1,1.9,1.8,5.3,5,2.7,2.9,2.3,2.1,2.3,-9999,-9999,-9999,-9999,-9999,-9999,-9999,-9999,-9999,0.11625000834465027
"2025-06-18 16:29:58",0.9,1,1.9,1.7,5.3,5,2.7,2.9,2.3,2.1,2.3,-9999,-9999,-9999,-9999,-9999,-9999,-9999,-9999,-9999,0.11623048037290573
"2025-06-18 16:30:08",1,1,1.9,1.8,5.3,5.1,2.7,2.9,2.4,2.1,2.3,-9999,-9999,-9999,-9999,-9999,-9999,-9999,-9999,-9999,0.1162027046084404
"2025-06-18 16:30:19",0.9,1,1.9,1.7,5.3,5,2.7,2.9,2.4,2.1,2.3,-9999,-9999,-9999,-9999,-9999,-9999,-9999,-9999,-9999,0.1161792203783989
"2025-06-18 16:30:29",1,1,1.9,1.7,5.3,5,2.7,2.9,2.4,2.1,2.3,-9999,-9999,-9999,-9999,-9999,-9999,-9999,-9999,-9999,0.11614083498716354
"2025-06-18 16:30:39",1,1,1.9,1.7,5.3,5,2.7,2.9,2.4,2.1,2.3,-9999,-9999,-9999,-9999,-9999,-9999,-9999,-9999,-9999,0.11612847447395325
"2025-06-18 16:30:50",1,1,1.9,1.7,5.3,5.1,2.7,2.9,2.4,2.1,2.3,-9999,-9999,-9999,-9999,-9999,-9999,-9999,-9999,-9999,0.11611268669366837
"2025-06-18 16:31:00",1,1,1.9,1.7,5.3,5.1,2.7,2.9,2.4,2.1,2.3,-9999,-9999,-9999,-9999,-9999,-9999,-9999,-9999,-9999,0.11607086658477783
"2025-06-18 16:31:11",1,1,1.9,1.7,5.3,5.1,2.8,2.9,2.4,2.1,2.3,-9999,-9999,-9999,-9999,-9999,-9999,-9999,-9999,-9999,0.11604940891265869
"2025-06-18 16:31:21",1,1,1.9,1.7,5.3,5,2.8,2.9,2.4,2.1,2.3,-9999,-9999,-9999,-9999,-9999,-9999,-9999,-9999,-9999,0.11604373157024384
"2025-06-18 16:31:31",0.9,1,1.9,1.7,5.3,5,2.7,2.9,2.4,2.1,2.3,-9999,-9999,-9999,-9999,-9999,-9999,-9999,-9999,-9999,0.11599691957235336
"2025-06-18 16:31:42",1,1,1.9,1.7,5.3,5,2.7,2.9,2.4,2.1,2.3,-9999,-9999,-9999,-9999,-9999,-9999,-9999,-9999,-9999,0.11597993224859238
"2025-06-18 16:31:52",1,1,1.9,1.7,5.3,5.1,2.7,2.9,2.4,2.1,2.3,-9999,-9999,-9999,-9999,-9999,-9999,-9999,-9999,-9999,0.115967757999897
"2025-06-18 16:32:03",0.9,1,1.9,1.7,5.3,5,2.7,2.9,2.4,2.1,2.3,-9999,-9999,-9999,-9999,-9999,-9999,-9999,-9999,-9999,0.11592281609773636
"2025-06-18 16:32:13",1,1,1.9,1.7,5.3,5,2.7,2.9,2.3,2.1,2.3,-9999,-9999,-9999,-9999,-9999,-9999,-9999,-9999,-9999,0.11589424312114716
"2025-06-18 16:32:23",1,1,1.9,1.7,5.3,5,2.7,2.9,2.3,2.1,2.3,-9999,-9999,-9999,-9999,-9999,-9999,-9999,-9999,-9999,0.1158972755074501
"2025-06-18 16:32:34",0.9,1,1.9,1.7,5.3,5,2.7,2.9,2.3,2.1,2.3,-9999,-9999,-9999,-9999,-9999,-9999,-9999,-9999,-9999,0.11585220694541931
"2025-06-18 16:32:44",1,1,1.9,1.7,5.3,5,2.7,2.9,2.3,2.1,2.3,-9999,-9999,-9999,-9999,-9999,-9999,-9999,-9999,-9999,0.11582111567258835
"2025-06-18 16:32:54",0.9,1,1.9,1.7,5.3,5.1,2.7,2.9,2.4,2.1,2.3,-9999,-9999,-9999,-9999,-9999,-9999,-9999,-9999,-9999,0.11582295596599579
"2025-06-18 16:33:05",1,1,1.9,1.7,5.3,5,2.7,2.9,2.3,2.1,2.3,-9999,-9999,-9999,-9999,-9999,-9999,-9999,-9999,-9999,0.11577332019805908
"2025-06-18 16:33:15",0.9,1,1.9,1.7,5.3,5,2.7,2.9,2.3,2.1,2.3,-9999,-9999,-9999,-9999,-9999,-9999,-9999,-9999,-9999,0.11577068269252777
"2025-06-18 16:33:26",1,1,1.9,1.7,5.3,5,2.7,2.9,2.4,2.1,2.3,-9999,-9999,-9999,-9999,-9999,-9999,-9999,-9999,-9999,0.11574587970972061
"2025-06-18 16:33:36",0.9,1,1.9,1.7,5.3,5,2.8,2.9,2.4,2.1,2.3,-9999,-9999,-9999,-9999,-9999,-9999,-9999,-9999,-9999,0.1157035380601883
"2025-06-18 16:33:46",1,1,1.9,1.7,5.3,5.1,2.7,2.9,2.4,2.1,2.3,-9999,-9999,-9999,-9999,-9999,-9999,-9999,-9999,-9999,0.11569280922412872
"2025-06-18 16:33:57",0.9,1,1.9,1.7,5.3,5,2.7,2.9,2.4,2.1,2.3,-9999,-9999,-9999,-9999,-9999,-9999,-9999,-9999,-9999,0.11569179594516754
"2025-06-18 16:34:07",0.9,1,1.9,1.7,5.3,5,2.7,2.9,2.4,2.1,2.3,-9999,-9999,-9999,-9999,-9999,-9999,-9999,-9999,-9999,0.11565868556499481
"2025-06-18 16:34:18",0.9,1,1.9,1.7,5.3,5.1,2.8,2.9,2.4,2.1,2.3,-9999,-9999,-9999,-9999,-9999,-9999,-9999,-9999,-9999,0.11561980843544006
"2025-06-18 16:34:28",0.9,1,1.9,1.7,5.3,5,2.7,2.9,2.4,2.1,2.3,-9999,-9999,-9999,-9999,-9999,-9999,-9999,-9999,-9999,0.11560947448015213
"2025-06-18 16:34:38",0.9,1,1.9,1.7,5.3,5.1,2.8,2.9,2.4,2.1,2.3,-9999,-9999,-9999,-9999,-9999,-9999,-9999,-9999,-9999,0.11557473987340927
"2025-06-18 16:34:49",1,1,1.9,1.7,5.3,5.1,2.7,2.9,2.4,2.1,2.3,-9999,-9999,-9999,-9999,-9999,-9999,-9999,-9999,-9999,0.1155683621764183
"2025-06-18 16:34:59",0.9,1,1.9,1.7,5.3,5.1,2.7,2.9,2.4,2.1,2.3,-9999,-9999,-9999,-9999,-9999,-9999,-9999,-9999,-9999,0.11552479863166809
"2025-06-18 16:35:09",0.9,1,1.9,1.7,5.3,5.1,2.7,2.9,2.3,2.1,2.3,-9999,-9999,-9999,-9999,-9999,-9999,-9999,-9999,-9999,0.11551498621702194
"2025-06-18 16:35:20",0.9,1,1.9,1.7,5.3,5,2.7,2.9,2.4,2.1,2.3,-9999,-9999,-9999,-9999,-9999,-9999,-9999,-9999,-9999,0.11550170928239822
"2025-06-18 16:35:30",0.9,1,1.9,1.7,5.3,5,2.7,2.9,2.4,2.1,2.3,-9999,-9999,-9999,-9999,-9999,-9999,-9999,-9999,-9999,0.11548500508069992
"2025-06-18 16:35:41",0.9,1,1.9,1.7,5.3,5,2.7,2.9,2.4,2.1,2.3,-9999,-9999,-9999,-9999,-9999,-9999,-9999,-9999,-9999,0.11544802784919739
"2025-06-18 16:35:51",0.9,1,1.9,1.7,5.3,5.1,2.8,2.9,2.4,2.1,2.3,-9999,-9999,-9999,-9999,-9999,-9999,-9999,-9999,-9999,0.11543729901313782
"2025-06-18 16:36:01",0.9,1,1.9,1.8,5.3,5.1,2.8,2.9,2.4,2.1,2.3,-9999,-9999,-9999,-9999,-9999,-9999,-9999,-9999,-9999,0.1154099777340889
"2025-06-18 16:36:12",1,1,1.9,1.7,5.3,5.1,2.8,2.9,2.4,2.1,2.3,-9999,-9999,-9999,-9999,-9999,-9999,-9999,-9999,-9999,0.11538514494895935
"2025-06-18 16:36:22",1,1,1.9,1.7,5.3,5.1,2.8,2.9,2.4,2.1,2.3,-9999,-9999,-9999,-9999,-9999,-9999,-9999,-9999,-9999,0.1153525561094284
"2025-06-18 16:36:33",0.9,1,1.9,1.7,5.3,5.1,2.8,2.9,2.4,2.1,2.3,-9999,-9999,-9999,-9999,-9999,-9999,-9999,-9999,-9999,0.11534363031387329
"2025-06-18 16:36:43",1,1,1.8,1.7,5.3,5,2.8,2.9,2.4,2.1,2.3,-9999,-9999,-9999,-9999,-9999,-9999,-9999,-9999,-9999,0.11531518399715424
"2025-06-18 16:36:53",0.9,1,1.9,1.7,5.3,5,2.7,2.9,2.4,2.1,2.3,-9999,-9999,-9999,-9999,-9999,-9999,-9999,-9999,-9999,0.11529622972011566
"2025-06-18 16:37:04",1,1,1.9,1.7,5.3,5.1,2.8,2.9,2.4,2.1,2.3,-9999,-9999,-9999,-9999,-9999,-9999,-9999,-9999,-9999,0.1152702048420906
"2025-06-18 16:37:14",1,1,1.9,1.7,5.3,5.1,2.7,2.9,2.4,2.1,2.4,-9999,-9999,-9999,-9999,-9999,-9999,-9999,-9999,-9999,0.11525288224220276
"2025-06-18 16:37:24",0.9,1,1.9,1.7,5.3,5,2.7,2.9,2.4,2.1,2.3,-9999,-9999,-9999,-9999,-9999,-9999,-9999,-9999,-9999,0.11522433906793594
"2025-06-18 16:37:35",0.9,1,1.9,1.7,5.3,5.1,2.8,2.9,2.4,2.1,2.4,-9999,-9999,-9999,-9999,-9999,-9999,-9999,-9999,-9999,0.11521431058645248
"2025-06-18 16:37:45",0.9,1,1.9,1.7,5.3,5.1,2.8,2.9,2.4,2.1,2.4,-9999,-9999,-9999,-9999,-9999,-9999,-9999,-9999,-9999,0.11518441885709763
"2025-06-18 16:37:56",0.9,1,1.9,1.7,5.3,5.1,2.8,2.9,2.4,2.1,2.4,-9999,-9999,-9999,-9999,-9999,-9999,-9999,-9999,-9999,0.11517905443906784
"2025-06-18 16:38:06",1,1,1.9,1.7,5.3,5.1,2.8,2.9,2.4,2.1,2.4,-9999,-9999,-9999,-9999,-9999,-9999,-9999,-9999,-9999,0.11514048278331757
"2025-06-18 16:38:16",0.9,1,1.8,1.7,5.4,5.1,2.8,2.9,2.4,2.1,2.3,-9999,-9999,-9999,-9999,-9999,-9999,-9999,-9999,-9999,0.11512294411659241
"2025-06-18 16:38:27",0.9,1,1.9,1.7,5.3,5.1,2.8,2.9,2.4,2.1,2.4,-9999,-9999,-9999,-9999,-9999,-9999,-9999,-9999,-9999,0.11509197950363159
"2025-06-18 16:38:37",1,1,1.9,1.7,5.3,5.1,2.8,2.9,2.4,2.1,2.4,-9999,-9999,-9999,-9999,-9999,-9999,-9999,-9999,-9999,0.11507303267717361
"2025-06-18 16:38:47",1,1,1.9,1.7,5.3,5.1,2.8,2.9,2.4,2.1,2.3,-9999,-9999,-9999,-9999,-9999,-9999,-9999,-9999,-9999,0.11506472527980804
"2025-06-18 16:38:58",1,1,1.9,1.7,5.3,5.1,2.7,2.9,2.4,2.1,2.4,-9999,-9999,-9999,-9999,-9999,-9999,-9999,-9999,-9999,0.11503200978040695
"2025-06-18 16:39:08",1,1,1.9,1.7,5.4,5.1,2.8,2.9,2.4,2.1,2.4,-9999,-9999,-9999,-9999,-9999,-9999,-9999,-9999,-9999,0.11503283679485321
"2025-06-18 16:39:19",0.9,1,1.9,1.7,5.4,5.1,2.8,3,2.4,2.1,2.4,-9999,-9999,-9999,-9999,-9999,-9999,-9999,-9999,-9999,0.11499243229627609
"2025-06-18 16:39:29",1,1,1.9,1.7,5.4,5.1,2.8,2.9,2.4,2.1,2.4,-9999,-9999,-9999,-9999,-9999,-9999,-9999,-9999,-9999,0.11498259007930756
"2025-06-18 16:39:39",0.9,1,1.9,1.7,5.3,5.1,2.8,2.9,2.4,2.1,2.4,-9999,-9999,-9999,-9999,-9999,-9999,-9999,-9999,-9999,0.1149664968252182
"2025-06-18 16:39:50",1,1,1.9,1.7,5.3,5.1,2.8,2.9,2.4,2.1,2.4,-9999,-9999,-9999,-9999,-9999,-9999,-9999,-9999,-9999,0.11493166536092758
"2025-06-18 16:40:00",1,1,1.9,1.7,5.4,5.1,2.8,3,2.4,2.1,2.4,-9999,-9999,-9999,-9999,-9999,-9999,-9999,-9999,-9999,0.11492770910263062
"2025-06-18 16:40:11",1,1,1.9,1.7,5.3,5.1,2.7,2.9,2.4,2.1,2.4,-9999,-9999,-9999,-9999,-9999,-9999,-9999,-9999,-9999,0.11489509046077728
"2025-06-18 16:40:21",1,1,1.9,1.7,5.8,5.7,2.8,2.9,2.4,2.1,2.3,-9999,-9999,-9999,-9999,-9999,-9999,-9999,-9999,-9999,0.11486179381608963
"2025-06-18 16:40:31",1,1,1.9,1.7,6.4,6.4,2.8,2.9,2.4,2.1,2.4,-9999,-9999,-9999,-9999,-9999,-9999,-9999,-9999,-9999,0.11486421525478363
"2025-06-18 16:40:42",1,1,1.9,1.7,7,7.1,2.8,2.9,2.4,2.1,2.4,-9999,-9999,-9999,-9999,-9999,-9999,-9999,-9999,-9999,0.11485397815704346
"2025-06-18 16:40:52",1,1,1.9,1.7,7.5,7.6,2.7,3,2.4,2.1,2.4,-9999,-9999,-9999,-9999,-9999,-9999,-9999,-9999,-9999,0.11483827978372574
"2025-06-18 16:41:02",1,1,1.9,1.7,8,8.2,2.8,3,2.4,2.1,2.4,-9999,-9999,-9999,-9999,-9999,-9999,-9999,-9999,-9999,0.11484597623348236
"2025-06-18 16:41:13",1,1,1.9,1.7,8.5,8.7,2.8,3.1,2.4,2.2,2.4,-9999,-9999,-9999,-9999,-9999,-9999,-9999,-9999,-9999,0.11482490599155426
"2025-06-18 16:41:23",1,1,1.9,1.7,9,9.1,2.8,3.1,2.4,2.1,2.4,-9999,-9999,-9999,-9999,-9999,-9999,-9999,-9999,-9999,0.11481083929538727
"2025-06-18 16:41:34",1,1,1.9,1.7,9.4,9.6,2.8,3.2,2.5,2.1,2.4,-9999,-9999,-9999,-9999,-9999,-9999,-9999,-9999,-9999,0.11482006311416626
"2025-06-18 16:41:44",1,1,1.9,1.7,9.8,9.9,2.8,3.3,2.5,2.2,2.5,-9999,-9999,-9999,-9999,-9999,-9999,-9999,-9999,-9999,0.11481742560863495
"2025-06-18 16:41:54",1,1,1.9,1.8,10.2,10.3,2.8,3.4,2.5,2.2,2.5,-9999,-9999,-9999,-9999,-9999,-9999,-9999,-9999,-9999,0.11479566246271133
"2025-06-18 16:42:05",1,1,1.9,1.7,10.6,10.7,2.8,3.4,2.5,2.2,2.5,-9999,-9999,-9999,-9999,-9999,-9999,-9999,-9999,-9999,0.11480050534009933
"2025-06-18 16:42:15",1,1,1.9,1.7,10.9,11,2.9,3.5,2.5,2.2,2.5,-9999,-9999,-9999,-9999,-9999,-9999,-9999,-9999,-9999,0.11481549590826035
"2025-06-18 16:42:25",0.9,1,1.9,1.7,11.2,11.3,2.9,3.6,2.6,2.2,2.5,-9999,-9999,-9999,-9999,-9999,-9999,-9999,-9999,-9999,0.11479029804468155
"2025-06-18 16:42:36",1,1,1.9,1.7,11.5,11.5,2.9,3.7,2.6,2.2,2.6,-9999,-9999,-9999,-9999,-9999,-9999,-9999,-9999,-9999,0.11479918658733368
"2025-06-18 16:42:46",0.9,1,1.9,1.7,11.8,11.8,2.9,3.8,2.6,2.2,2.6,-9999,-9999,-9999,-9999,-9999,-9999,-9999,-9999,-9999,0.11481105536222458
"2025-06-18 16:42:57",1,1,1.9,1.7,12.1,12,2.9,3.9,2.7,2.2,2.6,-9999,-9999,-9999,-9999,-9999,-9999,-9999,-9999,-9999,0.11480516195297241
"2025-06-18 16:43:07",1,1,1.9,1.7,12.3,12.2,3,4,2.7,2.2,2.7,-9999,-9999,-9999,-9999,-9999,-9999,-9999,-9999,-9999,0.11479627341032028
"2025-06-18 16:43:17",1,1,1.9,1.8,12.5,12.4,3,4,2.7,2.3,2.7,-9999,-9999,-9999,-9999,-9999,-9999,-9999,-9999,-9999,0.11479523032903671
"2025-06-18 16:43:28",1,1,1.9,1.7,12.7,12.6,3.1,4.2,2.8,2.3,2.7,-9999,-9999,-9999,-9999,-9999,-9999,-9999,-9999,-9999,0.1148081049323082
"2025-06-18 16:43:38",1,1,1.9,1.7,13,12.8,3.1,4.2,2.9,2.3,2.8,-9999,-9999,-9999,-9999,-9999,-9999,-9999,-9999,-9999,0.11480455100536346
"2025-06-18 16:43:49",1,1,1.9,1.7,13.2,12.9,3.1,4.3,2.9,2.3,2.8,-9999,-9999,-9999,-9999,-9999,-9999,-9999,-9999,-9999,0.11479716002941132
"2025-06-18 16:43:59",1,1,1.9,1.7,13.3,13.1,3.2,4.4,2.9,2.4,2.8,-9999,-9999,-9999,-9999,-9999,-9999,-9999,-9999,-9999,0.1147938221693039
"2025-06-18 16:44:09",1,1,1.9,1.7,13.5,13.2,3.2,4.5,3,2.4,2.9,-9999,-9999,-9999,-9999,-9999,-9999,-9999,-9999,-9999,0.11479483544826508
"2025-06-18 16:44:20",1,1,1.9,1.7,13.7,13.4,3.3,4.5,3,2.4,2.9,-9999,-9999,-9999,-9999,-9999,-9999,-9999,-9999,-9999,0.11480081081390381
"2025-06-18 16:44:30",1,1,1.9,1.8,13.8,13.5,3.3,4.6,3.1,2.4,2.9,-9999,-9999,-9999,-9999,-9999,-9999,-9999,-9999,-9999,0.11479495465755463
"2025-06-18 16:44:40",1,1,1.9,1.8,13.9,13.6,3.4,4.7,3.1,2.5,3,-9999,-9999,-9999,-9999,-9999,-9999,-9999,-9999,-9999,0.11478318274021149
"2025-06-18 16:44:51",1,1,1.9,1.8,14.1,13.7,3.4,4.7,3.1,2.5,3,-9999,-9999,-9999,-9999,-9999,-9999,-9999,-9999,-9999,0.11476901918649673
"2025-06-18 16:45:01",1,1,1.9,1.8,14.2,13.8,3.4,4.8,3.2,2.5,3,-9999,-9999,-9999,-9999,-9999,-9999,-9999,-9999,-9999,0.11478431522846222
"2025-06-18 16:45:12",1,1,1.9,1.8,14.3,13.9,3.5,4.8,3.2,2.5,3.1,-9999,-9999,-9999,-9999,-9999,-9999,-9999,-9999,-9999,0.11478593945503235
"2025-06-18 16:45:22",1,1,1.9,1.8,14.4,14,3.5,4.9,3.2,2.6,3.1,-9999,-9999,-9999,-9999,-9999,-9999,-9999,-9999,-9999,0.11479231715202332
"2025-06-18 16:45:32",1,1,1.9,1.8,14.5,14.1,3.6,4.9,3.3,2.6,3.1,-9999,-9999,-9999,-9999,-9999,-9999,-9999,-9999,-9999,0.11478409916162491
"2025-06-18 16:45:43",1,1,1.9,1.8,14.6,14.1,3.6,5,3.3,2.6,3.2,-9999,-9999,-9999,-9999,-9999,-9999,-9999,-9999,-9999,0.11476993560791016
"2025-06-18 16:45:53",1,1,1.9,1.8,14.7,14.2,3.7,5,3.4,2.6,3.2,-9999,-9999,-9999,-9999,-9999,-9999,-9999,-9999,-9999,0.11475745588541031
"2025-06-18 16:46:03",0.9,1,1.8,1.8,14.8,14.3,3.7,5.1,3.4,2.7,3.2,-9999,-9999,-9999,-9999,-9999,-9999,-9999,-9999,-9999,0.11475230753421783
"2025-06-18 16:46:14",1,1,1.9,1.8,14.9,14.4,3.7,5.1,3.4,2.7,3.3,-9999,-9999,-9999,-9999,-9999,-9999,-9999,-9999,-9999,0.11475604772567749
"2025-06-18 16:46:24",1,1,1.9,1.7,15,14.4,3.8,5.2,3.5,2.7,3.3,-9999,-9999,-9999,-9999,-9999,-9999,-9999,-9999,-9999,0.11475635319948196
"2025-06-18 16:46:35",0.9,1,1.9,1.8,15.1,14.5,3.8,5.2,3.5,2.7,3.3,-9999,-9999,-9999,-9999,-9999,-9999,-9999,-9999,-9999,0.11476325243711472
"2025-06-18 16:46:45",1,1,1.9,1.7,15.1,14.5,3.9,5.3,3.5,2.8,3.4,-9999,-9999,-9999,-9999,-9999,-9999,-9999,-9999,-9999,0.11475472897291183
"2025-06-18 16:46:55",1,1,1.9,1.8,15.2,14.6,3.9,5.3,3.6,2.8,3.4,-9999,-9999,-9999,-9999,-9999,-9999,-9999,-9999,-9999,0.11474408954381943
"2025-06-18 16:47:06",1,1,1.9,1.7,15.3,14.6,3.9,5.3,3.6,2.8,3.4,-9999,-9999,-9999,-9999,-9999,-9999,-9999,-9999,-9999,0.11473894119262695
"2025-06-18 16:47:16",0.9,1,1.9,1.8,15.3,14.7,4,5.4,3.6,2.8,3.4,-9999,-9999,-9999,-9999,-9999,-9999,-9999,-9999,-9999,0.11472548544406891
"2025-06-18 16:47:27",1,1,1.9,1.8,15.4,14.7,4,5.4,3.7,2.9,3.4,-9999,-9999,-9999,-9999,-9999,-9999,-9999,-9999,-9999,0.1147228479385376
"2025-06-18 16:47:37",1,1,1.9,1.8,15.5,14.8,4,5.4,3.7,2.9,3.5,-9999,-9999,-9999,-9999,-9999,-9999,-9999,-9999,-9999,0.11471625417470932
"2025-06-18 16:47:47",1,1,1.9,1.8,15.5,14.8,4.1,5.5,3.7,2.9,3.5,-9999,-9999,-9999,-9999,-9999,-9999,-9999,-9999,-9999,0.11471818387508392
"2025-06-18 16:47:58",1,1,1.9,1.8,15.6,14.9,4.1,5.5,3.8,2.9,3.5,-9999,-9999,-9999,-9999,-9999,-9999,-9999,-9999,-9999,0.11470653116703033
"2025-06-18 16:48:08",1,1,1.9,1.8,15.6,14.9,4.1,5.5,3.8,2.9,3.6,-9999,-9999,-9999,-9999,-9999,-9999,-9999,-9999,-9999,0.11469629406929016
"2025-06-18 16:48:18",1,1,1.9,1.8,15.6,14.9,4.1,5.6,3.8,3,3.6,-9999,-9999,-9999,-9999,-9999,-9999,-9999,-9999,-9999,0.11470340937376022
"2025-06-18 16:48:29",1,1.1,1.9,1.8,15.7,15,4.2,5.6,3.8,3,3.6,-9999,-9999,-9999,-9999,-9999,-9999,-9999,-9999,-9999,0.11470803618431091
"2025-06-18 16:48:39",1,1,1.9,1.8,15.7,15,4.2,5.6,3.8,3,3.6,-9999,-9999,-9999,-9999,-9999,-9999,-9999,-9999,-9999,0.11469832062721252
"2025-06-18 16:48:50",1,1,1.9,1.8,15.8,15,4.3,5.6,3.9,3,3.6,-9999,-9999,-9999,-9999,-9999,-9999,-9999,-9999,-9999,0.11469031870365143
"2025-06-18 16:49:00",1,1.1,1.9,1.8,15.8,15.1,4.3,5.7,3.9,3,3.7,-9999,-9999,-9999,-9999,-9999,-9999,-9999,-9999,-9999,0.11468204110860825
"2025-06-18 16:49:10",1,1,1.9,1.8,15.8,15.1,4.3,5.7,3.9,3,3.7,-9999,-9999,-9999,-9999,-9999,-9999,-9999,-9999,-9999,0.11466894298791885
"2025-06-18 16:49:21",1,1,1.9,1.8,15.9,15.1,4.3,5.7,3.9,3.1,3.7,-9999,-9999,-9999,-9999,-9999,-9999,-9999,-9999,-9999,0.1146603599190712
"2025-06-18 16:49:31",1,1,1.9,1.8,15.9,15.1,4.3,5.7,3.9,3.1,3.7,-9999,-9999,-9999,-9999,-9999,-9999,-9999,-9999,-9999,0.11465588212013245
"2025-06-18 16:49:41",1,1,1.9,1.8,15.9,15.2,4.4,5.7,3.9,3.1,3.8,-9999,-9999,-9999,-9999,-9999,-9999,-9999,-9999,-9999,0.11464396119117737
"2025-06-18 16:49:52",1,1,1.9,1.8,16,15.2,4.4,5.8,4,3.1,3.8,-9999,-9999,-9999,-9999,-9999,-9999,-9999,-9999,-9999,0.114641934633255
"2025-06-18 16:50:02",1,1,1.9,1.8,16,15.2,4.4,5.8,4,3.1,3.8,-9999,-9999,-9999,-9999,-9999,-9999,-9999,-9999,-9999,0.11463310569524765
"2025-06-18 16:50:13",1,1.1,1.9,1.8,16,15.2,4.4,5.8,4,3.1,3.8,-9999,-9999,-9999,-9999,-9999,-9999,-9999,-9999,-9999,0.1146170124411583
"2025-06-18 16:50:23",1,1,1.9,1.8,16.1,15.2,4.4,5.9,4,3.2,3.8,-9999,-9999,-9999,-9999,-9999,-9999,-9999,-9999,-9999,0.11460953205823898
"2025-06-18 16:50:33",1,1.1,1.9,1.8,16.1,15.3,4.5,5.8,4.1,3.1,3.8,-9999,-9999,-9999,-9999,-9999,-9999,-9999,-9999,-9999,0.11461375653743744
"2025-06-18 16:50:44",1,1.1,1.9,1.8,16.1,15.3,4.5,5.9,4,3.1,3.8,-9999,-9999,-9999,-9999,-9999,-9999,-9999,-9999,-9999,0.114595428109169
"2025-06-18 16:50:54",1,1.1,1.9,1.8,16.1,15.3,4.5,5.9,4.1,3.2,3.8,-9999,-9999,-9999,-9999,-9999,-9999,-9999,-9999,-9999,0.11459383368492126
"2025-06-18 16:51:04",1,1.1,1.9,1.8,16.1,15.3,4.5,5.9,4.1,3.2,3.9,-9999,-9999,-9999,-9999,-9999,-9999,-9999,-9999,-9999,0.11458328366279602
"2025-06-18 16:51:15",1,1.1,1.9,1.8,16.2,15.3,4.5,5.9,4.1,3.2,3.9,-9999,-9999,-9999,-9999,-9999,-9999,-9999,-9999,-9999,0.1145736575126648
"2025-06-18 16:51:25",1,1.1,1.9,1.8,16.2,15.4,4.5,5.9,4.1,3.2,3.9,-9999,-9999,-9999,-9999,-9999,-9999,-9999,-9999,-9999,0.11456678807735443
"2025-06-18 16:51:36",1,1,1.9,1.8,16.2,15.4,4.5,5.9,4.1,3.2,3.9,-9999,-9999,-9999,-9999,-9999,-9999,-9999,-9999,-9999,0.11455988883972168
"2025-06-18 16:51:46",1,1.1,1.9,1.8,16.2,15.4,4.6,5.9,4.1,3.2,3.9,-9999,-9999,-9999,-9999,-9999,-9999,-9999,-9999,-9999,0.11455140262842178
"2025-06-18 16:51:56",1,1.1,1.9,1.8,16.2,15.4,4.6,6,4.2,3.2,3.9,-9999,-9999,-9999,-9999,-9999,-9999,-9999,-9999,-9999,0.11453931778669357
"2025-06-18 16:52:07",1,1.1,1.9,1.8,16.3,15.4,4.6,6,4.1,3.2,3.9,-9999,-9999,-9999,-9999,-9999,-9999,-9999,-9999,-9999,0.1145465224981308
"2025-06-18 16:52:17",1,1.1,1.9,1.8,16.3,15.4,4.6,6,4.2,3.3,3.9,-9999,-9999,-9999,-9999,-9999,-9999,-9999,-9999,-9999,0.11454124748706818
"2025-06-18 16:52:27",1,1.1,1.9,1.8,16.3,15.4,4.6,6,4.2,3.3,4,-9999,-9999,-9999,-9999,-9999,-9999,-9999,-9999,-9999,0.11452454328536987
"2025-06-18 16:52:38",1,1.1,1.9,1.8,16.3,15.5,4.6,6,4.2,3.3,4,-9999,-9999,-9999,-9999,-9999,-9999,-9999,-9999,-9999,0.1145106852054596
"2025-06-18 16:52:48",1,1.1,1.9,1.8,16.3,15.5,4.6,6,4.2,3.3,4,-9999,-9999,-9999,-9999,-9999,-9999,-9999,-9999,-9999,0.11450023204088211
"2025-06-18 16:52:59",1,1.1,1.9,1.8,16.3,15.5,4.7,6,4.2,3.3,4,-9999,-9999,-9999,-9999,-9999,-9999,-9999,-9999,-9999,0.11448676884174347
"2025-06-18 16:53:09",1,1.1,1.9,1.8,16.4,15.5,4.7,6,4.2,3.3,4,-9999,-9999,-9999,-9999,-9999,-9999,-9999,-9999,-9999,0.1144692599773407
"2025-06-18 16:53:19",1,1.1,1.9,1.8,16.4,15.5,4.7,6,4.2,3.3,4,-9999,-9999,-9999,-9999,-9999,-9999,-9999,-9999,-9999,0.11446622759103775
"2025-06-18 16:53:30",1,1.1,1.9,1.8,16.4,15.5,4.6,6,4.2,3.3,4,-9999,-9999,-9999,-9999,-9999,-9999,-9999,-9999,-9999,0.11446834355592728
"2025-06-18 16:53:40",1,1.1,1.9,1.8,16.4,15.5,4.7,6,4.2,3.3,4,-9999,-9999,-9999,-9999,-9999,-9999,-9999,-9999,-9999,0.11445264518260956
"2025-06-18 16:53:51",1,1.1,1.9,1.9,16.4,15.5,4.7,6,4.3,3.3,4,-9999,-9999,-9999,-9999,-9999,-9999,-9999,-9999,-9999,0.1144358441233635
"2025-06-18 16:54:01",1,1.1,1.9,1.8,16.4,15.6,4.7,6,4.3,3.3,4.1,-9999,-9999,-9999,-9999,-9999,-9999,-9999,-9999,-9999,0.11441536247730255
"2025-06-18 16:54:11",1.1,1.1,1.9,1.8,16.4,15.5,4.7,6.1,4.3,3.3,4.1,-9999,-9999,-9999,-9999,-9999,-9999,-9999,-9999,-9999,0.11440727114677429
"2025-06-18 16:54:22",1,1.1,1.9,1.8,16.4,15.6,4.7,6.1,4.3,3.3,4.1,-9999,-9999,-9999,-9999,-9999,-9999,-9999,-9999,-9999,0.11440889537334442
"2025-06-18 16:54:32",1,1.1,1.9,1.8,16.5,15.6,4.7,6.1,4.3,3.3,4.1,-9999,-9999,-9999,-9999,-9999,-9999,-9999,-9999,-9999,0.11440089344978333
"2025-06-18 16:54:42",1,1.1,1.9,1.8,16.5,15.6,4.7,6.1,4.3,3.4,4.1,-9999,-9999,-9999,-9999,-9999,-9999,-9999,-9999,-9999,0.11438500881195068
"2025-06-18 16:54:53",1,1.1,1.9,1.8,16.5,15.6,4.7,6.1,4.3,3.4,4.1,-9999,-9999,-9999,-9999,-9999,-9999,-9999,-9999,-9999,0.11435766518115997
"2025-06-18 16:55:03",1,1.1,1.9,1.8,16.5,15.6,4.7,6.1,4.3,3.4,4.1,-9999,-9999,-9999,-9999,-9999,-9999,-9999,-9999,-9999,0.11435186862945557
"2025-06-18 16:55:14",1,1.1,1.9,1.8,16.5,15.6,4.7,6.1,4.3,3.4,4.1,-9999,-9999,-9999,-9999,-9999,-9999,-9999,-9999,-9999,0.11434125900268555
"2025-06-18 16:55:24",1,1.1,1.9,1.8,16.5,15.6,4.8,6.1,4.3,3.4,4.1,-9999,-9999,-9999,-9999,-9999,-9999,-9999,-9999,-9999,0.11433172971010208
"2025-06-18 16:55:34",1,1.1,1.9,1.8,16.5,15.6,4.8,6.1,4.3,3.4,4.1,-9999,-9999,-9999,-9999,-9999,-9999,-9999,-9999,-9999,0.11430934816598892
"2025-06-18 16:55:45",1,1.1,1.9,1.8,16.5,15.6,4.8,6.1,4.3,3.4,4.1,-9999,-9999,-9999,-9999,-9999,-9999,-9999,-9999,-9999,0.11430226266384125
"2025-06-18 16:55:55",1,1.1,1.9,1.8,16.5,15.6,4.8,6.1,4.3,3.4,4.1,-9999,-9999,-9999,-9999,-9999,-9999,-9999,-9999,-9999,0.11429395526647568
"2025-06-18 16:56:05",1,1,1.9,1.8,16.5,15.6,4.8,6.1,4.3,3.4,4.1,-9999,-9999,-9999,-9999,-9999,-9999,-9999,-9999,-9999,0.11426924169063568
"2025-06-18 16:56:16",1,1.1,1.9,1.8,16.5,15.6,4.8,6.1,4.3,3.4,4.1,-9999,-9999,-9999,-9999,-9999,-9999,-9999,-9999,-9999,0.11426074802875519
"2025-06-18 16:56:26",1,1.1,1.9,1.8,16.5,15.6,4.8,6.1,4.4,3.4,4.1,-9999,-9999,-9999,-9999,-9999,-9999,-9999,-9999,-9999,0.11425507813692093
"2025-06-18 16:56:37",1,1.1,1.9,1.8,16.5,15.6,4.8,6.2,4.4,3.4,4.1,-9999,-9999,-9999,-9999,-9999,-9999,-9999,-9999,-9999,0.11424171179533005
"2025-06-18 16:56:47",1,1.1,1.9,1.8,16.6,15.7,4.8,6.2,4.4,3.4,4.1,-9999,-9999,-9999,-9999,-9999,-9999,-9999,-9999,-9999,0.11421322822570801
"2025-06-18 16:56:57",1,1,1.9,1.8,16.6,15.6,4.8,6.2,4.4,3.4,4.1,-9999,-9999,-9999,-9999,-9999,-9999,-9999,-9999,-9999,0.11420483142137527
"2025-06-18 16:57:08",1,1,1.9,1.8,16.6,15.7,4.8,6.2,4.4,3.4,4.1,-9999,-9999,-9999,-9999,-9999,-9999,-9999,-9999,-9999,0.11419480293989182
"2025-06-18 16:57:18",1,1,1.9,1.8,16.6,15.7,4.8,6.2,4.4,3.4,4.1,-9999,-9999,-9999,-9999,-9999,-9999,-9999,-9999,-9999,0.11418113112449646
"2025-06-18 16:57:28",1,1.1,1.9,1.8,16.6,15.7,4.8,6.2,4.3,3.4,4.1,-9999,-9999,-9999,-9999,-9999,-9999,-9999,-9999,-9999,0.11416920274496078
"2025-06-18 16:57:39",1,1,1.9,1.8,16.6,15.7,4.8,6.2,4.4,3.4,4.1,-9999,-9999,-9999,-9999,-9999,-9999,-9999,-9999,-9999,0.11417039483785629
"2025-06-18 16:57:49",1,1,1.9,1.9,16.6,15.7,4.8,6.1,4.4,3.4,4.2,-9999,-9999,-9999,-9999,-9999,-9999,-9999,-9999,-9999,0.1141340360045433
"2025-06-18 16:58:00",1,1,1.9,1.8,16.6,15.7,4.8,6.1,4.4,3.4,4.1,-9999,-9999,-9999,-9999,-9999,-9999,-9999,-9999,-9999,0.11412765830755234
"2025-06-18 16:58:10",1,1.1,1.9,1.8,16.6,15.7,4.8,6.2,4.4,3.4,4.1,-9999,-9999,-9999,-9999,-9999,-9999,-9999,-9999,-9999,0.11410975456237793
"2025-06-18 16:58:20",1,1.1,1.9,1.8,16.6,15.7,4.8,6.2,4.4,3.4,4.2,-9999,-9999,-9999,-9999,-9999,-9999,-9999,-9999,-9999,0.11409810185432434
"2025-06-18 16:58:31",1,1.1,1.9,1.8,16.6,15.7,4.8,6.2,4.4,3.4,4.2,-9999,-9999,-9999,-9999,-9999,-9999,-9999,-9999,-9999,0.11408767849206924
"2025-06-18 16:58:41",1,1.1,1.9,1.8,16.6,15.7,4.8,6.2,4.4,3.4,4.2,-9999,-9999,-9999,-9999,-9999,-9999,-9999,-9999,-9999,0.11407145857810974
"2025-06-18 16:58:51",1,1,1.9,1.8,16.6,15.7,4.8,6.2,4.4,3.4,4.2,-9999,-9999,-9999,-9999,-9999,-9999,-9999,-9999,-9999,0.11405049264431
"2025-06-18 16:59:02",1,1.1,1.9,1.8,16.6,15.7,4.8,6.2,4.4,3.4,4.2,-9999,-9999,-9999,-9999,-9999,-9999,-9999,-9999,-9999,0.11403834819793701
"2025-06-18 16:59:12",1,1.1,1.9,1.8,16.6,15.7,4.8,6.2,4.4,3.4,4.2,-9999,-9999,-9999,-9999,-9999,-9999,-9999,-9999,-9999,0.1140301302075386
"2025-06-18 16:59:23",1,1.1,1.9,1.8,16.6,15.7,4.8,6.2,4.4,3.4,4.2,-9999,-9999,-9999,-9999,-9999,-9999,-9999,-9999,-9999,0.11401636898517609
"2025-06-18 16:59:33",1,1,1.9,1.8,16.6,15.7,4.8,6.2,4.4,3.5,4.2,-9999,-9999,-9999,-9999,-9999,-9999,-9999,-9999,-9999,0.11399803310632706
"2025-06-18 16:59:43",1,1,1.9,1.8,16.6,15.7,4.8,6.2,4.4,3.5,4.2,-9999,-9999,-9999,-9999,-9999,-9999,-9999,-9999,-9999,0.11398417502641678
"2025-06-18 16:59:54",1,1,1.9,1.8,16.6,15.7,4.8,6.2,4.4,3.5,4.2,-9999,-9999,-9999,-9999,-9999,-9999,-9999,-9999,-9999,0.11395783722400665
"2025-06-18 17:00:04",1,1,1.9,1.8,16.6,15.7,4.8,6.2,4.4,3.4,4.2,-9999,-9999,-9999,-9999,-9999,-9999,-9999,-9999,-9999,0.11394944041967392
"2025-06-18 17:00:15",1,1.1,1.9,1.8,16.6,15.7,4.8,6.2,4.4,3.4,4.2,-9999,-9999,-9999,-9999,-9999,-9999,-9999,-9999,-9999,0.11393392086029053
"2025-06-18 17:00:25",1,1.1,1.9,1.8,16.7,15.7,4.8,6.2,4.4,3.4,4.2,-9999,-9999,-9999,-9999,-9999,-9999,-9999,-9999,-9999,0.11393474787473679
"2025-06-18 17:00:35",1,1.1,1.9,1.8,16.6,15.7,4.9,6.2,4.4,3.5,4.2,-9999,-9999,-9999,-9999,-9999,-9999,-9999,-9999,-9999,0.11390243470668793
"2025-06-18 17:00:46",1,1,1.9,1.8,16.7,15.7,4.8,6.2,4.4,3.5,4.2,-9999,-9999,-9999,-9999,-9999,-9999,-9999,-9999,-9999,0.11389483511447906
"2025-06-18 17:00:56",1,1,1.9,1.8,16.6,15.7,4.9,6.2,4.4,3.4,4.2,-9999,-9999,-9999,-9999,-9999,-9999,-9999,-9999,-9999,0.11387297511100769
"2025-06-18 17:01:06",1,1,1.9,1.8,16.7,15.7,4.8,6.2,4.4,3.5,4.2,-9999,-9999,-9999,-9999,-9999,-9999,-9999,-9999,-9999,0.1138489693403244
"2025-06-18 17:01:17",1,1.1,1.9,1.8,16.7,15.8,4.9,6.2,4.4,3.5,4.2,-9999,-9999,-9999,-9999,-9999,-9999,-9999,-9999,-9999,0.11383529007434845
"2025-06-18 17:01:27",1,1,1.9,1.8,16.7,15.8,4.8,6.2,4.4,3.5,4.2,-9999,-9999,-9999,-9999,-9999,-9999,-9999,-9999,-9999,0.11381717026233673
"2025-06-18 17:01:38",0.9,1,1.9,1.8,16.7,15.8,4.8,6.2,4.4,3.4,4.2,-9999,-9999,-9999,-9999,-9999,-9999,-9999,-9999,-9999,0.11379510164260864
"2025-06-18 17:01:48",1,1.1,1.9,1.8,16.7,15.8,4.9,6.2,4.4,3.5,4.2,-9999,-9999,-9999,-9999,-9999,-9999,-9999,-9999,-9999,0.11378688365221024
"2025-06-18 17:01:58",1,1,1.9,1.8,16.7,15.8,4.9,6.2,4.4,3.5,4.2,-9999,-9999,-9999,-9999,-9999,-9999,-9999,-9999,-9999,0.11377158015966415
"2025-06-18 17:02:09",1,1,1.9,1.8,16.7,15.8,4.9,6.2,4.4,3.5,4.2,-9999,-9999,-9999,-9999,-9999,-9999,-9999,-9999,-9999,0.11375134438276291
"2025-06-18 17:02:19",1,1,1.9,1.8,16.7,15.8,4.9,6.2,4.4,3.5,4.2,-9999,-9999,-9999,-9999,-9999,-9999,-9999,-9999,-9999,0.11372743546962738
"2025-06-18 17:02:30",1,1,1.9,1.8,16.7,15.8,4.9,6.2,4.4,3.5,4.2,-9999,-9999,-9999,-9999,-9999,-9999,-9999,-9999,-9999,0.113717220723629
"2025-06-18 17:02:40",1,1,1.9,1.8,16.7,15.8,4.9,6.2,4.4,3.5,4.2,-9999,-9999,-9999,-9999,-9999,-9999,-9999,-9999,-9999,0.11370940506458282
"2025-06-18 17:02:50",1,1,1.9,1.8,16.7,15.8,4.9,6.2,4.4,3.5,4.2,-9999,-9999,-9999,-9999,-9999,-9999,-9999,-9999,-9999,0.11367294937372208
"2025-06-18 17:03:01",1,1,1.9,1.8,16.7,15.8,4.9,6.2,4.4,3.5,4.2,-9999,-9999,-9999,-9999,-9999,-9999,-9999,-9999,-9999,0.11368055641651154
"2025-06-18 17:03:11",1,1,1.9,1.8,16.7,15.8,4.8,6.2,4.4,3.5,4.2,-9999,-9999,-9999,-9999,-9999,-9999,-9999,-9999,-9999,0.11363447457551956
"2025-06-18 17:03:21",1,1,1.9,1.8,16.7,15.8,4.9,6.2,4.4,3.5,4.2,-9999,-9999,-9999,-9999,-9999,-9999,-9999,-9999,-9999,0.11361957341432571
"2025-06-18 17:03:32",1,1,1.9,1.8,16.7,15.8,4.9,6.2,4.4,3.5,4.2,-9999,-9999,-9999,-9999,-9999,-9999,-9999,-9999,-9999,0.11361899226903915
"2025-06-18 17:03:42",0.9,1,1.9,1.8,16.7,15.8,4.9,6.2,4.4,3.4,4.2,-9999,-9999,-9999,-9999,-9999,-9999,-9999,-9999,-9999,0.11358799785375595
"2025-06-18 17:03:53",1,1,1.9,1.8,16.7,15.8,4.9,6.2,4.4,3.5,4.2,-9999,-9999,-9999,-9999,-9999,-9999,-9999,-9999,-9999,0.1135917380452156
"2025-06-18 17:04:03",0.9,1,1.9,1.8,16.7,15.8,4.9,6.2,4.4,3.5,4.2,-9999,-9999,-9999,-9999,-9999,-9999,-9999,-9999,-9999,0.1135532557964325
"2025-06-18 17:04:13",1,1,1.9,1.8,16.7,15.8,4.9,6.2,4.4,3.5,4.2,-9999,-9999,-9999,-9999,-9999,-9999,-9999,-9999,-9999,0.11355010420084
"2025-06-18 17:04:24",1,1,1.9,1.8,16.7,15.8,4.9,6.2,4.4,3.5,4.2,-9999,-9999,-9999,-9999,-9999,-9999,-9999,-9999,-9999,0.11352318525314331
"2025-06-18 17:04:34",1,1,1.9,1.8,16.7,15.8,4.9,6.2,4.4,3.5,4.2,-9999,-9999,-9999,-9999,-9999,-9999,-9999,-9999,-9999,0.11351214349269867
"2025-06-18 17:04:44",0.9,1,1.9,1.8,16.7,15.8,4.9,6.2,4.5,3.5,4.2,-9999,-9999,-9999,-9999,-9999,-9999,-9999,-9999,-9999,0.1135019063949585
"2025-06-18 17:04:55",1,1,1.8,1.8,16.7,15.8,4.9,6.2,4.4,3.5,4.3,-9999,-9999,-9999,-9999,-9999,-9999,-9999,-9999,-9999,0.11347952485084534
"2025-06-18 17:05:05",1,1,1.9,1.8,16.7,15.8,4.9,6.2,4.4,3.5,4.2,-9999,-9999,-9999,-9999,-9999,-9999,-9999,-9999,-9999,0.11347020417451859
"2025-06-18 17:05:16",0.9,1,1.9,1.8,16.7,15.8,4.9,6.2,4.4,3.5,4.2,-9999,-9999,-9999,-9999,-9999,-9999,-9999,-9999,-9999,0.11345978081226349
"2025-06-18 17:05:26",1,1,1.9,1.8,16.7,15.8,4.9,6.2,4.4,3.5,4.2,-9999,-9999,-9999,-9999,-9999,-9999,-9999,-9999,-9999,0.11343203485012054
"2025-06-18 17:05:36",0.9,1,1.9,1.8,16.7,15.8,4.9,6.2,4.4,3.5,4.2,-9999,-9999,-9999,-9999,-9999,-9999,-9999,-9999,-9999,0.11342139542102814
"2025-06-18 17:05:47",0.9,1,1.9,1.8,16.7,15.8,4.9,6.2,4.4,3.5,4.2,-9999,-9999,-9999,-9999,-9999,-9999,-9999,-9999,-9999,0.11340498924255371
"2025-06-18 17:05:57",0.9,1,1.9,1.8,16.7,15.8,4.9,6.2,4.4,3.5,4.3,-9999,-9999,-9999,-9999,-9999,-9999,-9999,-9999,-9999,0.11338282376527786
"2025-06-18 17:06:08",1,1,1.9,1.8,16.7,15.8,4.9,6.2,4.4,3.5,4.2,-9999,-9999,-9999,-9999,-9999,-9999,-9999,-9999,-9999,0.11337016522884369
"2025-06-18 17:06:18",0.9,1,1.9,1.8,16.7,15.8,4.9,6.2,4.4,3.5,4.2,-9999,-9999,-9999,-9999,-9999,-9999,-9999,-9999,-9999,0.11336348205804825
"2025-06-18 17:06:28",0.9,1,1.9,1.8,16.7,15.8,4.9,6.2,4.4,3.5,4.3,-9999,-9999,-9999,-9999,-9999,-9999,-9999,-9999,-9999,0.11334008723497391
"2025-06-18 17:06:39",0.9,1,1.9,1.8,16.7,15.8,4.9,6.2,4.4,3.5,4.2,-9999,-9999,-9999,-9999,-9999,-9999,-9999,-9999,-9999,0.11331243067979813
"2025-06-18 17:06:49",0.9,1,1.9,1.8,16.7,15.8,4.9,6.2,4.4,3.4,4.3,-9999,-9999,-9999,-9999,-9999,-9999,-9999,-9999,-9999,0.1133052259683609
"2025-06-18 17:06:59",1,1,1.9,1.8,16.7,15.8,4.9,6.2,4.4,3.5,4.2,-9999,-9999,-9999,-9999,-9999,-9999,-9999,-9999,-9999,0.11330676078796387
"2025-06-18 17:07:10",1,1,1.9,1.8,16.7,15.8,4.9,6.2,4.4,3.5,4.2,-9999,-9999,-9999,-9999,-9999,-9999,-9999,-9999,-9999,0.11327070742845535
"2025-06-18 17:07:20",1,1,1.9,1.8,16.7,15.8,4.9,6.2,4.4,3.5,4.3,-9999,-9999,-9999,-9999,-9999,-9999,-9999,-9999,-9999,0.11326604336500168
"2025-06-18 17:07:31",0.9,1,1.9,1.8,16.7,15.8,4.9,6.2,4.4,3.5,4.2,-9999,-9999,-9999,-9999,-9999,-9999,-9999,-9999,-9999,0.1132483258843422
"2025-06-18 17:07:41",1,1,1.9,1.8,16.8,15.8,4.9,6.2,4.4,3.5,4.3,-9999,-9999,-9999,-9999,-9999,-9999,-9999,-9999,-9999,0.11323658376932144
"2025-06-18 17:07:51",0.9,1,1.9,1.8,16.7,15.8,4.9,6.2,4.4,3.5,4.2,-9999,-9999,-9999,-9999,-9999,-9999,-9999,-9999,-9999,0.11321116238832474
"2025-06-18 17:08:02",1,1,1.9,1.8,16.8,15.8,4.9,6.2,4.4,3.5,4.3,-9999,-9999,-9999,-9999,-9999,-9999,-9999,-9999,-9999,0.11319669336080551
"2025-06-18 17:08:12",0.9,1,1.9,1.8,16.8,15.8,4.9,6.2,4.4,3.5,4.2,-9999,-9999,-9999,-9999,-9999,-9999,-9999,-9999,-9999,0.11319344490766525
"2025-06-18 17:08:23",0.9,1,1.9,1.8,16.7,15.8,4.8,6.2,4.4,3.5,4.2,-9999,-9999,-9999,-9999,-9999,-9999,-9999,-9999,-9999,0.11318209767341614
"2025-06-18 17:08:33",0.9,1,1.9,1.8,16.7,15.8,4.9,6.2,4.4,3.5,4.2,-9999,-9999,-9999,-9999,-9999,-9999,-9999,-9999,-9999,0.11316851526498795
"2025-06-18 17:08:43",0.9,1,1.9,1.8,16.8,15.8,4.9,6.2,4.4,3.5,4.3,-9999,-9999,-9999,-9999,-9999,-9999,-9999,-9999,-9999,0.11315395683050156
"2025-06-18 17:08:54",1,1,1.9,1.8,16.7,15.8,4.9,6.2,4.4,3.5,4.3,-9999,-9999,-9999,-9999,-9999,-9999,-9999,-9999,-9999,0.11312761902809143
"2025-06-18 17:09:04",1,1,1.9,1.8,16.8,15.9,4.9,6.2,4.4,3.5,4.3,-9999,-9999,-9999,-9999,-9999,-9999,-9999,-9999,-9999,0.11311667412519455
"2025-06-18 17:09:14",1,1,1.9,1.8,16.8,15.9,4.9,6.2,4.4,3.5,4.3,-9999,-9999,-9999,-9999,-9999,-9999,-9999,-9999,-9999,0.11310704797506332
"2025-06-18 17:09:25",1,1,1.9,1.8,16.8,15.9,4.9,6.2,4.4,3.5,4.3,-9999,-9999,-9999,-9999,-9999,-9999,-9999,-9999,-9999,0.11309204995632172
"2025-06-18 17:09:35",1,1,1.9,1.8,16.8,15.9,4.9,6.2,4.4,3.5,4.3,-9999,-9999,-9999,-9999,-9999,-9999,-9999,-9999,-9999,0.11308377236127853
"2025-06-18 17:09:46",1,1,1.9,1.8,16.8,15.9,4.8,6.2,4.4,3.5,4.3,-9999,-9999,-9999,-9999,-9999,-9999,-9999,-9999,-9999,0.11305449903011322
"2025-06-18 17:09:56",1,1,1.9,1.8,16.8,15.8,4.8,6.2,4.4,3.5,4.3,-9999,-9999,-9999,-9999,-9999,-9999,-9999,-9999,-9999,0.1130487322807312
"2025-06-18 17:10:06",0.9,1,1.9,1.8,16.8,15.9,4.9,6.2,4.4,3.5,4.3,-9999,-9999,-9999,-9999,-9999,-9999,-9999,-9999,-9999,0.11304161697626114
"2025-06-18 17:10:17",1,1,1.9,1.8,16.8,15.9,4.9,6.2,4.4,3.5,4.3,-9999,-9999,-9999,-9999,-9999,-9999,-9999,-9999,-9999,0.1130262240767479
"2025-06-18 17:10:27",0.9,1,1.9,1.8,16.8,15.9,4.9,6.2,4.4,3.5,4.3,-9999,-9999,-9999,-9999,-9999,-9999,-9999,-9999,-9999,0.11301255226135254
"2025-06-18 17:10:37",1,1,1.9,1.8,16.8,15.9,4.9,6.2,4.4,3.5,4.3,-9999,-9999,-9999,-9999,-9999,-9999,-9999,-9999,-9999,0.11298888176679611
"2025-06-18 17:10:48",1,1,1.9,1.8,16.8,15.9,4.9,6.2,4.4,3.5,4.3,-9999,-9999,-9999,-9999,-9999,-9999,-9999,-9999,-9999,0.11298005282878876
"2025-06-18 17:10:58",0.9,1,1.9,1.8,16.8,15.9,4.9,6.2,4.4,3.5,4.3,-9999,-9999,-9999,-9999,-9999,-9999,-9999,-9999,-9999,0.1129743829369545
"2025-06-18 17:11:09",1,1,1.9,1.8,16.8,15.9,4.9,6.2,4.5,3.5,4.3,-9999,-9999,-9999,-9999,-9999,-9999,-9999,-9999,-9999,0.11295706033706665
"2025-06-18 17:11:19",1,1,1.9,1.8,16.8,15.9,4.9,6.2,4.4,3.5,4.3,-9999,-9999,-9999,-9999,-9999,-9999,-9999,-9999,-9999,0.11294734477996826
"2025-06-18 17:11:29",1,1,1.9,1.8,16.8,15.9,4.9,6.2,4.4,3.5,4.3,-9999,-9999,-9999,-9999,-9999,-9999,-9999,-9999,-9999,0.1129317656159401
"2025-06-18 17:11:40",1,1,1.9,1.8,16.8,15.9,4.9,6.3,4.4,3.5,4.3,-9999,-9999,-9999,-9999,-9999,-9999,-9999,-9999,-9999,0.11291889101266861
"2025-06-18 17:11:50",1,1,1.9,1.8,17,16.2,4.9,6.3,4.5,3.5,4.3,-9999,-9999,-9999,-9999,-9999,-9999,-9999,-9999,-9999,0.11290978640317917
"2025-06-18 17:12:00",1,1,1.9,1.8,17.8,17.3,4.9,6.2,4.5,3.5,4.3,-9999,-9999,-9999,-9999,-9999,-9999,-9999,-9999,-9999,0.11290349811315536
"2025-06-18 17:12:11",1,1,1.9,1.8,18.7,18.4,4.9,6.3,4.5,3.5,4.3,-9999,-9999,-9999,-9999,-9999,-9999,-9999,-9999,-9999,0.11290907859802246
"2025-06-18 17:12:21",1,1,1.9,1.8,19.6,19.3,4.9,6.3,4.5,3.5,4.3,-9999,-9999,-9999,-9999,-9999,-9999,-9999,-9999,-9999,0.11292213946580887
"2025-06-18 17:12:32",1,1,1.9,1.8,20.4,20.2,4.9,6.3,4.5,3.5,4.3,-9999,-9999,-9999,-9999,-9999,-9999,-9999,-9999,-9999,0.11294654756784439
"2025-06-18 17:12:42",1,1,1.9,1.8,21.3,21.1,4.9,6.4,4.5,3.5,4.4,-9999,-9999,-9999,-9999,-9999,-9999,-9999,-9999,-9999,0.11295240372419357
"2025-06-18 17:12:52",1,1,1.9,1.8,22,21.9,4.9,6.5,4.5,3.5,4.4,-9999,-9999,-9999,-9999,-9999,-9999,-9999,-9999,-9999,0.112968310713768
"2025-06-18 17:13:03",1,1,1.9,1.8,22.8,22.7,5,6.6,4.6,3.5,4.4,-9999,-9999,-9999,-9999,-9999,-9999,-9999,-9999,-9999,0.11299038678407669
"2025-06-18 17:13:13",1,1,1.9,1.8,23.5,23.3,5,6.7,4.6,3.5,4.4,-9999,-9999,-9999,-9999,-9999,-9999,-9999,-9999,-9999,0.11301905661821365
"2025-06-18 17:13:23",1,1,1.9,1.8,24.2,24,5,6.9,4.6,3.5,4.4,-9999,-9999,-9999,-9999,-9999,-9999,-9999,-9999,-9999,0.11305106431245804
"2025-06-18 17:13:34",1,1,1.9,1.8,24.9,24.7,5,7,4.7,3.5,4.5,-9999,-9999,-9999,-9999,-9999,-9999,-9999,-9999,-9999,0.11308316141366959
"2025-06-18 17:13:44",1,1,1.9,1.8,25.4,25.2,5,7.1,4.7,3.5,4.5,-9999,-9999,-9999,-9999,-9999,-9999,-9999,-9999,-9999,0.11311737447977066
"2025-06-18 17:13:55",1,1,1.9,1.8,26,25.8,5.1,7.3,4.8,3.6,4.5,-9999,-9999,-9999,-9999,-9999,-9999,-9999,-9999,-9999,0.11314331740140915
"2025-06-18 17:14:05",1,1,1.9,1.8,26.5,26.3,5.1,7.4,4.8,3.6,4.6,-9999,-9999,-9999,-9999,-9999,-9999,-9999,-9999,-9999,0.11317013949155807
"2025-06-18 17:14:15",1,1.1,1.9,1.8,27.1,26.8,5.2,7.6,4.9,3.6,4.6,-9999,-9999,-9999,-9999,-9999,-9999,-9999,-9999,-9999,0.1131988987326622
"2025-06-18 17:14:26",1,1,1.9,1.8,27.5,27.2,5.2,7.7,4.9,3.7,4.7,-9999,-9999,-9999,-9999,-9999,-9999,-9999,-9999,-9999,0.11322575807571411
"2025-06-18 17:14:36",1,1,1.9,1.8,28,27.7,5.3,7.8,5,3.7,4.7,-9999,-9999,-9999,-9999,-9999,-9999,-9999,-9999,-9999,0.11326362192630768
"2025-06-18 17:14:47",1,1,1.9,1.8,28.4,28,5.3,8,5,3.7,4.8,-9999,-9999,-9999,-9999,-9999,-9999,-9999,-9999,-9999,0.11330249905586243
"2025-06-18 17:14:57",1,1.1,1.9,1.8,28.8,28.5,5.4,8.1,5.1,3.8,4.9,-9999,-9999,-9999,-9999,-9999,-9999,-9999,-9999,-9999,0.11332782357931137
"2025-06-18 17:15:07",1,1.1,1.9,1.8,29.2,28.8,5.5,8.3,5.2,3.8,4.9,-9999,-9999,-9999,-9999,-9999,-9999,-9999,-9999,-9999,0.11337865144014359
"2025-06-18 17:15:18",1,1,1.9,1.8,29.5,29.1,5.5,8.4,5.2,3.8,4.9,-9999,-9999,-9999,-9999,-9999,-9999,-9999,-9999,-9999,0.11340468376874924
"2025-06-18 17:15:28",1,1.1,1.9,1.8,29.8,29.4,5.6,8.5,5.3,3.9,5,-9999,-9999,-9999,-9999,-9999,-9999,-9999,-9999,-9999,0.11342939734458923
"2025-06-18 17:15:38",1,1,1.9,1.8,30.1,29.7,5.6,8.6,5.4,3.9,5.1,-9999,-9999,-9999,-9999,-9999,-9999,-9999,-9999,-9999,0.11346646398305893
"2025-06-18 17:15:49",1,1.1,1.9,1.8,30.4,30,5.7,8.7,5.4,3.9,5.1,-9999,-9999,-9999,-9999,-9999,-9999,-9999,-9999,-9999,0.1135043278336525
"2025-06-18 17:15:59",1,1,1.9,1.8,30.7,30.3,5.8,8.9,5.5,4,5.2,-9999,-9999,-9999,-9999,-9999,-9999,-9999,-9999,-9999,0.11354939639568329
"2025-06-18 17:16:10",1,1.1,1.9,1.8,31,30.5,5.8,9,5.6,4,5.2,-9999,-9999,-9999,-9999,-9999,-9999,-9999,-9999,-9999,0.11357969045639038
"2025-06-18 17:16:20",1,1.1,1.9,1.8,31.2,30.7,5.9,9.1,5.6,4.1,5.3,-9999,-9999,-9999,-9999,-9999,-9999,-9999,-9999,-9999,0.11361249536275864
"2025-06-18 17:16:30",1,1.1,1.9,1.8,31.5,31,6,9.1,5.7,4.1,5.3,-9999,-9999,-9999,-9999,-9999,-9999,-9999,-9999,-9999,0.11364195495843887
"2025-06-18 17:16:41",1,1.1,1.9,1.8,31.6,31.1,6,9.2,5.7,4.2,5.4,-9999,-9999,-9999,-9999,-9999,-9999,-9999,-9999,-9999,0.11367972940206528
"2025-06-18 17:16:51",1,1.1,1.9,1.8,31.9,31.4,6.1,9.3,5.8,4.2,5.5,-9999,-9999,-9999,-9999,-9999,-9999,-9999,-9999,-9999,0.11370637267827988
"2025-06-18 17:17:01",1,1.1,1.9,1.8,32,31.6,6.2,9.4,5.9,4.2,5.6,-9999,-9999,-9999,-9999,-9999,-9999,-9999,-9999,-9999,0.1137382835149765
"2025-06-18 17:17:12",1,1.1,1.9,1.8,32.2,31.7,6.3,9.5,5.9,4.3,5.6,-9999,-9999,-9999,-9999,-9999,-9999,-9999,-9999,-9999,0.11377333104610443
"2025-06-18 17:17:22",1,1.1,1.9,1.9,32.4,31.9,6.3,9.5,6,4.3,5.6,-9999,-9999,-9999,-9999,-9999,-9999,-9999,-9999,-9999,0.11379893124103546
"2025-06-18 17:17:33",1,1.1,1.9,1.9,32.6,32,6.4,9.6,6,4.3,5.7,-9999,-9999,-9999,-9999,-9999,-9999,-9999,-9999,-9999,0.11382416635751724
"2025-06-18 17:17:43",1,1.1,1.9,1.9,32.7,32.2,6.4,9.7,6.1,4.4,5.7,-9999,-9999,-9999,-9999,-9999,-9999,-9999,-9999,-9999,0.11385150998830795
"2025-06-18 17:17:53",1,1.1,1.9,1.9,32.9,32.4,6.5,9.8,6.1,4.5,5.8,-9999,-9999,-9999,-9999,-9999,-9999,-9999,-9999,-9999,0.11388756334781647
"2025-06-18 17:18:04",1,1.1,1.9,1.9,33,32.5,6.6,9.9,6.2,4.5,5.9,-9999,-9999,-9999,-9999,-9999,-9999,-9999,-9999,-9999,0.1139112338423729
"2025-06-18 17:18:14",1,1.1,1.9,1.9,33.2,32.6,6.6,9.9,6.3,4.5,5.9,-9999,-9999,-9999,-9999,-9999,-9999,-9999,-9999,-9999,0.11394336819648743
"2025-06-18 17:18:25",1,1.1,1.9,1.9,33.3,32.8,6.7,10,6.3,4.6,6,-9999,-9999,-9999,-9999,-9999,-9999,-9999,-9999,-9999,0.11396421492099762
"2025-06-18 17:18:35",1.1,1.1,1.9,1.9,33.4,32.9,6.7,10,6.3,4.6,6,-9999,-9999,-9999,-9999,-9999,-9999,-9999,-9999,-9999,0.11399662494659424
"2025-06-18 17:18:45",1,1.1,1.9,1.9,33.5,33,6.8,10.1,6.4,4.6,6,-9999,-9999,-9999,-9999,-9999,-9999,-9999,-9999,-9999,0.11400502175092697
"2025-06-18 17:18:56",1,1.1,1.9,1.9,33.6,33.1,6.8,10.1,6.4,4.7,6.1,-9999,-9999,-9999,-9999,-9999,-9999,-9999,-9999,-9999,0.11403347551822662
"2025-06-18 17:19:06",1,1.1,1.9,1.9,33.7,33.2,6.9,10.2,6.5,4.7,6.1,-9999,-9999,-9999,-9999,-9999,-9999,-9999,-9999,-9999,0.11405545473098755
"2025-06-18 17:19:16",1,1.1,1.9,1.9,33.8,33.3,6.9,10.2,6.5,4.7,6.2,-9999,-9999,-9999,-9999,-9999,-9999,-9999,-9999,-9999,0.11408939957618713
"2025-06-18 17:19:27",1,1.1,2,1.9,33.9,33.4,7,10.3,6.5,4.8,6.2,-9999,-9999,-9999,-9999,-9999,-9999,-9999,-9999,-9999,0.11411094665527344
"2025-06-18 17:19:37",1,1.1,1.9,1.9,34,33.5,7,10.3,6.6,4.8,6.2,-9999,-9999,-9999,-9999,-9999,-9999,-9999,-9999,-9999,0.11413808166980743
"2025-06-18 17:19:48",1,1.1,1.9,1.9,34.1,33.6,7.1,10.4,6.6,4.8,6.2,-9999,-9999,-9999,-9999,-9999,-9999,-9999,-9999,-9999,0.11415408551692963
"2025-06-18 17:19:58",1,1.1,1.9,1.9,34.2,33.7,7.1,10.4,6.6,4.8,6.3,-9999,-9999,-9999,-9999,-9999,-9999,-9999,-9999,-9999,0.11417039483785629
"2025-06-18 17:20:08",1.1,1.1,1.9,1.9,34.3,33.8,7.1,10.5,6.7,4.9,6.3,-9999,-9999,-9999,-9999,-9999,-9999,-9999,-9999,-9999,0.1141895279288292
"2025-06-18 17:20:19",1,1.1,1.9,1.9,34.3,33.8,7.2,10.5,6.7,4.9,6.4,-9999,-9999,-9999,-9999,-9999,-9999,-9999,-9999,-9999,0.11420908570289612
"2025-06-18 17:20:29",1,1.1,2,1.9,34.4,33.9,7.2,10.5,6.8,4.9,6.4,-9999,-9999,-9999,-9999,-9999,-9999,-9999,-9999,-9999,0.11422224342823029
"2025-06-18 17:20:39",1.1,1.1,2,1.9,34.5,34,7.2,10.6,6.8,5,6.4,-9999,-9999,-9999,-9999,-9999,-9999,-9999,-9999,-9999,0.11423613131046295
"2025-06-18 17:20:50",1.1,1.1,2,1.9,34.5,34.1,7.3,10.6,6.8,5,6.4,-9999,-9999,-9999,-9999,-9999,-9999,-9999,-9999,-9999,0.11425042152404785
"2025-06-18 17:21:00",1,1.1,2,1.9,34.6,34.1,7.3,10.6,6.9,5,6.5,-9999,-9999,-9999,-9999,-9999,-9999,-9999,-9999,-9999,0.1142706498503685
"2025-06-18 17:21:11",1,1.1,2,1.9,34.6,34.2,7.4,10.7,6.9,5,6.5,-9999,-9999,-9999,-9999,-9999,-9999,-9999,-9999,-9999,0.11428260803222656
"2025-06-18 17:21:21",1.1,1.1,1.9,1.9,34.7,34.3,7.4,10.7,6.9,5,6.5,-9999,-9999,-9999,-9999,-9999,-9999,-9999,-9999,-9999,0.11429931968450546
"2025-06-18 17:21:31",1.1,1.1,2,1.9,34.8,34.3,7.4,10.7,6.9,5,6.6,-9999,-9999,-9999,-9999,-9999,-9999,-9999,-9999,-9999,0.11431826651096344
"2025-06-18 17:21:42",1,1.1,1.9,1.9,34.8,34.4,7.4,10.7,6.9,5.1,6.6,-9999,-9999,-9999,-9999,-9999,-9999,-9999,-9999,-9999,0.11432494968175888
"2025-06-18 17:21:52",1,1.1,2,1.9,34.8,34.4,7.4,10.8,7,5.1,6.6,-9999,-9999,-9999,-9999,-9999,-9999,-9999,-9999,-9999,0.11434672027826309
"2025-06-18 17:22:03",1,1.1,2,1.9,34.9,34.5,7.5,10.8,7,5.1,6.6,-9999,-9999,-9999,-9999,-9999,-9999,-9999,-9999,-9999,0.11435653269290924
"2025-06-18 17:22:13",1.1,1.1,2,1.9,34.9,34.5,7.5,10.8,7,5.1,6.7,-9999,-9999,-9999,-9999,-9999,-9999,-9999,-9999,-9999,0.11435744911432266
"2025-06-18 17:22:23",1,1.1,2,1.9,34.9,34.6,7.5,10.8,7,5.1,6.7,-9999,-9999,-9999,-9999,-9999,-9999,-9999,-9999,-9999,0.1143641322851181
"2025-06-18 17:22:34",1.1,1.1,2,1.9,35,34.6,7.6,10.9,7.1,5.2,6.7,-9999,-9999,-9999,-9999,-9999,-9999,-9999,-9999,-9999,0.1143803521990776
"2025-06-18 17:22:44",1,1.1,2,1.9,35,34.7,7.6,10.9,7.1,5.2,6.7,-9999,-9999,-9999,-9999,-9999,-9999,-9999,-9999,-9999,0.1143876165151596
"2025-06-18 17:22:54",1.1,1.1,2,1.9,35.1,34.8,7.6,10.9,7.1,5.2,6.7,-9999,-9999,-9999,-9999,-9999,-9999,-9999,-9999,-9999,0.11439675092697144
"2025-06-18 17:23:05",1.1,1.1,2,1.9,35.1,34.8,7.6,10.9,7.1,5.2,6.8,-9999,-9999,-9999,-9999,-9999,-9999,-9999,-9999,-9999,0.11440950632095337
"2025-06-18 17:23:15",1.1,1.1,2,1.9,35.1,34.8,7.6,10.9,7.1,5.2,6.8,-9999,-9999,-9999,-9999,-9999,-9999,-9999,-9999,-9999,0.11440414190292358
"2025-06-18 17:23:26",1,1.1,2,1.9,35.2,34.9,7.7,10.9,7.2,5.2,6.8,-9999,-9999,-9999,-9999,-9999,-9999,-9999,-9999,-9999,0.11441892385482788
"2025-06-18 17:23:36",1,1.1,1.9,1.9,35.2,34.9,7.7,11,7.2,5.3,6.8,-9999,-9999,-9999,-9999,-9999,-9999,-9999,-9999,-9999,0.11441821604967117
"2025-06-18 17:23:46",1.1,1.1,2,1.9,35.3,35,7.7,11,7.2,5.3,6.8,-9999,-9999,-9999,-9999,-9999,-9999,-9999,-9999,-9999,0.11442600190639496
"2025-06-18 17:23:57",1.1,1.2,2,1.9,35.3,35,7.7,11,7.2,5.3,6.9,-9999,-9999,-9999,-9999,-9999,-9999,-9999,-9999,-9999,0.11443360894918442
"2025-06-18 17:24:07",1.1,1.1,2,1.9,35.3,35,7.7,11,7.2,5.3,6.9,-9999,-9999,-9999,-9999,-9999,-9999,-9999,-9999,-9999,0.11443421989679337
"2025-06-18 17:24:17",1.1,1.1,2,1.9,35.4,35.1,7.7,11,7.2,5.3,6.9,-9999,-9999,-9999,-9999,-9999,-9999,-9999,-9999,-9999,0.11443988978862762
"2025-06-18 17:24:28",1.1,1.1,2,1.9,35.4,35.1,7.7,11,7.2,5.3,6.9,-9999,-9999,-9999,-9999,-9999,-9999,-9999,-9999,-9999,0.11444050818681717
"2025-06-18 17:24:38",1,1.1,2,1.9,35.5,35.1,7.7,11,7.2,5.3,6.9,-9999,-9999,-9999,-9999,-9999,-9999,-9999,-9999,-9999,0.11444191634654999
"2025-06-18 17:24:49",1,1.1,2,1.9,35.5,35.2,7.8,11,7.2,5.3,6.9,-9999,-9999,-9999,-9999,-9999,-9999,-9999,-9999,-9999,0.11444151401519775
"2025-06-18 17:24:59",1.1,1.2,1.9,1.9,35.6,35.2,7.8,11,7.3,5.3,6.9,-9999,-9999,-9999,-9999,-9999,-9999,-9999,-9999,-9999,0.11443967372179031
"2025-06-18 17:25:09",1,1.1,2,1.9,35.6,35.2,7.8,11,7.3,5.3,6.9,-9999,-9999,-9999,-9999,-9999,-9999,-9999,-9999,-9999,0.11444719135761261
"2025-06-18 17:25:20",1.1,1.1,2,1.9,35.7,35.3,7.8,11.1,7.3,5.3,6.9,-9999,-9999,-9999,-9999,-9999,-9999,-9999,-9999,-9999,0.11445418000221252
"2025-06-18 17:25:30",1.1,1.2,2,1.9,35.7,35.3,7.8,11.1,7.3,5.4,7,-9999,-9999,-9999,-9999,-9999,-9999,-9999,-9999,-9999,0.11444961279630661
"2025-06-18 17:25:40",1.1,1.1,2,1.9,35.8,35.3,7.8,11.1,7.3,5.4,7,-9999,-9999,-9999,-9999,-9999,-9999,-9999,-9999,-9999,0.11444982886314392
"2025-06-18 17:25:51",1.1,1.1,2,1.9,35.8,35.3,7.8,11.1,7.3,5.3,7,-9999,-9999,-9999,-9999,-9999,-9999,-9999,-9999,-9999,0.11445709317922592
"2025-06-18 17:26:01",1.1,1.1,2,1.9,35.9,35.4,7.8,11.1,7.3,5.4,7,-9999,-9999,-9999,-9999,-9999,-9999,-9999,-9999,-9999,0.11445041000843048
"2025-06-18 17:26:12",1,1.1,2,1.9,35.9,35.4,7.8,11.1,7.3,5.4,7,-9999,-9999,-9999,-9999,-9999,-9999,-9999,-9999,-9999,0.11445476114749908
"2025-06-18 17:26:22",1.1,1.1,2,1.9,35.9,35.4,7.8,11.1,7.3,5.4,7,-9999,-9999,-9999,-9999,-9999,-9999,-9999,-9999,-9999,0.11444798856973648
"2025-06-18 17:26:32",1,1.1,1.9,1.9,36,35.4,7.8,11.1,7.3,5.4,7,-9999,-9999,-9999,-9999,-9999,-9999,-9999,-9999,-9999,0.11444464325904846
"2025-06-18 17:26:43",1.1,1.1,2,1.9,36,35.5,7.9,11.1,7.3,5.4,7,-9999,-9999,-9999,-9999,-9999,-9999,-9999,-9999,-9999,0.11444108933210373
"2025-06-18 17:26:53",1.1,1.1,2,1.9,36.1,35.5,7.9,11.1,7.3,5.4,7,-9999,-9999,-9999,-9999,-9999,-9999,-9999,-9999,-9999,0.11443927884101868
"2025-06-18 17:27:04",1.1,1.1,2,1.9,36.1,35.5,7.9,11.1,7.3,5.4,7,-9999,-9999,-9999,-9999,-9999,-9999,-9999,-9999,-9999,0.11443430930376053
"2025-06-18 17:27:14",1.1,1.1,2,1.9,36.1,35.6,7.9,11.1,7.4,5.4,7,-9999,-9999,-9999,-9999,-9999,-9999,-9999,-9999,-9999,0.1144341304898262
"2025-06-18 17:27:24",1.1,1.1,2,1.9,36.2,35.6,7.9,11.1,7.4,5.4,7,-9999,-9999,-9999,-9999,-9999,-9999,-9999,-9999,-9999,0.11443047970533371
"2025-06-18 17:27:35",1.1,1.1,2,1.9,36.2,35.6,7.9,11.1,7.4,5.4,7,-9999,-9999,-9999,-9999,-9999,-9999,-9999,-9999,-9999,0.11442732065916061
"2025-06-18 17:27:45",1.1,1.1,2,1.9,36.2,35.6,7.9,11.2,7.4,5.4,7,-9999,-9999,-9999,-9999,-9999,-9999,-9999,-9999,-9999,0.11442247778177261
"2025-06-18 17:27:55",1,1.1,2,1.9,36.2,35.6,7.9,11.2,7.4,5.4,7,-9999,-9999,-9999,-9999,-9999,-9999,-9999,-9999,-9999,0.11440999805927277
"2025-06-18 17:28:06",1,1.1,2,1.9,36.2,35.7,7.9,11.2,7.4,5.4,7.1,-9999,-9999,-9999,-9999,-9999,-9999,-9999,-9999,-9999,0.1144174188375473
"2025-06-18 17:28:16",1.1,1.1,2,1.9,36.2,35.7,7.9,11.2,7.4,5.5,7.1,-9999,-9999,-9999,-9999,-9999,-9999,-9999,-9999,-9999,0.11440828442573547
"2025-06-18 17:28:27",1.1,1.1,2,1.9,36.3,35.7,7.9,11.2,7.4,5.4,7,-9999,-9999,-9999,-9999,-9999,-9999,-9999,-9999,-9999,0.11439847201108932
"2025-06-18 17:28:37",1.1,1.2,2,1.9,36.3,35.8,7.9,11.2,7.4,5.4,7.1,-9999,-9999,-9999,-9999,-9999,-9999,-9999,-9999,-9999,0.11438660323619843
"2025-06-18 17:28:47",1.1,1.2,2,1.9,36.3,35.8,7.9,11.2,7.4,5.4,7.1,-9999,-9999,-9999,-9999,-9999,-9999,-9999,-9999,-9999,0.11438660323619843
"2025-06-18 17:28:58",1.1,1.2,2,1.9,36.4,35.8,7.9,11.2,7.4,5.5,7.1,-9999,-9999,-9999,-9999,-9999,-9999,-9999,-9999,-9999,0.11437952518463135
"2025-06-18 17:29:08",1.1,1.1,2,1.9,36.4,35.8,7.9,11.2,7.4,5.5,7.1,-9999,-9999,-9999,-9999,-9999,-9999,-9999,-9999,-9999,0.1143622025847435
"2025-06-18 17:29:18",1.1,1.2,2,1.9,36.4,35.8,7.9,11.2,7.4,5.5,7.1,-9999,-9999,-9999,-9999,-9999,-9999,-9999,-9999,-9999,0.11435806006193161
"2025-06-18 17:29:29",1.1,1.2,2,1.9,36.4,35.8,7.9,11.2,7.4,5.5,7.1,-9999,-9999,-9999,-9999,-9999,-9999,-9999,-9999,-9999,0.1143534928560257
"2025-06-18 17:29:39",1,1.1,2,1.9,36.5,35.9,7.9,11.2,7.4,5.5,7.1,-9999,-9999,-9999,-9999,-9999,-9999,-9999,-9999,-9999,0.11434610188007355
"2025-06-18 17:29:50",1.1,1.1,2,1.9,36.5,35.9,7.9,11.2,7.4,5.5,7.1,-9999,-9999,-9999,-9999,-9999,-9999,-9999,-9999,-9999,0.11434073746204376
"2025-06-18 17:30:00",1.1,1.1,2,1.9,36.5,35.9,7.9,11.2,7.4,5.5,7.1,-9999,-9999,-9999,-9999,-9999,-9999,-9999,-9999,-9999,0.11432807892560959
"2025-06-18 17:30:10",1.1,1.1,2,1.9,36.5,35.9,7.9,11.2,7.4,5.5,7.1,-9999,-9999,-9999,-9999,-9999,-9999,-9999,-9999,-9999,0.11432068794965744
"2025-06-18 17:30:21",1.1,1.1,2,1.9,36.5,35.9,8,11.2,7.4,5.5,7.1,-9999,-9999,-9999,-9999,-9999,-9999,-9999,-9999,-9999,0.11430652439594269
"2025-06-18 17:30:31",1.1,1.2,2,1.9,36.5,36,8,11.2,7.4,5.5,7.1,-9999,-9999,-9999,-9999,-9999,-9999,-9999,-9999,-9999,0.11429821699857712
"2025-06-18 17:30:41",1.1,1.1,2,1.9,36.6,36,7.9,11.2,7.4,5.5,7.1,-9999,-9999,-9999,-9999,-9999,-9999,-9999,-9999,-9999,0.11429475247859955
"2025-06-18 17:30:52",1,1.1,2,1.9,36.6,36,7.9,11.2,7.4,5.5,7.1,-9999,-9999,-9999,-9999,-9999,-9999,-9999,-9999,-9999,0.11426994949579239
"2025-06-18 17:31:02",1.1,1.2,2,1.9,36.6,36,8,11.2,7.4,5.5,7.1,-9999,-9999,-9999,-9999,-9999,-9999,-9999,-9999,-9999,0.11427602171897888
"2025-06-18 17:31:13",1.1,1.1,2,1.9,36.6,36,8,11.2,7.4,5.5,7.1,-9999,-9999,-9999,-9999,-9999,-9999,-9999,-9999,-9999,0.11425112187862396
"2025-06-18 17:31:23",1.1,1.1,2,1.9,36.6,36,7.9,11.2,7.4,5.5,7.1,-9999,-9999,-9999,-9999,-9999,-9999,-9999,-9999,-9999,0.11424290388822556
"2025-06-18 17:31:33",1,1.1,2,1.9,36.6,36.1,8,11.2,7.4,5.5,7.1,-9999,-9999,-9999,-9999,-9999,-9999,-9999,-9999,-9999,0.11424078792333603
"2025-06-18 17:31:44",1.1,1.1,2,1.9,36.7,36.1,8,11.2,7.4,5.5,7.1,-9999,-9999,-9999,-9999,-9999,-9999,-9999,-9999,-9999,0.11422892659902573
"2025-06-18 17:31:54",1,1.1,2,1.9,36.7,36.1,8,11.2,7.4,5.5,7.1,-9999,-9999,-9999,-9999,-9999,-9999,-9999,-9999,-9999,0.11421626061201096
"2025-06-18 17:32:05",1.1,1.1,2,1.9,36.7,36.1,8,11.2,7.5,5.5,7.1,-9999,-9999,-9999,-9999,-9999,-9999,-9999,-9999,-9999,0.11420857161283493
"2025-06-18 17:32:15",1.1,1.1,2,1.9,36.7,36.1,8,11.2,7.4,5.5,7.1,-9999,-9999,-9999,-9999,-9999,-9999,-9999,-9999,-9999,0.1141977459192276
"2025-06-18 17:32:25",1,1.1,2,1.9,36.7,36.1,8,11.2,7.4,5.5,7.1,-9999,-9999,-9999,-9999,-9999,-9999,-9999,-9999,-9999,0.11419075727462769
"2025-06-18 17:32:36",1.1,1.1,2,1.9,36.7,36.1,8,11.2,7.4,5.5,7.1,-9999,-9999,-9999,-9999,-9999,-9999,-9999,-9999,-9999,0.11417456716299057
"2025-06-18 17:32:46",1,1.1,2,1.9,36.7,36.2,8,11.2,7.5,5.5,7.1,-9999,-9999,-9999,-9999,-9999,-9999,-9999,-9999,-9999,0.11416221410036087
"2025-06-18 17:32:56",1.1,1.1,2,1.9,36.8,36.2,8,11.2,7.5,5.5,7.1,-9999,-9999,-9999,-9999,-9999,-9999,-9999,-9999,-9999,0.11414792388677597
"2025-06-18 17:33:07",1.1,1.2,1.9,1.9,36.7,36.2,8,11.2,7.5,5.5,7.2,-9999,-9999,-9999,-9999,-9999,-9999,-9999,-9999,-9999,0.11413627117872238
"2025-06-18 17:33:17",1.1,1.1,2,1.9,36.8,36.2,8,11.3,7.5,5.5,7.2,-9999,-9999,-9999,-9999,-9999,-9999,-9999,-9999,-9999,0.11412321031093597
"2025-06-18 17:33:28",1.1,1.2,2,1.9,36.8,36.2,8,11.3,7.5,5.5,7.2,-9999,-9999,-9999,-9999,-9999,-9999,-9999,-9999,-9999,0.11411815136671066
"2025-06-18 17:33:38",1.1,1.1,2,1.9,36.8,36.2,8,11.3,7.5,5.5,7.2,-9999,-9999,-9999,-9999,-9999,-9999,-9999,-9999,-9999,0.11410681158304214
"2025-06-18 17:33:48",1.1,1.1,1.9,1.9,36.8,36.3,8,11.2,7.5,5.5,7.2,-9999,-9999,-9999,-9999,-9999,-9999,-9999,-9999,-9999,0.11409546434879303
"2025-06-18 17:33:59",1.1,1.1,1.9,1.9,36.8,36.3,8,11.2,7.5,5.5,7.2,-9999,-9999,-9999,-9999,-9999,-9999,-9999,-9999,-9999,0.11408715695142746
"2025-06-18 17:34:09",1.1,1.1,2,1.9,36.8,36.3,8,11.3,7.5,5.5,7.2,-9999,-9999,-9999,-9999,-9999,-9999,-9999,-9999,-9999,0.11407400667667389
"2025-06-18 17:34:20",1.1,1.2,2,1.9,36.9,36.3,8,11.3,7.5,5.5,7.2,-9999,-9999,-9999,-9999,-9999,-9999,-9999,-9999,-9999,0.11405738443136215
"2025-06-18 17:34:30",1.1,1.1,2,1.9,36.9,36.3,8,11.3,7.5,5.5,7.2,-9999,-9999,-9999,-9999,-9999,-9999,-9999,-9999,-9999,0.11403997242450714
"2025-06-18 17:34:40",1.1,1.1,2,1.9,36.9,36.3,8,11.3,7.5,5.5,7.2,-9999,-9999,-9999,-9999,-9999,-9999,-9999,-9999,-9999,0.11404138058423996
"2025-06-18 17:34:51",1.1,1.1,2,1.9,36.9,36.3,8,11.3,7.5,5.5,7.2,-9999,-9999,-9999,-9999,-9999,-9999,-9999,-9999,-9999,0.11402537673711777
"2025-06-18 17:35:01",1.1,1.1,2,1.9,36.9,36.4,8,11.3,7.5,5.5,7.2,-9999,-9999,-9999,-9999,-9999,-9999,-9999,-9999,-9999,0.11401719599962234
"2025-06-18 17:35:11",1,1.1,2,1.9,36.9,36.4,8,11.3,7.5,5.5,7.2,-9999,-9999,-9999,-9999,-9999,-9999,-9999,-9999,-9999,0.11400642991065979
"2025-06-18 17:35:22",1.1,1.1,2,1.9,36.9,36.4,8,11.3,7.5,5.5,7.2,-9999,-9999,-9999,-9999,-9999,-9999,-9999,-9999,-9999,0.11400119215250015
"2025-06-18 17:35:32",1.1,1.1,1.9,1.9,36.9,36.4,8,11.3,7.5,5.5,7.2,-9999,-9999,-9999,-9999,-9999,-9999,-9999,-9999,-9999,0.11399683356285095
"2025-06-18 17:35:43",1.1,1.1,2,1.9,36.9,36.4,8,11.3,7.5,5.5,7.2,-9999,-9999,-9999,-9999,-9999,-9999,-9999,-9999,-9999,0.11398549377918243
"2025-06-18 17:35:53",1,1.1,2,1.9,37,36.4,8,11.3,7.5,5.5,7.2,-9999,-9999,-9999,-9999,-9999,-9999,-9999,-9999,-9999,0.1139688715338707
"2025-06-18 17:36:03",1.1,1.1,2,1.9,37,36.4,8,11.3,7.5,5.5,7.2,-9999,-9999,-9999,-9999,-9999,-9999,-9999,-9999,-9999,0.11394122242927551
"2025-06-18 17:36:14",1.1,1.1,1.9,1.9,37,36.4,8,11.3,7.5,5.5,7.2,-9999,-9999,-9999,-9999,-9999,-9999,-9999,-9999,-9999,0.11392239481210709
"2025-06-18 17:36:24",1.1,1.1,2,1.9,37,36.5,8,11.3,7.5,5.5,7.2,-9999,-9999,-9999,-9999,-9999,-9999,-9999,-9999,-9999,0.11392227560281754
"2025-06-18 17:36:35",1.1,1.2,2,1.9,37,36.5,8,11.3,7.5,5.5,7.2,-9999,-9999,-9999,-9999,-9999,-9999,-9999,-9999,-9999,0.11390050500631332
"2025-06-18 17:36:45",1.1,1.1,1.9,1.9,37,36.5,8,11.3,7.5,5.5,7.2,-9999,-9999,-9999,-9999,-9999,-9999,-9999,-9999,-9999,0.11389786750078201
"2025-06-18 17:36:55",1.1,1.1,2,1.9,37,36.5,8,11.3,7.5,5.5,7.2,-9999,-9999,-9999,-9999,-9999,-9999,-9999,-9999,-9999,0.11388634145259857
"2025-06-18 17:37:06",1.1,1.2,2,1.9,37,36.5,8,11.2,7.5,5.5,7.2,-9999,-9999,-9999,-9999,-9999,-9999,-9999,-9999,-9999,0.11387144029140472
"2025-06-18 17:37:16",1.1,1.1,2,1.9,37.1,36.5,8,11.3,7.5,5.5,7.2,-9999,-9999,-9999,-9999,-9999,-9999,-9999,-9999,-9999,0.11386404931545258
"2025-06-18 17:37:26",1.1,1.2,2,1.9,37.1,36.5,8,11.3,7.5,5.5,7.2,-9999,-9999,-9999,-9999,-9999,-9999,-9999,-9999,-9999,0.11385230720043182
"2025-06-18 17:37:37",1.1,1.1,1.9,1.9,37.1,36.5,8,11.3,7.5,5.5,7.2,-9999,-9999,-9999,-9999,-9999,-9999,-9999,-9999,-9999,0.113840751349926
"2025-06-18 17:37:47",1,1.1,2,1.9,37.1,36.5,8,11.3,7.5,5.5,7.2,-9999,-9999,-9999,-9999,-9999,-9999,-9999,-9999,-9999,0.11382011324167252
"2025-06-18 17:37:58",1.1,1.1,2,1.9,37.1,36.6,8,11.2,7.5,5.5,7.2,-9999,-9999,-9999,-9999,-9999,-9999,-9999,-9999,-9999,0.11379994451999664
"2025-06-18 17:38:08",1.1,1.1,2,1.9,37.1,36.6,8,11.3,7.5,5.5,7.2,-9999,-9999,-9999,-9999,-9999,-9999,-9999,-9999,-9999,0.11378709971904755
"2025-06-18 17:38:18",1,1.1,2,1.9,37.1,36.6,8,11.3,7.5,5.6,7.2,-9999,-9999,-9999,-9999,-9999,-9999,-9999,-9999,-9999,0.11378028988838196
"2025-06-18 17:38:29",1.1,1.1,2,1.9,37.1,36.6,8,11.3,7.5,5.6,7.2,-9999,-9999,-9999,-9999,-9999,-9999,-9999,-9999,-9999,0.11376551538705826
"2025-06-18 17:38:39",1,1.1,2,1.9,37.1,36.6,8,11.3,7.5,5.6,7.2,-9999,-9999,-9999,-9999,-9999,-9999,-9999,-9999,-9999,0.11376076191663742
"2025-06-18 17:38:50",1.1,1.1,2,1.9,37.1,36.6,8.1,11.3,7.5,5.5,7.2,-9999,-9999,-9999,-9999,-9999,-9999,-9999,-9999,-9999,0.11374717950820923
"2025-06-18 17:39:00",1.1,1.1,2,1.9,37.1,36.6,8,11.3,7.5,5.5,7.2,-9999,-9999,-9999,-9999,-9999,-9999,-9999,-9999,-9999,0.11373472958803177
"2025-06-18 17:39:10",1.1,1.1,2,1.9,37.2,36.6,8,11.3,7.5,5.5,7.2,-9999,-9999,-9999,-9999,-9999,-9999,-9999,-9999,-9999,0.11372491717338562
"2025-06-18 17:39:21",1,1.1,2,1.9,37.2,36.7,8,11.3,7.5,5.5,7.2,-9999,-9999,-9999,-9999,-9999,-9999,-9999,-9999,-9999,0.11370131373405457
"2025-06-18 17:39:31",1.1,1.1,1.9,1.9,37.2,36.7,8,11.3,7.5,5.5,7.2,-9999,-9999,-9999,-9999,-9999,-9999,-9999,-9999,-9999,0.11369980871677399
"2025-06-18 17:39:41",1.1,1.1,2,1.9,37.2,36.7,8,11.3,7.5,5.5,7.2,-9999,-9999,-9999,-9999,-9999,-9999,-9999,-9999,-9999,0.11368683725595474
"2025-06-18 17:39:52",1,1.2,2,1.9,37.2,36.7,8.1,11.3,7.5,5.5,7.2,-9999,-9999,-9999,-9999,-9999,-9999,-9999,-9999,-9999,0.11367123574018478
"2025-06-18 17:40:02",1,1.1,1.9,1.9,37.2,36.7,8.1,11.3,7.6,5.5,7.2,-9999,-9999,-9999,-9999,-9999,-9999,-9999,-9999,-9999,0.11366332322359085
"2025-06-18 17:40:13",1,1.1,2,1.9,37.2,36.7,8.1,11.3,7.5,5.6,7.2,-9999,-9999,-9999,-9999,-9999,-9999,-9999,-9999,-9999,0.11364186555147171
"2025-06-18 17:40:23",1.1,1.1,2,1.9,37.2,36.7,8.1,11.3,7.5,5.6,7.2,-9999,-9999,-9999,-9999,-9999,-9999,-9999,-9999,-9999,0.11362616717815399
"2025-06-18 17:40:33",1.1,1.1,2,1.9,37.3,36.7,8,11.3,7.5,5.6,7.2,-9999,-9999,-9999,-9999,-9999,-9999,-9999,-9999,-9999,0.113616444170475
"2025-06-18 17:40:44",1,1.1,2,1.9,37.2,36.7,8.1,11.3,7.6,5.6,7.2,-9999,-9999,-9999,-9999,-9999,-9999,-9999,-9999,-9999,0.11360369622707367
"2025-06-18 17:40:54",1.1,1.1,1.9,1.9,37.2,36.7,8.1,11.3,7.6,5.6,7.2,-9999,-9999,-9999,-9999,-9999,-9999,-9999,-9999,-9999,0.11359872668981552
"2025-06-18 17:41:04",1,1.1,2,1.9,37.2,36.8,8.1,11.3,7.6,5.6,7.2,-9999,-9999,-9999,-9999,-9999,-9999,-9999,-9999,-9999,0.11356895416975021
"2025-06-18 17:41:15",1,1.1,1.9,1.9,37.3,36.8,8.1,11.3,7.6,5.6,7.2,-9999,-9999,-9999,-9999,-9999,-9999,-9999,-9999,-9999,0.1135682538151741
"2025-06-18 17:41:25",1,1.1,1.9,1.9,37.3,36.8,8.1,11.3,7.6,5.5,7.2,-9999,-9999,-9999,-9999,-9999,-9999,-9999,-9999,-9999,0.11355316638946533
"2025-06-18 17:41:36",1,1.1,2,1.9,37.3,36.8,8.1,11.3,7.6,5.6,7.2,-9999,-9999,-9999,-9999,-9999,-9999,-9999,-9999,-9999,0.11354666948318481
"2025-06-18 17:41:46",1,1.1,1.9,1.9,37.3,36.8,8.1,11.3,7.6,5.6,7.2,-9999,-9999,-9999,-9999,-9999,-9999,-9999,-9999,-9999,0.1135241910815239
"2025-06-18 17:41:56",1,1.1,1.9,1.9,37.3,36.8,8.1,11.3,7.6,5.6,7.2,-9999,-9999,-9999,-9999,-9999,-9999,-9999,-9999,-9999,0.11351650208234787
"2025-06-18 17:42:07",1.1,1.1,2,1.9,37.3,36.8,8.1,11.3,7.6,5.6,7.2,-9999,-9999,-9999,-9999,-9999,-9999,-9999,-9999,-9999,0.11350199580192566
"2025-06-18 17:42:17",1,1.1,2,1.9,37.3,36.8,8.1,11.3,7.6,5.6,7.2,-9999,-9999,-9999,-9999,-9999,-9999,-9999,-9999,-9999,0.1134975478053093
"2025-06-18 17:42:27",1,1.1,1.9,1.9,37.3,36.8,8.1,11.3,7.5,5.5,7.2,-9999,-9999,-9999,-9999,-9999,-9999,-9999,-9999,-9999,0.11346857994794846
"2025-06-18 17:42:38",1,1.1,1.9,1.9,37.3,36.8,8,11.3,7.5,5.5,7.1,-9999,-9999,-9999,-9999,-9999,-9999,-9999,-9999,-9999,0.11345420032739639
"2025-06-18 17:42:48",1,1.1,1.9,1.9,37.3,36.8,8,11.3,7.5,5.5,7.1,-9999,-9999,-9999,-9999,-9999,-9999,-9999,-9999,-9999,0.11344447731971741
"2025-06-18 17:42:59",1,1.1,2,1.9,37.3,36.8,8,11.2,7.5,5.5,7.1,-9999,-9999,-9999,-9999,-9999,-9999,-9999,-9999,-9999,0.11346536129713058
"2025-06-18 17:43:09",1.1,1.1,2,1.9,37.3,36.8,8,11.2,7.5,5.5,7,-9999,-9999,-9999,-9999,-9999,-9999,-9999,-9999,-9999,0.11347020417451859
"2025-06-18 17:43:19",1.1,1.2,2,1.9,37.3,36.8,8,11.2,7.4,5.4,7,-9999,-9999,-9999,-9999,-9999,-9999,-9999,-9999,-9999,0.11348488926887512
"2025-06-18 17:43:30",1.1,1.2,2,1.9,37.3,36.9,8,11.2,7.5,5.4,7,-9999,-9999,-9999,-9999,-9999,-9999,-9999,-9999,-9999,0.11351294070482254
"2025-06-18 17:43:40",1.2,1.3,2.1,1.9,37.4,36.9,8,11.3,7.5,5.4,7,-9999,-9999,-9999,-9999,-9999,-9999,-9999,-9999,-9999,0.11354868859052658
"2025-06-18 17:43:50",1.3,1.3,2.1,2,37.4,36.9,8,11.3,7.5,5.5,7.1,-9999,-9999,-9999,-9999,-9999,-9999,-9999,-9999,-9999,0.11359225958585739
"2025-06-18 17:44:01",1.3,1.4,2.2,2,37.4,36.9,8.1,11.3,7.5,5.5,7.1,-9999,-9999,-9999,-9999,-9999,-9999,-9999,-9999,-9999,0.11365382373332977
"2025-06-18 17:44:11",1.4,1.5,2.3,2.1,37.4,36.9,8.1,11.3,7.6,5.5,7.1,-9999,-9999,-9999,-9999,-9999,-9999,-9999,-9999,-9999,0.11372320353984833
"2025-06-18 17:44:22",1.4,1.5,2.4,2.1,37.4,37,8.2,11.4,7.6,5.6,7.1,-9999,-9999,-9999,-9999,-9999,-9999,-9999,-9999,-9999,0.1138031929731369
"2025-06-18 17:44:32",1.6,1.6,2.5,2.2,37.5,37,8.2,11.4,7.6,5.6,7.2,-9999,-9999,-9999,-9999,-9999,-9999,-9999,-9999,-9999,0.11389118432998657
"2025-06-18 17:44:42",1.7,1.8,2.6,2.4,37.5,37.1,8.2,11.4,7.7,5.6,7.2,-9999,-9999,-9999,-9999,-9999,-9999,-9999,-9999,-9999,0.1139899343252182
"2025-06-18 17:44:53",1.8,1.9,2.7,2.4,37.6,37.1,8.2,11.5,7.7,5.7,7.3,-9999,-9999,-9999,-9999,-9999,-9999,-9999,-9999,-9999,0.11409322917461395
"2025-06-18 17:45:03",1.9,2,2.8,2.5,37.6,37.2,8.3,11.5,7.8,5.7,7.4,-9999,-9999,-9999,-9999,-9999,-9999,-9999,-9999,-9999,0.11420464515686035
"2025-06-18 17:45:14",2,2.1,2.9,2.7,37.7,37.2,8.3,11.6,7.8,5.8,7.4,-9999,-9999,-9999,-9999,-9999,-9999,-9999,-9999,-9999,0.1143246442079544
"2025-06-18 17:45:24",2.2,2.2,3,2.8,37.7,37.3,8.4,11.6,7.9,5.9,7.5,-9999,-9999,-9999,-9999,-9999,-9999,-9999,-9999,-9999,0.11444991827011108
"2025-06-18 17:45:34",2.3,2.3,3.2,2.9,37.8,37.3,8.5,11.7,7.9,5.9,7.5,-9999,-9999,-9999,-9999,-9999,-9999,-9999,-9999,-9999,0.1145695149898529
"2025-06-18 17:45:45",2.4,2.5,3.3,3.1,37.9,37.4,8.5,11.7,8,6,7.6,-9999,-9999,-9999,-9999,-9999,-9999,-9999,-9999,-9999,0.11470077186822891
"2025-06-18 17:45:55",2.6,2.6,3.4,3.2,37.1,36.2,8.6,11.8,8.1,6,7.7,-9999,-9999,-9999,-9999,-9999,-9999,-9999,-9999,-9999,0.11482957005500793
"2025-06-18 17:46:05",2.7,2.8,3.5,3.4,34.5,32.6,8.7,11.9,8.1,6.1,7.8,-9999,-9999,-9999,-9999,-9999,-9999,-9999,-9999,-9999,0.11493875086307526
"2025-06-18 17:46:16",2.8,2.9,3.7,3.5,32.2,29.9,8.7,11.9,8.2,6.2,7.8,-9999,-9999,-9999,-9999,-9999,-9999,-9999,-9999,-9999,0.11505095660686493
"2025-06-18 17:46:26",3,3,3.8,3.6,30.3,27.6,8.8,11.9,8.2,6.3,7.9,-9999,-9999,-9999,-9999,-9999,-9999,-9999,-9999,-9999,0.11515842378139496
"2025-06-18 17:46:37",3.1,3.1,3.9,3.8,28.6,25.7,8.9,12,8.3,6.4,7.9,-9999,-9999,-9999,-9999,-9999,-9999,-9999,-9999,-9999,0.11527477204799652
"2025-06-18 17:46:47",3.3,3.3,4.1,3.9,26.9,24,8.9,11.9,8.3,6.4,7.9,-9999,-9999,-9999,-9999,-9999,-9999,-9999,-9999,-9999,0.11547984927892685
"2025-06-18 17:46:57",3.6,3.6,4.3,4.1,25.6,22.6,9,11.8,8.3,6.5,8,-9999,-9999,-9999,-9999,-9999,-9999,-9999,-9999,-9999,0.11582163721323013
"2025-06-18 17:47:08",3.9,4,4.7,4.3,24.3,21.3,9.1,11.8,8.4,6.6,8.1,-9999,-9999,-9999,-9999,-9999,-9999,-9999,-9999,-9999,0.11619776487350464
"2025-06-18 17:47:18",4.4,4.4,5.1,4.7,23.3,20.2,9.2,11.7,8.5,6.8,8.1,-9999,-9999,-9999,-9999,-9999,-9999,-9999,-9999,-9999,0.11660982668399811
"2025-06-18 17:47:28",4.8,4.9,5.5,5.1,22.1,19.2,9.3,11.7,8.6,6.9,8.2,-9999,-9999,-9999,-9999,-9999,-9999,-9999,-9999,-9999,0.11704518646001816
"2025-06-18 17:47:39",5.4,5.4,6,5.6,21.3,18.4,9.5,11.6,8.7,7,8.3,-9999,-9999,-9999,-9999,-9999,-9999,-9999,-9999,-9999,0.11750081181526184
"2025-06-18 17:47:49",5.8,5.9,6.5,6.1,20.4,17.6,9.6,11.6,8.8,7.2,8.5,-9999,-9999,-9999,-9999,-9999,-9999,-9999,-9999,-9999,0.11797142773866653
"2025-06-18 17:48:00",6.3,6.4,7,6.6,19.6,16.9,9.8,11.5,8.9,7.4,8.6,-9999,-9999,-9999,-9999,-9999,-9999,-9999,-9999,-9999,0.11845002323389053
"2025-06-18 17:48:10",6.8,6.8,7.5,7.1,19.1,16.4,9.9,11.5,9.1,7.6,8.7,-9999,-9999,-9999,-9999,-9999,-9999,-9999,-9999,-9999,0.11893713474273682
"2025-06-18 17:48:20",7.2,7.3,7.9,7.6,18.4,15.8,10.1,11.5,9.2,7.8,8.9,-9999,-9999,-9999,-9999,-9999,-9999,-9999,-9999,-9999,0.11941060423851013
"2025-06-18 17:48:31",7.7,7.7,8.4,8.1,17.9,15.4,10.3,11.5,9.3,8,9,-9999,-9999,-9999,-9999,-9999,-9999,-9999,-9999,-9999,0.11986914277076721
"2025-06-18 17:48:41",8,8.1,8.8,8.6,17.4,15,10.5,11.5,9.5,8.3,9.2,-9999,-9999,-9999,-9999,-9999,-9999,-9999,-9999,-9999,0.12032424658536911
"2025-06-18 17:48:52",8.5,8.5,9.3,9,16.9,14.6,10.6,11.6,9.7,8.5,9.3,-9999,-9999,-9999,-9999,-9999,-9999,-9999,-9999,-9999,0.12077723443508148
"2025-06-18 17:49:02",8.8,8.9,9.6,9.4,16.6,14.3,10.8,11.6,9.8,8.7,9.5,-9999,-9999,-9999,-9999,-9999,-9999,-9999,-9999,-9999,0.12122243642807007
"2025-06-18 17:49:12",9.3,9.3,10.1,9.9,16.2,14,11,11.6,9.9,8.9,9.6,-9999,-9999,-9999,-9999,-9999,-9999,-9999,-9999,-9999,0.1216706782579422
"2025-06-18 17:49:23",9.7,9.6,10.4,10.3,15.8,13.8,11.1,11.7,10.1,9.1,9.8,-9999,-9999,-9999,-9999,-9999,-9999,-9999,-9999,-9999,0.12209741771221161
"2025-06-18 17:49:33",10,10,10.8,10.7,15.5,13.6,11.3,11.8,10.2,9.3,9.9,-9999,-9999,-9999,-9999,-9999,-9999,-9999,-9999,-9999,0.12251932173967361
"2025-06-18 17:49:43",10.4,10.4,11.1,11,15.3,13.4,11.4,11.8,10.4,9.5,10.1,-9999,-9999,-9999,-9999,-9999,-9999,-9999,-9999,-9999,0.12295164912939072
"2025-06-18 17:49:54",10.8,10.8,11.5,11.4,15.1,13.2,11.6,11.9,10.6,9.8,10.3,-9999,-9999,-9999,-9999,-9999,-9999,-9999,-9999,-9999,0.12338569015264511
"2025-06-18 17:50:04",11.1,11.1,11.9,11.8,14.9,13.1,11.8,12,10.7,10,10.4,-9999,-9999,-9999,-9999,-9999,-9999,-9999,-9999,-9999,0.1238090917468071
"2025-06-18 17:50:15",11.5,11.4,12.2,12.1,14.7,13.1,12,12.1,10.9,10.2,10.6,-9999,-9999,-9999,-9999,-9999,-9999,-9999,-9999,-9999,0.12420861423015594
"2025-06-18 17:50:25",11.8,11.7,12.5,12.4,14.6,13,12.1,12.2,11.1,10.5,10.8,-9999,-9999,-9999,-9999,-9999,-9999,-9999,-9999,-9999,0.12462291121482849
"2025-06-18 17:50:35",12.1,12.1,12.8,12.8,14.4,13,12.3,12.3,11.3,10.7,11,-9999,-9999,-9999,-9999,-9999,-9999,-9999,-9999,-9999,0.12504088878631592
"2025-06-18 17:50:46",12.4,12.4,13.2,13.1,14.3,12.9,12.5,12.5,11.4,10.9,11.2,-9999,-9999,-9999,-9999,-9999,-9999,-9999,-9999,-9999,0.125445157289505
"2025-06-18 17:50:56",12.7,12.7,13.5,13.5,14.3,13,12.6,12.6,11.6,11.1,11.3,-9999,-9999,-9999,-9999,-9999,-9999,-9999,-9999,-9999,0.12582440674304962
"2025-06-18 17:51:07",13,13,13.8,13.8,14.2,13,12.8,12.7,11.8,11.3,11.5,-9999,-9999,-9999,-9999,-9999,-9999,-9999,-9999,-9999,0.12620942294597626
"2025-06-18 17:51:17",13.4,13.4,14.1,14,14.2,13,13,12.9,12,11.5,11.7,-9999,-9999,-9999,-9999,-9999,-9999,-9999,-9999,-9999,0.12660005688667297
"2025-06-18 17:51:27",13.7,13.7,14.4,14.4,14.2,13.1,13.1,13,12.2,11.8,11.9,-9999,-9999,-9999,-9999,-9999,-9999,-9999,-9999,-9999,0.12696775794029236
"2025-06-18 17:51:38",13.9,13.9,14.7,14.6,14.2,13.2,13.3,13.2,12.4,12,12.1,-9999,-9999,-9999,-9999,-9999,-9999,-9999,-9999,-9999,0.1273202747106552
"2025-06-18 17:51:48",14.2,14.2,15,14.9,14.2,13.3,13.5,13.3,12.5,12.1,12.3,-9999,-9999,-9999,-9999,-9999,-9999,-9999,-9999,-9999,0.12767212092876434
"2025-06-18 17:51:58",14.5,14.5,15.2,15.2,14.2,13.3,13.7,13.5,12.7,12.4,12.5,-9999,-9999,-9999,-9999,-9999,-9999,-9999,-9999,-9999,0.12801875174045563
"2025-06-18 17:52:09",14.8,14.7,15.5,15.4,14.3,13.5,13.8,13.6,12.9,12.6,12.7,-9999,-9999,-9999,-9999,-9999,-9999,-9999,-9999,-9999,0.12836967408657074
"2025-06-18 17:52:19",15.1,15,15.7,15.7,14.3,13.6,14,13.8,13.1,12.8,12.9,-9999,-9999,-9999,-9999,-9999,-9999,-9999,-9999,-9999,0.12875904142856598
"2025-06-18 17:52:30",15.4,15.4,16,16,14.4,13.7,14.2,14,13.3,13,13.1,-9999,-9999,-9999,-9999,-9999,-9999,-9999,-9999,-9999,0.1291324496269226
"2025-06-18 17:52:40",15.7,15.7,16.4,16.3,14.5,13.9,14.4,14.1,13.5,13.2,13.3,-9999,-9999,-9999,-9999,-9999,-9999,-9999,-9999,-9999,0.15125127136707306
"2025-06-18 17:52:50",16,16,16.7,16.6,14.6,14,14.6,14.3,13.7,13.5,13.5,-9999,-9999,-9999,-9999,-9999,-9999,-9999,-9999,-9999,0.17389926314353943
"2025-06-18 17:53:01",16.2,16.2,16.9,16.8,14.7,14.2,14.7,14.5,13.9,13.7,13.7,-9999,-9999,-9999,-9999,-9999,-9999,-9999,-9999,-9999,0.19470760226249695
"2025-06-18 17:53:11",16.4,16.4,17.1,17,14.8,14.3,14.9,14.7,14.1,13.9,13.9,-9999,-9999,-9999,-9999,-9999,-9999,-9999,-9999,-9999,0.21610796451568604
"2025-06-18 17:53:21",16.7,16.6,17.3,17.2,15,14.5,15.1,14.9,14.3,14.1,14.1,-9999,-9999,-9999,-9999,-9999,-9999,-9999,-9999,-9999,0.23547573387622833
"2025-06-18 17:53:32",16.8,16.8,17.5,17.5,15.1,14.7,15.3,15,14.5,14.3,14.3,-9999,-9999,-9999,-9999,-9999,-9999,-9999,-9999,-9999,0.25302359461784363
"2025-06-18 17:53:42",17.1,17,17.7,17.6,15.2,14.9,15.5,15.2,14.7,14.5,14.5,-9999,-9999,-9999,-9999,-9999,-9999,-9999,-9999,-9999,0.2717752158641815
"2025-06-18 17:53:53",17.2,17.2,17.9,17.8,15.4,15,15.7,15.4,14.9,14.7,14.7,-9999,-9999,-9999,-9999,-9999,-9999,-9999,-9999,-9999,0.28889769315719604
"2025-06-18 17:54:03",17.4,17.3,18,18,15.5,15.2,15.8,15.6,15.1,14.9,15,-9999,-9999,-9999,-9999,-9999,-9999,-9999,-9999,-9999,0.3045203983783722
"2025-06-18 17:54:13",17.5,17.5,18.2,18.1,15.6,15.4,16,15.7,15.3,15.1,15.2,-9999,-9999,-9999,-9999,-9999,-9999,-9999,-9999,-9999,0.32051149010658264
"2025-06-18 17:54:24",17.7,17.7,18.4,18.3,15.8,15.5,16.1,15.9,15.4,15.3,15.3,-9999,-9999,-9999,-9999,-9999,-9999,-9999,-9999,-9999,0.33446118235588074
"2025-06-18 17:54:34",17.9,17.8,18.5,18.4,15.9,15.7,16.3,16.1,15.6,15.5,15.5,-9999,-9999,-9999,-9999,-9999,-9999,-9999,-9999,-9999,0.34723782539367676
"2025-06-18 17:54:45",18,17.9,18.6,18.5,16.1,15.8,16.5,16.2,15.8,15.6,15.7,-9999,-9999,-9999,-9999,-9999,-9999,-9999,-9999,-9999,0.3602665960788727
"2025-06-18 17:54:55",18.2,18.1,18.7,18.7,16.2,16,16.6,16.4,16,15.8,15.9,-9999,-9999,-9999,-9999,-9999,-9999,-9999,-9999,-9999,0.3716728091239929
"2025-06-18 17:55:05",18.3,18.2,18.9,18.8,16.4,16.2,16.8,16.6,16.1,16,16.1,-9999,-9999,-9999,-9999,-9999,-9999,-9999,-9999,-9999,0.382449746131897
"2025-06-18 17:55:16",18.4,18.3,19,18.9,16.5,16.3,16.9,16.7,16.3,16.2,16.2,-9999,-9999,-9999,-9999,-9999,-9999,-9999,-9999,-9999,0.39283639192581177
"2025-06-18 17:55:26",18.5,18.4,19.1,19,16.6,16.5,17.1,16.8,16.4,16.3,16.4,-9999,-9999,-9999,-9999,-9999,-9999,-9999,-9999,-9999,0.40248408913612366
"2025-06-18 17:55:36",18.6,18.6,19.2,19.1,16.8,16.6,17.2,17,16.6,16.5,16.6,-9999,-9999,-9999,-9999,-9999,-9999,-9999,-9999,-9999,0.4106977880001068
"2025-06-18 17:55:47",18.7,18.7,19.3,19.2,16.9,16.7,17.3,17.1,16.7,16.6,16.7,-9999,-9999,-9999,-9999,-9999,-9999,-9999,-9999,-9999,0.41900357604026794
"2025-06-18 17:55:57",18.8,18.8,19.3,19.3,17,16.9,17.5,17.3,16.9,16.8,16.9,-9999,-9999,-9999,-9999,-9999,-9999,-9999,-9999,-9999,0.42471107840538025
"2025-06-18 17:56:08",18.9,18.9,19.4,19.4,17.1,17,17.6,17.4,17,16.9,17,-9999,-9999,-9999,-9999,-9999,-9999,-9999,-9999,-9999,0.4315565526485443
"2025-06-18 17:56:18",19,18.9,19.5,19.5,17.3,17.2,17.7,17.5,17.1,17,17.2,-9999,-9999,-9999,-9999,-9999,-9999,-9999,-9999,-9999,0.4387112259864807
"2025-06-18 17:56:28",19.1,19,19.6,19.6,17.4,17.3,17.9,17.6,17.3,17.2,17.3,-9999,-9999,-9999,-9999,-9999,-9999,-9999,-9999,-9999,0.4435635805130005
"2025-06-18 17:56:39",19.2,19.1,19.6,19.6,17.5,17.4,18,17.7,17.4,17.3,17.5,-9999,-9999,-9999,-9999,-9999,-9999,-9999,-9999,-9999,0.4483589231967926
"2025-06-18 17:56:49",19.3,19.2,19.7,19.7,17.6,17.5,18.1,17.9,17.5,17.4,17.6,-9999,-9999,-9999,-9999,-9999,-9999,-9999,-9999,-9999,0.4513716399669647
"2025-06-18 17:57:00",19.3,19.3,19.8,19.8,17.8,17.7,18.2,18,17.6,17.5,17.7,-9999,-9999,-9999,-9999,-9999,-9999,-9999,-9999,-9999,0.455305278301239
"2025-06-18 17:57:10",19.4,19.3,19.8,19.8,17.9,17.8,18.3,18.1,17.8,17.7,17.8,-9999,-9999,-9999,-9999,-9999,-9999,-9999,-9999,-9999,0.45939019322395325
"2025-06-18 17:57:20",19.5,19.4,19.9,19.9,18,17.9,18.4,18.2,17.9,17.8,18,-9999,-9999,-9999,-9999,-9999,-9999,-9999,-9999,-9999,0.46125176548957825
"2025-06-18 17:57:31",19.5,19.5,19.9,19.9,18.1,18,18.5,18.3,18,17.9,18.1,-9999,-9999,-9999,-9999,-9999,-9999,-9999,-9999,-9999,0.46377113461494446
"2025-06-18 17:57:41",19.6,19.5,20,20,18.2,18.1,18.6,18.4,18.1,18,18.2,-9999,-9999,-9999,-9999,-9999,-9999,-9999,-9999,-9999,0.4660317599773407
"2025-06-18 17:57:51",19.6,19.6,20,20,18.3,18.2,18.7,18.5,18.2,18.1,18.3,-9999,-9999,-9999,-9999,-9999,-9999,-9999,-9999,-9999,0.4665163457393646
"2025-06-18 17:58:02",19.7,19.6,20,20.1,18.4,18.3,18.8,18.6,18.3,18.2,18.4,-9999,-9999,-9999,-9999,-9999,-9999,-9999,-9999,-9999,0.4676543176174164
"2025-06-18 17:58:12",19.7,19.7,20.1,20.1,18.5,18.4,18.9,18.7,18.4,18.3,18.5,-9999,-9999,-9999,-9999,-9999,-9999,-9999,-9999,-9999,0.4677617847919464
"2025-06-18 17:58:23",19.8,19.7,20.1,20.1,18.5,18.5,19,18.8,18.5,18.4,18.6,-9999,-9999,-9999,-9999,-9999,-9999,-9999,-9999,-9999,0.4676740765571594
"2025-06-18 17:58:33",19.8,19.8,20.1,20.2,18.6,18.5,19.1,18.8,18.5,18.5,18.7,-9999,-9999,-9999,-9999,-9999,-9999,-9999,-9999,-9999,0.4670294225215912
"2025-06-18 17:58:43",19.8,19.8,20.2,20.2,18.7,18.6,19.2,18.9,18.6,18.6,18.8,-9999,-9999,-9999,-9999,-9999,-9999,-9999,-9999,-9999,0.46688470244407654
"2025-06-18 17:58:54",19.9,19.8,20.2,20.2,18.8,18.7,19.3,19,18.7,18.7,18.8,-9999,-9999,-9999,-9999,-9999,-9999,-9999,-9999,-9999,0.4652117192745209
"2025-06-18 17:59:04",19.9,19.9,20.2,20.2,18.9,18.8,19.4,19.1,18.8,18.7,18.9,-9999,-9999,-9999,-9999,-9999,-9999,-9999,-9999,-9999,0.4633874297142029
"2025-06-18 17:59:14",19.9,19.9,20.2,20.3,18.9,18.9,19.4,19.2,18.9,18.8,19,-9999,-9999,-9999,-9999,-9999,-9999,-9999,-9999,-9999,0.4620981216430664
"2025-06-18 17:59:25",19.9,19.9,20.3,20.3,19,18.9,19.5,19.2,19,18.9,19.1,-9999,-9999,-9999,-9999,-9999,-9999,-9999,-9999,-9999,0.45900648832321167
"2025-06-18 17:59:35",20,19.9,20.3,20.3,19.1,19,19.5,19.3,19,19,19.1,-9999,-9999,-9999,-9999,-9999,-9999,-9999,-9999,-9999,0.45777419209480286
"2025-06-18 17:59:46",20,20,20.3,20.3,19.2,19.1,19.6,19.4,19.1,19,19.2,-9999,-9999,-9999,-9999,-9999,-9999,-9999,-9999,-9999,0.4541015028953552
"2025-06-18 17:59:56",20,20,20.3,20.3,19.2,19.1,19.7,19.4,19.2,19.1,19.2,-9999,-9999,-9999,-9999,-9999,-9999,-9999,-9999,-9999,0.4523276388645172
"2025-06-18 18:00:06",20,20,20.3,20.3,19.3,19.2,19.7,19.5,19.2,19.2,19.3,-9999,-9999,-9999,-9999,-9999,-9999,-9999,-9999,-9999,0.4481199085712433
"2025-06-18 18:00:17",20,20,20.3,20.4,19.3,19.3,19.8,19.6,19.3,19.2,19.4,-9999,-9999,-9999,-9999,-9999,-9999,-9999,-9999,-9999,0.4445502758026123
"2025-06-18 18:00:27",20.1,20,20.3,20.4,19.4,19.3,19.9,19.6,19.3,19.3,19.4,-9999,-9999,-9999,-9999,-9999,-9999,-9999,-9999,-9999,0.4409849941730499
"2025-06-18 18:00:38",20.1,20,20.3,20.4,19.4,19.4,19.9,19.7,19.4,19.3,19.4,-9999,-9999,-9999,-9999,-9999,-9999,-9999,-9999,-9999,0.43684306740760803
"2025-06-18 18:00:48",20.1,20,20.3,20.4,19.5,19.4,19.9,19.7,19.5,19.4,19.5,-9999,-9999,-9999,-9999,-9999,-9999,-9999,-9999,-9999,0.43314844369888306
"2025-06-18 18:00:58",20.1,20.1,20.3,20.4,19.5,19.4,20,19.8,19.5,19.4,19.6,-9999,-9999,-9999,-9999,-9999,-9999,-9999,-9999,-9999,0.4285438656806946
"2025-06-18 18:01:09",20.1,20.1,20.3,20.4,19.6,19.5,20,19.8,19.6,19.5,19.6,-9999,-9999,-9999,-9999,-9999,-9999,-9999,-9999,-9999,0.4249281585216522
"2025-06-18 18:01:19",20.1,20.1,20.3,20.4,19.6,19.5,20.1,19.8,19.6,19.5,19.6,-9999,-9999,-9999,-9999,-9999,-9999,-9999,-9999,-9999,0.41924259066581726
"2025-06-18 18:01:29",20.1,20,20.3,20.4,19.7,19.6,20.1,19.9,19.7,19.6,19.7,-9999,-9999,-9999,-9999,-9999,-9999,-9999,-9999,-9999,0.41577380895614624
"2025-06-18 18:01:40",20.1,20,20.3,20.3,19.7,19.6,20.2,19.9,19.7,19.6,19.7,-9999,-9999,-9999,-9999,-9999,-9999,-9999,-9999,-9999,0.41001588106155396
"2025-06-18 18:01:50",20.1,20,20.3,20.3,19.7,19.7,20.2,20,19.7,19.7,19.7,-9999,-9999,-9999,-9999,-9999,-9999,-9999,-9999,-9999,0.40562617778778076
"2025-06-18 18:02:01",20,20,20.3,20.3,19.8,19.7,20.2,20,19.8,19.7,19.8,-9999,-9999,-9999,-9999,-9999,-9999,-9999,-9999,-9999,0.3996226489543915
"2025-06-18 18:02:11",20.1,20.1,20.2,20.3,19.8,19.7,20.2,20,19.8,19.7,19.8,-9999,-9999,-9999,-9999,-9999,-9999,-9999,-9999,-9999,0.39495229721069336
"2025-06-18 18:02:21",20,20,20.2,20.3,19.8,19.7,20.2,20,19.8,19.7,19.8,-9999,-9999,-9999,-9999,-9999,-9999,-9999,-9999,-9999,0.38980832695961
"2025-06-18 18:02:32",20,20,20.2,20.3,19.9,19.8,20.3,20.1,19.9,19.8,19.8,-9999,-9999,-9999,-9999,-9999,-9999,-9999,-9999,-9999,0.3836096525192261
"2025-06-18 18:02:42",20,20,20.2,20.3,19.9,19.8,20.3,20.1,19.9,19.8,19.8,-9999,-9999,-9999,-9999,-9999,-9999,-9999,-9999,-9999,0.3782288730144501
"2025-06-18 18:02:53",20,20,20.2,20.3,19.9,19.8,20.3,20.1,19.9,19.8,19.9,-9999,-9999,-9999,-9999,-9999,-9999,-9999,-9999,-9999,0.371433824300766
"2025-06-18 18:03:03",20,20,20.2,20.3,19.9,19.8,20.3,20.1,19.9,19.9,19.9,-9999,-9999,-9999,-9999,-9999,-9999,-9999,-9999,-9999,0.36847153306007385
"2025-06-18 18:03:13",20,20,20.2,20.3,19.9,19.9,20.4,20.1,19.9,19.9,19.9,-9999,-9999,-9999,-9999,-9999,-9999,-9999,-9999,-9999,0.3609550893306732
"2025-06-18 18:03:24",20,20,20.2,20.3,20,19.9,20.4,20.2,19.9,19.9,19.9,-9999,-9999,-9999,-9999,-9999,-9999,-9999,-9999,-9999,0.3556663990020752
"2025-06-18 18:03:34",20,20,20.2,20.3,20,19.9,20.4,20.2,20,19.9,19.9,-9999,-9999,-9999,-9999,-9999,-9999,-9999,-9999,-9999,0.3486213982105255
"2025-06-18 18:03:44",20,20,20.2,20.2,20,19.9,20.4,20.2,20,19.9,19.9,-9999,-9999,-9999,-9999,-9999,-9999,-9999,-9999,-9999,0.3435716927051544
"2025-06-18 18:03:55",20,20,20.1,20.2,20,19.9,20.4,20.2,20,19.9,19.9,-9999,-9999,-9999,-9999,-9999,-9999,-9999,-9999,-9999,0.3367854058742523
"2025-06-18 18:04:05",20,20,20.1,20.2,20,19.9,20.4,20.2,20,19.9,20,-9999,-9999,-9999,-9999,-9999,-9999,-9999,-9999,-9999,0.3319988250732422
"2025-06-18 18:04:16",20,19.9,20.1,20.2,20,19.9,20.4,20.2,20,19.9,20,-9999,-9999,-9999,-9999,-9999,-9999,-9999,-9999,-9999,0.3241754174232483
"2025-06-18 18:04:26",20,19.9,20.1,20.2,20.1,19.9,20.4,20.2,20,19.9,20,-9999,-9999,-9999,-9999,-9999,-9999,-9999,-9999,-9999,0.31972211599349976
"2025-06-18 18:04:36",19.9,19.9,20.1,20.2,20,20,20.4,20.2,20,19.9,20,-9999,-9999,-9999,-9999,-9999,-9999,-9999,-9999,-9999,0.31305864453315735
"2025-06-18 18:04:47",19.9,19.9,20.1,20.2,20,20,20.4,20.2,20,20,20,-9999,-9999,-9999,-9999,-9999,-9999,-9999,-9999,-9999,0.3068380653858185
"2025-06-18 18:04:57",20,19.9,20.1,20.2,20.1,19.9,20.4,20.2,20,20,20,-9999,-9999,-9999,-9999,-9999,-9999,-9999,-9999,-9999,0.30065256357192993
"2025-06-18 18:05:07",19.9,19.9,20.1,20.2,20.1,20,20.5,20.2,20,20,20,-9999,-9999,-9999,-9999,-9999,-9999,-9999,-9999,-9999,0.2951555550098419
"2025-06-18 18:05:18",19.9,19.9,20,20.1,20.1,20,20.5,20.2,20,20,20,-9999,-9999,-9999,-9999,-9999,-9999,-9999,-9999,-9999,0.28769612312316895
"2025-06-18 18:05:28",19.9,19.9,20,20.1,20.1,20,20.5,20.2,20.1,20,20,-9999,-9999,-9999,-9999,-9999,-9999,-9999,-9999,-9999,0.2826749384403229
"2025-06-18 18:05:39",19.9,19.9,20,20.1,20.1,20,20.5,20.2,20.1,20,20,-9999,-9999,-9999,-9999,-9999,-9999,-9999,-9999,-9999,0.276375412940979
"2025-06-18 18:05:49",19.9,19.9,20,20.1,20.1,20,20.5,20.2,20.1,20,20,-9999,-9999,-9999,-9999,-9999,-9999,-9999,-9999,-9999,0.2696680724620819
"2025-06-18 18:05:59",19.9,19.9,20,20.1,20.1,20,20.5,20.3,20.1,20,20,-9999,-9999,-9999,-9999,-9999,-9999,-9999,-9999,-9999,0.2642872929573059
"2025-06-18 18:06:10",19.8,19.8,20,20.1,20.1,20,20.5,20.2,20.1,20,20,-9999,-9999,-9999,-9999,-9999,-9999,-9999,-9999,-9999,0.25859513878822327
"2025-06-18 18:06:20",19.9,19.9,20,20.1,20.1,20,20.5,20.2,20.1,20,20,-9999,-9999,-9999,-9999,-9999,-9999,-9999,-9999,-9999,0.251133531332016
"2025-06-18 18:06:31",19.8,19.8,20,20.1,20.1,20,20.5,20.2,20.1,20,20,-9999,-9999,-9999,-9999,-9999,-9999,-9999,-9999,-9999,0.24591279029846191
"2025-06-18 18:06:41",19.8,19.8,20,20.1,20.1,20,20.4,20.2,20,20,20,-9999,-9999,-9999,-9999,-9999,-9999,-9999,-9999,-9999,0.2399158775806427
"2025-06-18 18:06:51",19.8,19.8,19.9,20,20.1,20,20.5,20.2,20.1,20,20,-9999,-9999,-9999,-9999,-9999,-9999,-9999,-9999,-9999,0.23360759019851685
"2025-06-18 18:07:02",19.8,19.8,20,20,20.1,20,20.4,20.2,20,20,20,-9999,-9999,-9999,-9999,-9999,-9999,-9999,-9999,-9999,0.2275887280702591
"2025-06-18 18:07:12",19.7,19.8,19.9,20,20.1,20,20.4,20.2,20,20,20,-9999,-9999,-9999,-9999,-9999,-9999,-9999,-9999,-9999,0.22143174707889557
"2025-06-18 18:07:22",19.7,19.8,19.9,20,20.1,20,20.4,20.2,20,20,20,-9999,-9999,-9999,-9999,-9999,-9999,-9999,-9999,-9999,0.216325044631958
"2025-06-18 18:07:33",19.7,19.8,19.9,20,20.1,20,20.4,20.2,20.1,20,20,-9999,-9999,-9999,-9999,-9999,-9999,-9999,-9999,-9999,0.20973609387874603
"2025-06-18 18:07:43",19.7,19.7,19.9,20,20.1,20,20.4,20.2,20,20,20,-9999,-9999,-9999,-9999,-9999,-9999,-9999,-9999,-9999,0.20384003221988678
"2025-06-18 18:07:54",19.7,19.7,19.9,20,20.1,19.9,20.4,20.2,20,20,20,-9999,-9999,-9999,-9999,-9999,-9999,-9999,-9999,-9999,0.19711953401565552
"2025-06-18 18:08:04",19.7,19.7,19.9,20,20.1,20,20.4,20.2,20,19.9,20,-9999,-9999,-9999,-9999,-9999,-9999,-9999,-9999,-9999,0.1917014718055725
"2025-06-18 18:08:14",19.7,19.7,19.9,20,20,20,20.4,20.2,20,19.9,20,-9999,-9999,-9999,-9999,-9999,-9999,-9999,-9999,-9999,0.18631190061569214
"2025-06-18 18:08:25",19.7,19.7,19.9,20,20,19.9,20.4,20.2,20,19.9,20,-9999,-9999,-9999,-9999,-9999,-9999,-9999,-9999,-9999,0.18052548170089722
"2025-06-18 18:08:35",19.7,19.7,19.9,19.9,20,19.9,20.4,20.2,20,19.9,20,-9999,-9999,-9999,-9999,-9999,-9999,-9999,-9999,-9999,0.17566654086112976
"2025-06-18 18:08:45",19.7,19.7,19.8,20,20.1,19.9,20.4,20.2,20,19.9,20,-9999,-9999,-9999,-9999,-9999,-9999,-9999,-9999,-9999,0.16883639991283417
"2025-06-18 18:08:56",19.7,19.7,19.8,20,20,19.9,20.4,20.2,20,19.9,20,-9999,-9999,-9999,-9999,-9999,-9999,-9999,-9999,-9999,0.16371653974056244
"2025-06-18 18:09:06",19.7,19.7,19.8,19.9,20,19.9,20.4,20.1,20,19.9,19.9,-9999,-9999,-9999,-9999,-9999,-9999,-9999,-9999,-9999,0.1583554893732071
"2025-06-18 18:09:17",19.6,19.7,19.8,19.9,20.1,19.9,20.4,20.2,20,19.9,19.9,-9999,-9999,-9999,-9999,-9999,-9999,-9999,-9999,-9999,0.1536346971988678
"2025-06-18 18:09:27",19.7,19.7,19.8,19.9,20,19.9,20.4,20.1,20,19.9,19.9,-9999,-9999,-9999,-9999,-9999,-9999,-9999,-9999,-9999,0.14657212793827057
"2025-06-18 18:09:37",19.7,19.7,19.8,19.9,20,19.9,20.4,20.2,20,19.9,20,-9999,-9999,-9999,-9999,-9999,-9999,-9999,-9999,-9999,0.14203113317489624
"2025-06-18 18:09:48",19.7,19.7,19.8,19.9,20,19.9,20.4,20.1,20,19.9,19.9,-9999,-9999,-9999,-9999,-9999,-9999,-9999,-9999,-9999,0.13595527410507202
"2025-06-18 18:09:58",19.7,19.7,19.8,19.9,20,19.9,20.4,20.1,20,19.9,19.9,-9999,-9999,-9999,-9999,-9999,-9999,-9999,-9999,-9999,0.1307981312274933
"2025-06-18 18:10:09",19.7,19.7,19.8,19.9,20,19.9,20.4,20.1,20,19.9,19.9,-9999,-9999,-9999,-9999,-9999,-9999,-9999,-9999,-9999,0.1291334629058838
"2025-06-18 18:10:19",19.6,19.6,19.8,19.9,20,19.9,20.3,20.1,20,19.9,19.9,-9999,-9999,-9999,-9999,-9999,-9999,-9999,-9999,-9999,0.12904037535190582
"2025-06-18 18:10:29",19.6,19.6,19.8,19.9,20,19.9,20.4,20.1,20,19.9,19.9,-9999,-9999,-9999,-9999,-9999,-9999,-9999,-9999,-9999,0.12897951900959015
"2025-06-18 18:10:40",19.7,19.6,19.8,19.9,20,19.9,20.3,20.1,19.9,19.9,19.9,-9999,-9999,-9999,-9999,-9999,-9999,-9999,-9999,-9999,0.12890256941318512
"2025-06-18 18:10:50",19.6,19.6,19.8,19.9,20,19.9,20.3,20.1,19.9,19.9,19.9,-9999,-9999,-9999,-9999,-9999,-9999,-9999,-9999,-9999,0.1288222372531891
"2025-06-18 18:11:00",19.6,19.6,19.8,19.9,20,19.9,20.3,20.1,19.9,19.9,19.9,-9999,-9999,-9999,-9999,-9999,-9999,-9999,-9999,-9999,0.12875984609127045
"2025-06-18 18:11:11",19.6,19.6,19.8,19.9,20,19.9,20.3,20.1,19.9,19.9,19.9,-9999,-9999,-9999,-9999,-9999,-9999,-9999,-9999,-9999,0.12867844104766846
"2025-06-18 18:11:21",19.6,19.6,19.8,19.9,20,19.9,20.3,20.1,19.9,19.9,19.9,-9999,-9999,-9999,-9999,-9999,-9999,-9999,-9999,-9999,0.12863165140151978
"2025-06-18 18:11:32",19.6,19.6,19.8,19.9,20,19.9,20.3,20.1,19.9,19.9,19.9,-9999,-9999,-9999,-9999,-9999,-9999,-9999,-9999,-9999,0.12854740023612976
"2025-06-18 18:11:42",19.6,19.6,19.8,19.9,20,19.9,20.3,20.1,19.9,19.8,19.9,-9999,-9999,-9999,-9999,-9999,-9999,-9999,-9999,-9999,0.12847842276096344
"2025-06-18 18:11:52",19.6,19.6,19.8,19.9,20,19.9,20.3,20.1,19.9,19.8,19.9,-9999,-9999,-9999,-9999,-9999,-9999,-9999,-9999,-9999,0.12841959297657013
"2025-06-18 18:12:03",19.6,19.6,19.8,19.9,20,19.8,20.3,20,19.9,19.8,19.8,-9999,-9999,-9999,-9999,-9999,-9999,-9999,-9999,-9999,0.12834514677524567
"2025-06-18 18:12:13",19.6,19.6,19.8,19.9,19.9,19.9,20.3,20.1,19.9,19.8,19.8,-9999,-9999,-9999,-9999,-9999,-9999,-9999,-9999,-9999,0.12827922403812408
"2025-06-18 18:12:23",19.6,19.6,19.8,19.9,19.9,19.8,20.3,20,19.9,19.8,19.8,-9999,-9999,-9999,-9999,-9999,-9999,-9999,-9999,-9999,0.1282033771276474
"2025-06-18 18:12:34",19.6,19.6,19.8,19.9,20,19.8,20.3,20,19.9,19.8,19.8,-9999,-9999,-9999,-9999,-9999,-9999,-9999,-9999,-9999,0.1281483769416809
"2025-06-18 18:12:44",19.6,19.6,19.8,19.9,19.9,19.8,20.3,20,19.9,19.8,19.8,-9999,-9999,-9999,-9999,-9999,-9999,-9999,-9999,-9999,0.12808862328529358
"2025-06-18 18:12:55",19.6,19.6,19.7,19.9,20,19.8,20.3,20,19.9,19.8,19.8,-9999,-9999,-9999,-9999,-9999,-9999,-9999,-9999,-9999,0.12800730764865875
"2025-06-18 18:13:05",19.6,19.6,19.8,19.9,19.9,19.8,20.3,20,19.9,19.8,19.8,-9999,-9999,-9999,-9999,-9999,-9999,-9999,-9999,-9999,0.12795375287532806
"2025-06-18 18:13:15",19.6,19.6,19.7,19.8,19.9,19.8,20.3,20,19.9,19.8,19.8,-9999,-9999,-9999,-9999,-9999,-9999,-9999,-9999,-9999,0.12788093090057373
"2025-06-18 18:13:26",19.6,19.6,19.7,19.8,19.9,19.8,20.3,20,19.8,19.8,19.8,-9999,-9999,-9999,-9999,-9999,-9999,-9999,-9999,-9999,0.1278253197669983
"2025-06-18 18:13:36",19.6,19.6,19.8,19.9,19.9,19.8,20.3,20,19.9,19.8,19.8,-9999,-9999,-9999,-9999,-9999,-9999,-9999,-9999,-9999,0.1277637630701065
"2025-06-18 18:13:47",19.6,19.6,19.7,19.9,19.9,19.8,20.3,20,19.9,19.8,19.8,-9999,-9999,-9999,-9999,-9999,-9999,-9999,-9999,-9999,0.12769103050231934
"2025-06-18 18:13:57",19.6,19.6,19.7,19.9,19.9,19.8,20.2,20,19.8,19.8,19.8,-9999,-9999,-9999,-9999,-9999,-9999,-9999,-9999,-9999,0.1276283711194992
"2025-06-18 18:14:07",19.6,19.5,19.7,19.8,19.9,19.8,20.3,20,19.8,19.8,19.8,-9999,-9999,-9999,-9999,-9999,-9999,-9999,-9999,-9999,0.12757590413093567
"2025-06-18 18:14:18",19.5,19.6,19.7,19.9,19.9,19.8,20.3,20,19.8,19.8,19.8,-9999,-9999,-9999,-9999,-9999,-9999,-9999,-9999,-9999,0.1275021731853485
"2025-06-18 18:14:28",19.6,19.6,19.7,19.9,19.9,19.8,20.3,20,19.8,19.8,19.8,-9999,-9999,-9999,-9999,-9999,-9999,-9999,-9999,-9999,0.12745152413845062
"2025-06-18 18:14:38",19.5,19.5,19.7,19.8,19.9,19.8,20.2,20,19.8,19.8,19.8,-9999,-9999,-9999,-9999,-9999,-9999,-9999,-9999,-9999,0.1273883432149887
"2025-06-18 18:14:49",19.5,19.6,19.7,19.8,19.9,19.8,20.2,20,19.8,19.8,19.8,-9999,-9999,-9999,-9999,-9999,-9999,-9999,-9999,-9999,0.12731793522834778
"2025-06-18 18:14:59",19.6,19.6,19.7,19.9,19.9,19.8,20.2,20,19.8,19.8,19.8,-9999,-9999,-9999,-9999,-9999,-9999,-9999,-9999,-9999,0.12726406753063202
"2025-06-18 18:15:10",19.5,19.5,19.7,19.8,19.9,19.8,20.2,20,19.8,19.8,19.8,-9999,-9999,-9999,-9999,-9999,-9999,-9999,-9999,-9999,0.127206951379776
"2025-06-18 18:15:20",19.6,19.6,19.7,19.8,19.9,19.8,20.2,20,19.8,19.8,19.8,-9999,-9999,-9999,-9999,-9999,-9999,-9999,-9999,-9999,0.12714064121246338
"2025-06-18 18:15:30",19.5,19.6,19.8,19.8,19.9,19.8,20.2,20,19.8,19.8,19.8,-9999,-9999,-9999,-9999,-9999,-9999,-9999,-9999,-9999,0.12708866596221924
"2025-06-18 18:15:41",19.5,19.5,19.7,19.8,19.9,19.8,20.2,20,19.8,19.8,19.8,-9999,-9999,-9999,-9999,-9999,-9999,-9999,-9999,-9999,0.12703905999660492
"2025-06-18 18:15:51",19.5,19.5,19.7,19.9,19.9,19.8,20.2,20,19.8,19.8,19.8,-9999,-9999,-9999,-9999,-9999,-9999,-9999,-9999,-9999,0.12698669731616974
"2025-06-18 18:16:01",19.5,19.5,19.7,19.8,19.9,19.8,20.2,20,19.8,19.8,19.8,-9999,-9999,-9999,-9999,-9999,-9999,-9999,-9999,-9999,0.12693019211292267
"2025-06-18 18:16:12",19.5,19.5,19.7,19.8,19.9,19.8,20.2,20,19.8,19.8,19.8,-9999,-9999,-9999,-9999,-9999,-9999,-9999,-9999,-9999,0.12687034904956818
"2025-06-18 18:16:22",19.5,19.6,19.7,19.9,19.9,19.8,20.2,20,19.8,19.8,19.8,-9999,-9999,-9999,-9999,-9999,-9999,-9999,-9999,-9999,0.12682181596755981
"2025-06-18 18:16:33",19.6,19.6,19.7,19.9,19.9,19.8,20.2,20,19.8,19.8,19.8,-9999,-9999,-9999,-9999,-9999,-9999,-9999,-9999,-9999,0.12676632404327393
"2025-06-18 18:16:43",19.6,19.6,19.8,19.8,19.9,19.8,20.2,20,19.8,19.8,19.8,-9999,-9999,-9999,-9999,-9999,-9999,-9999,-9999,-9999,0.1266978681087494
"2025-06-18 18:16:53",19.6,19.5,19.8,19.9,19.9,19.8,20.2,20,19.8,19.7,19.8,-9999,-9999,-9999,-9999,-9999,-9999,-9999,-9999,-9999,0.12664420902729034
"2025-06-18 18:17:04",19.6,19.6,19.7,19.9,19.9,19.8,20.2,20,19.8,19.8,19.8,-9999,-9999,-9999,-9999,-9999,-9999,-9999,-9999,-9999,0.1266072392463684
"2025-06-18 18:17:14",19.6,19.6,19.8,19.9,19.9,19.8,20.2,20,19.8,19.8,19.8,-9999,-9999,-9999,-9999,-9999,-9999,-9999,-9999,-9999,0.12654940783977509
"2025-06-18 18:17:25",19.5,19.5,19.7,19.8,19.9,19.8,20.2,20,19.8,19.8,19.8,-9999,-9999,-9999,-9999,-9999,-9999,-9999,-9999,-9999,0.12648460268974304
"2025-06-18 18:17:35",19.6,19.6,19.8,19.9,19.9,19.8,20.2,20,19.8,19.8,19.8,-9999,-9999,-9999,-9999,-9999,-9999,-9999,-9999,-9999,0.12644915282726288
"2025-06-18 18:17:45",19.5,19.5,19.8,19.8,19.9,19.8,20.2,20,19.8,19.7,19.8,-9999,-9999,-9999,-9999,-9999,-9999,-9999,-9999,-9999,0.12640073895454407
"2025-06-18 18:17:56",19.6,19.6,19.8,19.9,19.9,19.8,20.2,20,19.8,19.8,19.8,-9999,-9999,-9999,-9999,-9999,-9999,-9999,-9999,-9999,0.126344233751297
"2025-06-18 18:18:06",19.5,19.5,19.8,19.8,19.9,19.8,20.2,20,19.8,19.8,19.8,-9999,-9999,-9999,-9999,-9999,-9999,-9999,-9999,-9999,0.1262887418270111
"2025-06-18 18:18:16",19.6,19.6,19.8,19.9,19.9,19.8,20.2,20,19.8,19.8,19.8,-9999,-9999,-9999,-9999,-9999,-9999,-9999,-9999,-9999,0.12622837722301483
"2025-06-18 18:18:27",19.6,19.6,19.7,19.9,19.9,19.8,20.2,20,19.8,19.8,19.8,-9999,-9999,-9999,-9999,-9999,-9999,-9999,-9999,-9999,0.12617003917694092
"2025-06-18 18:18:37",19.5,19.5,19.8,19.8,19.9,19.8,20.2,20,19.8,19.8,19.7,-9999,-9999,-9999,-9999,-9999,-9999,-9999,-9999,-9999,0.1261271983385086
"2025-06-18 18:18:48",19.6,19.6,19.8,19.9,19.9,19.8,20.2,20,19.8,19.8,19.8,-9999,-9999,-9999,-9999,-9999,-9999,-9999,-9999,-9999,0.12608367204666138
"2025-06-18 18:18:58",19.6,19.6,19.8,19.8,19.9,19.8,20.2,20,19.8,19.8,19.8,-9999,-9999,-9999,-9999,-9999,-9999,-9999,-9999,-9999,0.12603828310966492
"2025-06-18 18:19:08",19.5,19.5,19.8,19.8,19.9,19.8,20.2,20,19.8,19.8,19.8,-9999,-9999,-9999,-9999,-9999,-9999,-9999,-9999,-9999,0.12597377598285675
"2025-06-18 18:19:19",19.6,19.6,19.8,19.9,19.9,19.8,20.2,20,19.8,19.8,19.8,-9999,-9999,-9999,-9999,-9999,-9999,-9999,-9999,-9999,0.12592488527297974
"2025-06-18 18:19:29",19.5,19.6,19.8,19.9,19.9,19.8,20.2,20,19.8,19.8,19.8,-9999,-9999,-9999,-9999,-9999,-9999,-9999,-9999,-9999,0.12588325142860413
"2025-06-18 18:19:39",19.6,19.6,19.8,19.9,19.9,19.8,20.2,20,19.8,19.8,19.8,-9999,-9999,-9999,-9999,-9999,-9999,-9999,-9999,-9999,0.12584547698497772
"2025-06-18 18:19:50",19.6,19.6,19.8,19.9,19.9,19.8,20.2,20,19.8,19.8,19.8,-9999,-9999,-9999,-9999,-9999,-9999,-9999,-9999,-9999,0.125804141163826
"2025-06-18 18:20:00",19.5,19.5,19.8,19.9,19.9,19.8,20.3,20,19.8,19.8,19.8,-9999,-9999,-9999,-9999,-9999,-9999,-9999,-9999,-9999,0.12574997544288635
"2025-06-18 18:20:11",19.6,19.6,19.8,19.9,19.9,19.8,20.3,20,19.8,19.8,19.8,-9999,-9999,-9999,-9999,-9999,-9999,-9999,-9999,-9999,0.12569640576839447
"2025-06-18 18:20:21",19.6,19.6,19.8,19.9,19.9,19.8,20.2,20,19.8,19.8,19.8,-9999,-9999,-9999,-9999,-9999,-9999,-9999,-9999,-9999,0.1256459802389145
"2025-06-18 18:20:31",19.6,19.6,19.8,19.9,19.9,19.8,20.3,20,19.8,19.8,19.8,-9999,-9999,-9999,-9999,-9999,-9999,-9999,-9999,-9999,0.12559936940670013
"2025-06-18 18:20:42",19.5,19.5,19.8,19.9,19.9,19.8,20.3,20,19.8,19.8,19.8,-9999,-9999,-9999,-9999,-9999,-9999,-9999,-9999,-9999,0.1255587786436081
"2025-06-18 18:20:52",19.6,19.6,19.8,19.9,19.9,19.8,20.3,20,19.8,19.8,19.8,-9999,-9999,-9999,-9999,-9999,-9999,-9999,-9999,-9999,0.12549801170825958
"2025-06-18 18:21:02",19.5,19.5,19.8,19.9,19.9,19.8,20.2,20,19.9,19.8,19.8,-9999,-9999,-9999,-9999,-9999,-9999,-9999,-9999,-9999,0.12545184791088104
"2025-06-18 18:21:13",19.6,19.6,19.8,19.9,19.9,19.8,20.3,20,19.8,19.8,19.8,-9999,-9999,-9999,-9999,-9999,-9999,-9999,-9999,-9999,0.12541306018829346
"2025-06-18 18:21:23",19.5,19.5,19.8,19.9,19.9,19.8,20.2,20,19.8,19.8,19.8,-9999,-9999,-9999,-9999,-9999,-9999,-9999,-9999,-9999,0.1253770887851715
"2025-06-18 18:21:34",19.6,19.6,19.8,19.9,19.9,19.8,20.3,20,19.8,19.8,19.8,-9999,-9999,-9999,-9999,-9999,-9999,-9999,-9999,-9999,0.12532371282577515
"2025-06-18 18:21:44",19.6,19.6,19.8,19.9,19.9,19.8,20.2,20,19.9,19.8,19.8,-9999,-9999,-9999,-9999,-9999,-9999,-9999,-9999,-9999,0.12527987360954285
"2025-06-18 18:21:54",19.5,19.6,19.8,19.9,19.9,19.8,20.2,20,19.8,19.8,19.8,-9999,-9999,-9999,-9999,-9999,-9999,-9999,-9999,-9999,0.12521739304065704
"2025-06-18 18:22:05",19.6,19.6,19.8,19.9,19.9,19.8,20.2,20,19.8,19.8,19.8,-9999,-9999,-9999,-9999,-9999,-9999,-9999,-9999,-9999,0.12518243491649628
"2025-06-18 18:22:15",19.6,19.6,19.8,19.9,19.9,19.8,20.2,20,19.9,19.8,19.8,-9999,-9999,-9999,-9999,-9999,-9999,-9999,-9999,-9999,0.12514039874076843
"2025-06-18 18:22:26",19.5,19.6,19.8,19.9,19.9,19.8,20.3,20,19.8,19.8,19.8,-9999,-9999,-9999,-9999,-9999,-9999,-9999,-9999,-9999,0.1250961571931839
"2025-06-18 18:22:36",19.6,19.6,19.8,19.8,19.9,19.8,20.2,20,19.8,19.8,19.8,-9999,-9999,-9999,-9999,-9999,-9999,-9999,-9999,-9999,0.12505382299423218
"2025-06-18 18:22:46",19.6,19.6,19.8,19.9,19.9,19.8,20.2,20,19.8,19.8,19.8,-9999,-9999,-9999,-9999,-9999,-9999,-9999,-9999,-9999,0.12500198185443878
"2025-06-18 18:22:57",19.6,19.6,19.8,19.9,19.9,19.8,20.2,20,19.9,19.8,19.8,-9999,-9999,-9999,-9999,-9999,-9999,-9999,-9999,-9999,0.1249731257557869
"2025-06-18 18:23:07",19.5,19.6,19.8,19.9,19.9,19.8,20.2,20,19.8,19.8,19.8,-9999,-9999,-9999,-9999,-9999,-9999,-9999,-9999,-9999,0.124932199716568
"2025-06-18 18:23:17",19.6,19.6,19.8,19.9,19.9,19.8,20.2,20,19.8,19.8,19.8,-9999,-9999,-9999,-9999,-9999,-9999,-9999,-9999,-9999,0.12488246709108353
"2025-06-18 18:23:28",19.6,19.6,19.8,19.9,19.9,19.8,20.2,20,19.8,19.8,19.8,-9999,-9999,-9999,-9999,-9999,-9999,-9999,-9999,-9999,0.12482900172472
"2025-06-18 18:23:38",19.6,19.6,19.8,19.9,19.9,19.8,20.2,20,19.8,19.8,19.8,-9999,-9999,-9999,-9999,-9999,-9999,-9999,-9999,-9999,0.12478567659854889
"2025-06-18 18:23:49",19.6,19.6,19.8,19.9,19.9,19.8,20.3,20,19.9,19.8,19.8,-9999,-9999,-9999,-9999,-9999,-9999,-9999,-9999,-9999,0.12475023418664932
"2025-06-18 18:23:59",19.5,19.5,19.8,19.9,19.9,19.8,20.2,20,19.8,19.8,19.8,-9999,-9999,-9999,-9999,-9999,-9999,-9999,-9999,-9999,0.12472601234912872
"2025-06-18 18:24:09",19.6,19.6,19.8,19.9,19.9,19.8,20.3,20,19.8,19.8,19.8,-9999,-9999,-9999,-9999,-9999,-9999,-9999,-9999,-9999,0.12467782199382782
"2025-06-18 18:24:20",19.6,19.6,19.8,19.9,19.9,19.8,20.2,20,19.8,19.8,19.7,-9999,-9999,-9999,-9999,-9999,-9999,-9999,-9999,-9999,0.1246323511004448
"2025-06-18 18:24:30",19.5,19.5,19.8,19.9,19.9,19.8,20.3,20,19.9,19.8,19.8,-9999,-9999,-9999,-9999,-9999,-9999,-9999,-9999,-9999,0.12457814812660217
"2025-06-18 18:24:40",19.6,19.6,19.8,19.9,19.9,19.8,20.2,20,19.8,19.8,19.8,-9999,-9999,-9999,-9999,-9999,-9999,-9999,-9999,-9999,0.12453776597976685
"2025-06-18 18:24:51",19.6,19.6,19.8,19.9,19.9,19.8,20.3,20,19.8,19.8,19.8,-9999,-9999,-9999,-9999,-9999,-9999,-9999,-9999,-9999,0.1244993805885315
"2025-06-18 18:25:01",19.6,19.6,19.8,19.9,19.9,19.8,20.2,20,19.9,19.8,19.8,-9999,-9999,-9999,-9999,-9999,-9999,-9999,-9999,-9999,0.12446755915880203
"2025-06-18 18:25:12",19.6,19.6,19.8,19.9,19.9,19.8,20.3,20,19.9,19.8,19.8,-9999,-9999,-9999,-9999,-9999,-9999,-9999,-9999,-9999,0.12443487346172333
"2025-06-18 18:25:22",19.5,19.5,19.8,19.9,19.9,19.8,20.3,20,19.8,19.8,19.8,-9999,-9999,-9999,-9999,-9999,-9999,-9999,-9999,-9999,0.12437907606363297
"2025-06-18 18:25:32",19.6,19.6,19.8,19.9,19.9,19.8,20.2,20,19.9,19.8,19.8,-9999,-9999,-9999,-9999,-9999,-9999,-9999,-9999,-9999,0.12434189021587372
"2025-06-18 18:25:43",19.6,19.6,19.8,19.9,19.9,19.8,20.2,20,19.8,19.8,19.8,-9999,-9999,-9999,-9999,-9999,-9999,-9999,-9999,-9999,0.12428954988718033
"2025-06-18 18:25:53",19.5,19.5,19.8,19.9,19.9,19.8,20.3,20,19.9,19.8,19.8,-9999,-9999,-9999,-9999,-9999,-9999,-9999,-9999,-9999,0.12424782663583755
"2025-06-18 18:26:04",19.6,19.6,19.8,19.9,19.9,19.8,20.3,20,19.9,19.8,19.8,-9999,-9999,-9999,-9999,-9999,-9999,-9999,-9999,-9999,0.12420425564050674
"2025-06-18 18:26:14",19.6,19.6,19.8,19.9,19.9,19.8,20.3,20,19.9,19.8,19.8,-9999,-9999,-9999,-9999,-9999,-9999,-9999,-9999,-9999,0.12417449057102203
"2025-06-18 18:26:24",19.6,19.6,19.8,19.9,19.9,19.8,20.3,20,19.9,19.8,19.8,-9999,-9999,-9999,-9999,-9999,-9999,-9999,-9999,-9999,0.12413996458053589
"2025-06-18 18:26:35",19.6,19.6,19.8,19.9,19.9,19.8,20.3,20,19.8,19.8,19.8,-9999,-9999,-9999,-9999,-9999,-9999,-9999,-9999,-9999,0.12410593032836914
"2025-06-18 18:26:45",19.6,19.6,19.8,19.9,19.9,19.8,20.2,20,19.9,19.8,19.8,-9999,-9999,-9999,-9999,-9999,-9999,-9999,-9999,-9999,0.12405620515346527
"2025-06-18 18:26:55",19.6,19.6,19.8,19.9,19.9,19.8,20.3,20.1,19.9,19.8,19.8,-9999,-9999,-9999,-9999,-9999,-9999,-9999,-9999,-9999,0.12402705103158951
"2025-06-18 18:27:06",19.6,19.6,19.8,19.9,19.9,19.8,20.3,20,19.9,19.8,19.8,-9999,-9999,-9999,-9999,-9999,-9999,-9999,-9999,-9999,0.12397823482751846
"2025-06-18 18:27:16",19.6,19.6,19.8,19.9,19.9,19.8,20.3,20,19.9,19.8,19.8,-9999,-9999,-9999,-9999,-9999,-9999,-9999,-9999,-9999,0.12394794821739197
"2025-06-18 18:27:27",19.6,19.6,19.8,19.9,19.9,19.8,20.3,20,19.9,19.8,19.8,-9999,-9999,-9999,-9999,-9999,-9999,-9999,-9999,-9999,0.12390389293432236
"2025-06-18 18:27:37",19.6,19.6,19.8,19.9,19.9,19.8,20.3,20,19.9,19.8,19.8,-9999,-9999,-9999,-9999,-9999,-9999,-9999,-9999,-9999,0.123872309923172
"2025-06-18 18:27:47",19.6,19.6,19.8,19.9,19.9,19.8,20.3,20,19.9,19.8,19.8,-9999,-9999,-9999,-9999,-9999,-9999,-9999,-9999,-9999,0.12383744865655899
"2025-06-18 18:27:58",19.6,19.6,19.8,19.9,19.9,19.8,20.3,20,19.9,19.8,19.8,-9999,-9999,-9999,-9999,-9999,-9999,-9999,-9999,-9999,0.12379299849271774
"2025-06-18 18:28:08",19.5,19.6,19.8,19.9,19.9,19.8,20.3,20,19.9,19.8,19.8,-9999,-9999,-9999,-9999,-9999,-9999,-9999,-9999,-9999,0.12376049906015396
"2025-06-18 18:28:18",19.5,19.6,19.8,19.9,19.9,19.8,20.3,20,19.9,19.8,19.8,-9999,-9999,-9999,-9999,-9999,-9999,-9999,-9999,-9999,0.12373051047325134
"2025-06-18 18:28:29",19.6,19.6,19.8,19.9,19.9,19.8,20.3,20.1,19.9,19.8,19.8,-9999,-9999,-9999,-9999,-9999,-9999,-9999,-9999,-9999,0.1237034723162651
"2025-06-18 18:28:39",19.6,19.6,19.8,19.9,19.9,19.8,20.3,20.1,19.9,19.8,19.8,-9999,-9999,-9999,-9999,-9999,-9999,-9999,-9999,-9999,0.1236550584435463
"2025-06-18 18:28:50",19.6,19.6,19.8,19.9,19.9,19.8,20.3,20,19.9,19.8,19.8,-9999,-9999,-9999,-9999,-9999,-9999,-9999,-9999,-9999,0.12360848486423492
"2025-06-18 18:29:00",19.6,19.6,19.8,19.9,19.9,19.8,20.3,20,19.9,19.8,19.8,-9999,-9999,-9999,-9999,-9999,-9999,-9999,-9999,-9999,0.12358865141868591
"2025-06-18 18:29:10",19.6,19.6,19.8,19.9,19.9,19.8,20.3,20,19.9,19.8,19.8,-9999,-9999,-9999,-9999,-9999,-9999,-9999,-9999,-9999,0.12354803085327148
"2025-06-18 18:29:21",19.6,19.6,19.9,19.9,19.9,19.8,20.3,20,19.9,19.8,19.8,-9999,-9999,-9999,-9999,-9999,-9999,-9999,-9999,-9999,0.12350792437791824
"2025-06-18 18:29:31",19.6,19.6,19.9,19.9,19.9,19.8,20.3,20,19.9,19.8,19.8,-9999,-9999,-9999,-9999,-9999,-9999,-9999,-9999,-9999,0.12347996234893799
"2025-06-18 18:29:42",19.6,19.6,19.8,19.9,19.9,19.8,20.3,20.1,19.9,19.8,19.8,-9999,-9999,-9999,-9999,-9999,-9999,-9999,-9999,-9999,0.12343471497297287
"2025-06-18 18:29:52",19.6,19.6,19.8,19.9,19.9,19.8,20.3,20.1,19.9,19.8,19.8,-9999,-9999,-9999,-9999,-9999,-9999,-9999,-9999,-9999,0.12339997291564941
"2025-06-18 18:30:02",19.6,19.6,19.8,19.9,19.9,19.8,20.3,20.1,19.9,19.8,19.8,-9999,-9999,-9999,-9999,-9999,-9999,-9999,-9999,-9999,0.12335328012704849
"2025-06-18 18:30:13",19.6,19.6,19.8,19.9,19.9,19.8,20.3,20,19.8,19.8,19.8,-9999,-9999,-9999,-9999,-9999,-9999,-9999,-9999,-9999,0.12332694232463837
"2025-06-18 18:30:23",19.6,19.6,19.8,19.9,19.9,19.8,20.3,20.1,19.9,19.8,19.8,-9999,-9999,-9999,-9999,-9999,-9999,-9999,-9999,-9999,0.12328684329986572
"2025-06-18 18:30:33",19.6,19.6,19.8,19.9,19.9,19.8,20.3,20,19.9,19.8,19.8,-9999,-9999,-9999,-9999,-9999,-9999,-9999,-9999,-9999,0.12324309349060059
"2025-06-18 18:30:44",19.6,19.6,19.8,19.9,19.9,19.8,20.3,20,19.9,19.8,19.8,-9999,-9999,-9999,-9999,-9999,-9999,-9999,-9999,-9999,0.12320878356695175
"2025-06-18 18:30:54",19.6,19.6,19.8,19.9,19.9,19.8,20.3,20.1,19.8,19.8,19.8,-9999,-9999,-9999,-9999,-9999,-9999,-9999,-9999,-9999,0.1231791079044342
"2025-06-18 18:31:05",19.6,19.6,19.8,19.9,19.9,19.8,20.3,20,19.9,19.8,19.8,-9999,-9999,-9999,-9999,-9999,-9999,-9999,-9999,-9999,0.1231369823217392
"2025-06-18 18:31:15",19.6,19.6,19.8,19.9,19.9,19.8,20.3,20,19.9,19.8,19.8,-9999,-9999,-9999,-9999,-9999,-9999,-9999,-9999,-9999,0.12310497462749481
"2025-06-18 18:31:25",19.6,19.6,19.8,19.9,19.9,19.8,20.3,20.1,19.9,19.8,19.8,-9999,-9999,-9999,-9999,-9999,-9999,-9999,-9999,-9999,0.12307002395391464
"2025-06-18 18:31:36",19.6,19.6,19.8,19.9,19.9,19.8,20.3,20,19.9,19.8,19.8,-9999,-9999,-9999,-9999,-9999,-9999,-9999,-9999,-9999,0.12303660064935684
"2025-06-18 18:31:46",19.6,19.6,19.8,19.9,19.9,19.8,20.3,20,19.9,19.8,19.8,-9999,-9999,-9999,-9999,-9999,-9999,-9999,-9999,-9999,0.12301311641931534
"2025-06-18 18:31:57",19.6,19.7,19.8,19.9,19.9,19.8,20.3,20,19.9,19.8,19.8,-9999,-9999,-9999,-9999,-9999,-9999,-9999,-9999,-9999,0.1229797899723053
"2025-06-18 18:32:07",19.5,19.6,19.8,19.9,19.9,19.8,20.3,20.1,19.9,19.8,19.8,-9999,-9999,-9999,-9999,-9999,-9999,-9999,-9999,-9999,0.12293656170368195
"2025-06-18 18:32:17",19.6,19.6,19.8,19.9,19.9,19.8,20.3,20.1,19.9,19.8,19.8,-9999,-9999,-9999,-9999,-9999,-9999,-9999,-9999,-9999,0.12290596216917038
"2025-06-18 18:32:28",19.7,19.6,19.8,19.9,19.9,19.8,20.3,20.1,19.9,19.8,19.8,-9999,-9999,-9999,-9999,-9999,-9999,-9999,-9999,-9999,0.12288560718297958
"2025-06-18 18:32:38",19.6,19.6,19.8,19.9,19.9,19.8,20.3,20,19.9,19.8,19.8,-9999,-9999,-9999,-9999,-9999,-9999,-9999,-9999,-9999,0.1228400468826294
"2025-06-18 18:32:48",19.6,19.6,19.8,19.9,19.9,19.8,20.3,20.1,19.9,19.8,19.8,-9999,-9999,-9999,-9999,-9999,-9999,-9999,-9999,-9999,0.1228085607290268
"2025-06-18 18:32:59",19.6,19.6,19.8,19.9,19.9,19.8,20.3,20,19.9,19.8,19.8,-9999,-9999,-9999,-9999,-9999,-9999,-9999,-9999,-9999,0.12277572602033615
"2025-06-18 18:33:09",19.5,19.5,19.8,19.9,19.9,19.8,20.3,20.1,19.9,19.8,19.8,-9999,-9999,-9999,-9999,-9999,-9999,-9999,-9999,-9999,0.1227416917681694
"2025-06-18 18:33:20",19.6,19.6,19.8,19.9,19.9,19.8,20.3,20.1,19.9,19.8,19.8,-9999,-9999,-9999,-9999,-9999,-9999,-9999,-9999,-9999,0.12271842360496521
"2025-06-18 18:33:30",19.6,19.6,19.8,19.9,19.9,19.8,20.3,20,19.9,19.8,19.8,-9999,-9999,-9999,-9999,-9999,-9999,-9999,-9999,-9999,0.12268579751253128
"2025-06-18 18:33:40",19.5,19.5,19.8,19.9,19.9,19.8,20.3,20,19.9,19.8,19.8,-9999,-9999,-9999,-9999,-9999,-9999,-9999,-9999,-9999,0.12265361100435257
"2025-06-18 18:33:51",19.6,19.6,19.8,19.9,19.9,19.8,20.3,20.1,19.9,19.8,19.8,-9999,-9999,-9999,-9999,-9999,-9999,-9999,-9999,-9999,0.12261886894702911
"2025-06-18 18:34:01",19.6,19.6,19.8,19.9,19.9,19.8,20.3,20.1,19.9,19.8,19.8,-9999,-9999,-9999,-9999,-9999,-9999,-9999,-9999,-9999,0.12258633971214294
"2025-06-18 18:34:12",19.6,19.6,19.8,19.9,19.9,19.8,20.3,20.1,19.9,19.8,19.8,-9999,-9999,-9999,-9999,-9999,-9999,-9999,-9999,-9999,0.12255335599184036
"2025-06-18 18:34:22",19.6,19.6,19.8,19.9,19.9,19.8,20.3,20.1,19.9,19.8,19.8,-9999,-9999,-9999,-9999,-9999,-9999,-9999,-9999,-9999,0.12252803146839142
"2025-06-18 18:34:32",19.6,19.6,19.8,19.9,19.9,19.8,20.3,20.1,19.9,19.8,19.8,-9999,-9999,-9999,-9999,-9999,-9999,-9999,-9999,-9999,0.12250076979398727
"2025-06-18 18:34:43",19.6,19.6,19.8,19.9,19.9,19.8,20.3,20,19.9,19.8,19.8,-9999,-9999,-9999,-9999,-9999,-9999,-9999,-9999,-9999,0.12246088683605194
"2025-06-18 18:34:53",19.6,19.6,19.8,19.9,19.9,19.8,20.3,20,19.9,19.8,19.8,-9999,-9999,-9999,-9999,-9999,-9999,-9999,-9999,-9999,0.12242583930492401
"2025-06-18 18:35:03",19.5,19.6,19.8,19.9,19.9,19.8,20.3,20,19.9,19.8,19.8,-9999,-9999,-9999,-9999,-9999,-9999,-9999,-9999,-9999,0.1224045604467392
"2025-06-18 18:35:14",19.5,19.6,19.8,19.9,19.9,19.8,20.3,20,19.9,19.8,19.8,-9999,-9999,-9999,-9999,-9999,-9999,-9999,-9999,-9999,0.12237843871116638
"2025-06-18 18:35:24",19.6,19.6,19.8,19.9,19.9,19.8,20.3,20,19.9,19.8,19.8,-9999,-9999,-9999,-9999,-9999,-9999,-9999,-9999,-9999,0.12234300374984741
"2025-06-18 18:35:35",19.6,19.6,19.8,19.9,19.9,19.9,20.3,20,19.9,19.8,19.8,-9999,-9999,-9999,-9999,-9999,-9999,-9999,-9999,-9999,0.1223130151629448
"2025-06-18 18:35:45",19.6,19.5,19.8,19.9,19.9,19.8,20.3,20.1,19.9,19.8,19.8,-9999,-9999,-9999,-9999,-9999,-9999,-9999,-9999,-9999,0.12228161841630936
"2025-06-18 18:35:55",19.6,19.6,19.8,19.9,20,19.8,20.3,20.1,19.9,19.8,19.8,-9999,-9999,-9999,-9999,-9999,-9999,-9999,-9999,-9999,0.12225053459405899
"2025-06-18 18:36:06",19.6,19.6,19.8,19.9,19.9,19.8,20.3,20.1,19.9,19.8,19.8,-9999,-9999,-9999,-9999,-9999,-9999,-9999,-9999,-9999,0.12220577150583267
"2025-06-18 18:36:16",19.6,19.6,19.8,19.9,19.9,19.9,20.3,20.1,19.9,19.8,19.8,-9999,-9999,-9999,-9999,-9999,-9999,-9999,-9999,-9999,0.12218066304922104
"2025-06-18 18:36:26",19.6,19.6,19.8,19.9,19.9,19.8,20.3,20.1,19.9,19.8,19.8,-9999,-9999,-9999,-9999,-9999,-9999,-9999,-9999,-9999,0.12215867638587952
"2025-06-18 18:36:37",19.6,19.6,19.8,19.9,19.9,19.8,20.3,20.1,19.9,19.8,19.8,-9999,-9999,-9999,-9999,-9999,-9999,-9999,-9999,-9999,0.12212850898504257
"2025-06-18 18:36:47",19.6,19.6,19.8,19.9,19.9,19.8,20.3,20.1,19.9,19.8,19.8,-9999,-9999,-9999,-9999,-9999,-9999,-9999,-9999,-9999,0.12209935486316681
"2025-06-18 18:36:58",19.6,19.6,19.8,19.9,19.9,19.8,20.3,20.1,19.9,19.8,19.8,-9999,-9999,-9999,-9999,-9999,-9999,-9999,-9999,-9999,0.12208151072263718
"2025-06-18 18:37:08",19.6,19.6,19.8,19.9,19.9,19.8,20.3,20.1,19.9,19.8,19.8,-9999,-9999,-9999,-9999,-9999,-9999,-9999,-9999,-9999,0.12205468118190765
"2025-06-18 18:37:18",19.6,19.7,19.8,19.9,19.9,19.9,20.3,20.1,19.9,19.8,19.8,-9999,-9999,-9999,-9999,-9999,-9999,-9999,-9999,-9999,0.12201620638370514
"2025-06-18 18:37:29",19.6,19.6,19.9,19.9,19.9,19.9,20.3,20.1,19.9,19.8,19.8,-9999,-9999,-9999,-9999,-9999,-9999,-9999,-9999,-9999,0.1219809427857399
"2025-06-18 18:37:39",19.6,19.6,19.8,19.9,19.9,19.9,20.3,20.1,19.9,19.8,19.8,-9999,-9999,-9999,-9999,-9999,-9999,-9999,-9999,-9999,0.1219513937830925
"2025-06-18 18:37:50",19.7,19.7,19.9,19.9,19.9,19.9,20.3,20.1,19.9,19.8,19.8,-9999,-9999,-9999,-9999,-9999,-9999,-9999,-9999,-9999,0.12191876769065857
"2025-06-18 18:38:00",19.6,19.6,19.9,19.9,19.9,19.9,20.3,20.1,19.9,19.8,19.8,-9999,-9999,-9999,-9999,-9999,-9999,-9999,-9999,-9999,0.12190034240484238
"2025-06-18 18:38:10",19.6,19.6,19.8,19.9,19.9,19.8,20.3,20.1,19.9,19.8,19.8,-9999,-9999,-9999,-9999,-9999,-9999,-9999,-9999,-9999,0.12186986953020096
"2025-06-18 18:38:21",19.6,19.7,19.8,19.9,19.9,19.8,20.3,20.1,19.9,19.8,19.8,-9999,-9999,-9999,-9999,-9999,-9999,-9999,-9999,-9999,0.1218479797244072
"2025-06-18 18:38:31",19.6,19.6,19.9,19.9,19.9,19.9,20.3,20.1,19.9,19.8,19.8,-9999,-9999,-9999,-9999,-9999,-9999,-9999,-9999,-9999,0.12181253731250763
"2025-06-18 18:38:41",19.6,19.6,19.8,19.9,20,19.9,20.3,20.1,19.9,19.8,19.8,-9999,-9999,-9999,-9999,-9999,-9999,-9999,-9999,-9999,0.12179463356733322
"2025-06-18 18:38:52",19.6,19.6,19.8,19.9,19.9,19.9,20.3,20.1,19.9,19.8,19.8,-9999,-9999,-9999,-9999,-9999,-9999,-9999,-9999,-9999,0.12176323682069778
"2025-06-18 18:39:02",19.6,19.6,19.9,19.9,19.9,19.9,20.3,20.1,19.9,19.8,19.8,-9999,-9999,-9999,-9999,-9999,-9999,-9999,-9999,-9999,0.12173334509134293
"2025-06-18 18:39:13",19.6,19.6,19.9,19.9,19.9,19.8,20.3,20.1,19.9,19.8,19.8,-9999,-9999,-9999,-9999,-9999,-9999,-9999,-9999,-9999,0.12168404459953308
"2025-06-18 18:39:23",19.5,19.5,19.8,19.9,19.9,19.8,20.3,20,19.8,19.8,19.7,-9999,-9999,-9999,-9999,-9999,-9999,-9999,-9999,-9999,0.12162833660840988
"2025-06-18 18:39:33",19.6,19.6,19.8,19.9,19.9,19.8,20.3,20,19.8,19.8,19.7,-9999,-9999,-9999,-9999,-9999,-9999,-9999,-9999,-9999,0.1215660348534584
"2025-06-18 18:39:44",19.5,19.5,19.8,19.8,19.9,19.8,20.2,20,19.8,19.7,19.7,-9999,-9999,-9999,-9999,-9999,-9999,-9999,-9999,-9999,0.12151814252138138
"2025-06-18 18:39:54",19.5,19.5,19.8,19.8,19.9,19.8,20.2,20,19.8,19.7,19.6,-9999,-9999,-9999,-9999,-9999,-9999,-9999,-9999,-9999,0.12146225571632385
"2025-06-18 18:40:05",19.5,19.5,19.7,19.8,19.9,19.8,20.2,20,19.8,19.7,19.6,-9999,-9999,-9999,-9999,-9999,-9999,-9999,-9999,-9999,0.12142374366521835
"2025-06-18 18:40:15",19.5,19.5,19.7,19.7,19.8,19.7,20.2,19.9,19.7,19.7,19.6,-9999,-9999,-9999,-9999,-9999,-9999,-9999,-9999,-9999,0.1214120015501976
"2025-06-18 18:40:25",19.5,19.5,19.7,19.7,19.8,19.7,20.2,19.9,19.7,19.6,19.5,-9999,-9999,-9999,-9999,-9999,-9999,-9999,-9999,-9999,0.12138284742832184
"2025-06-18 18:40:36",19.5,19.5,19.8,19.7,19.8,19.7,20.1,19.9,19.7,19.6,19.5,-9999,-9999,-9999,-9999,-9999,-9999,-9999,-9999,-9999,0.1213633194565773
"2025-06-18 18:40:46",19.5,19.5,19.8,19.7,19.8,19.7,20.1,19.9,19.7,19.6,19.5,-9999,-9999,-9999,-9999,-9999,-9999,-9999,-9999,-9999,-0.00002819287146849092
"2025-06-18 18:40:56",19.5,19.5,19.8,19.7,19.8,19.7,20.1,19.8,19.7,19.6,19.5,-9999,-9999,-9999,-9999,-9999,-9999,-9999,-9999,-9999,-0.000028303187718847767
"2025-06-18 18:41:07",19.6,19.6,19.8,19.7,19.8,19.7,20.1,19.8,19.7,19.6,19.5,-9999,-9999,-9999,-9999,-9999,-9999,-9999,-9999,-9999,-0.00002828356264217291
"2025-06-18 18:41:17",19.6,19.5,19.8,19.8,19.8,19.7,20.1,19.8,19.7,19.6,19.5,-9999,-9999,-9999,-9999,-9999,-9999,-9999,-9999,-9999,-0.000028319920602370985
"2025-06-19 14:28:12",29.2,29.2,29.4,29.4,29.3,29.3,29.3,28.9,28.9,29.1,28.9,-9999,-9999,-9999,-9999,-9999,-9999,-9999,-9999,-9999,-0.000028355660106171854
"2025-06-19 14:30:38",29.2,29.2,29.4,29.4,29.4,29.3,29.3,28.9,29,29,28.9,-9999,-9999,-9999,-9999,-9999,-9999,-9999,-9999,-9999,-0.00002821043017320335
"2025-06-19 14:30:48",29.2,29.2,29.4,29.3,29.4,29.3,29.3,28.9,28.9,29.1,28.9,-9999,-9999,-9999,-9999,-9999,-9999,-9999,-9999,-9999,-0.000028223857952980325
"2025-06-19 14:30:59",29.2,29.2,29.3,29.4,29.4,29.3,29.3,28.9,28.9,29.1,28.9,-9999,-9999,-9999,-9999,-9999,-9999,-9999,-9999,-9999,-0.000028222826585988514
"2025-06-19 14:31:09",29.2,29.2,29.3,29.4,29.3,29.3,29.3,28.9,29,29.1,28.9,-9999,-9999,-9999,-9999,-9999,-9999,-9999,-9999,-9999,-0.000028259391910978593
"2025-06-19 14:31:20",29.2,29.2,29.4,29.4,29.4,29.3,29.3,28.9,29,29,28.9,-9999,-9999,-9999,-9999,-9999,-9999,-9999,-9999,-9999,-0.000028255259167053737
"2025-06-19 14:31:30",29.2,29.2,29.4,29.4,29.4,29.3,29.3,28.9,28.9,29.1,28.9,-9999,-9999,-9999,-9999,-9999,-9999,-9999,-9999,-9999,-0.000028252987249288708
"2025-06-19 14:31:40",29.2,29.2,29.4,29.4,29.4,29.3,29.3,28.9,28.9,29.1,28.9,-9999,-9999,-9999,-9999,-9999,-9999,-9999,-9999,-9999,-0.000028223652407177724
"2025-06-19 14:31:51",29.2,29.2,29.3,29.3,29.3,29.3,29.3,28.9,29,29,28.9,-9999,-9999,-9999,-9999,-9999,-9999,-9999,-9999,-9999,-0.000028212909455760382
"2025-06-19 14:32:01",29.2,29.1,29.2,29.3,29.4,29.3,29.3,28.9,28.9,29.1,28.9,-9999,-9999,-9999,-9999,-9999,-9999,-9999,-9999,-9999,-0.000028222411856404506
"2025-06-19 14:32:12",29.1,29.1,29.2,29.2,29.3,29.3,29.3,28.9,28.9,29,28.8,-9999,-9999,-9999,-9999,-9999,-9999,-9999,-9999,-9999,-0.000028217455110279843
"2025-06-19 14:32:22",29.1,29.1,29.2,29.2,29.3,29.3,29.3,28.9,28.9,29,28.8,-9999,-9999,-9999,-9999,-9999,-9999,-9999,-9999,-9999,-0.000028239559469511732
"2025-06-19 14:32:32",29.1,29.1,29.2,29.2,29.3,29.2,29.3,28.9,28.9,29,28.9,-9999,-9999,-9999,-9999,-9999,-9999,-9999,-9999,-9999,-0.000028233980629011057
"2025-06-19 14:32:43",29.1,29.1,29.2,29.1,29.3,29.2,29.3,28.9,28.9,29,28.9,-9999,-9999,-9999,-9999,-9999,-9999,-9999,-9999,-9999,-0.000028258771635591984
"2025-06-19 14:32:53",29.1,29.1,29.2,29.2,29.3,29.2,29.3,28.9,28.9,29,28.9,-9999,-9999,-9999,-9999,-9999,-9999,-9999,-9999,-9999,-0.00002830277480825316
"2025-06-19 14:33:03",29.1,29.1,29.2,29.2,29.3,29.2,29.3,28.9,28.9,29.1,29,-9999,-9999,-9999,-9999,-9999,-9999,-9999,-9999,-9999,-0.000028344504244159907
"2025-06-19 14:33:14",29.2,29.2,29.1,29.2,29.3,29.2,29.3,29,29,29.1,29,-9999,-9999,-9999,-9999,-9999,-9999,-9999,-9999,-9999,-0.000028277983801672235
"2025-06-19 14:33:24",29.2,29.2,29.2,29.2,29.3,29.2,29.3,29,29,29.1,29.1,-9999,-9999,-9999,-9999,-9999,-9999,-9999,-9999,-9999,-0.000028236047000973485
"2025-06-19 14:33:35",29.2,29.2,29.2,29.2,29.3,29.2,29.3,29,29,29.1,29.1,-9999,-9999,-9999,-9999,-9999,-9999,-9999,-9999,-9999,-0.00002835380109900143
"2025-06-19 14:33:45",29.3,29.3,29.2,29.2,29.4,29.3,29.3,29,29,29.1,29.2,-9999,-9999,-9999,-9999,-9999,-9999,-9999,-9999,-9999,-0.0000283209537883522
"2025-06-19 14:33:55",29.3,29.3,29.2,29.3,29.4,29.3,29.3,29,29.1,29.2,29.2,-9999,-9999,-9999,-9999,-9999,-9999,-9999,-9999,-9999,-0.000028246169677004218
"2025-06-19 14:34:06",29.3,29.3,29.2,29.3,29.4,29.3,29.3,29.1,29.1,29.2,29.3,-9999,-9999,-9999,-9999,-9999,-9999,-9999,-9999,-9999,-0.000028309179469943047
"2025-06-19 14:34:16",29.4,29.3,29.3,29.3,29.4,29.3,29.4,29.1,29.1,29.2,29.3,-9999,-9999,-9999,-9999,-9999,-9999,-9999,-9999,-9999,-0.000028342439691186883
"2025-06-19 14:34:27",29.4,29.4,29.3,29.4,29.4,29.3,29.4,29.1,29.1,29.3,29.3,-9999,-9999,-9999,-9999,-9999,-9999,-9999,-9999,-9999,-0.00002824245166266337
"2025-06-19 14:34:37",29.4,29.4,29.3,29.4,29.4,29.3,29.4,29.2,29.2,29.3,29.4,-9999,-9999,-9999,-9999,-9999,-9999,-9999,-9999,-9999,-0.000028310625566518866
"2025-06-19 14:34:47",29.5,29.4,29.3,29.5,29.5,29.4,29.4,29.2,29.2,29.3,29.4,-9999,-9999,-9999,-9999,-9999,-9999,-9999,-9999,-9999,-0.00002833087091858033
"2025-06-19 14:34:58",29.5,29.5,29.4,29.5,29.5,29.4,29.5,29.3,29.3,29.3,29.5,-9999,-9999,-9999,-9999,-9999,-9999,-9999,-9999,-9999,-0.000028260217732167803
"2025-06-19 14:35:11",29.5,29.5,29.4,29.5,29.5,29.4,29.5,29.3,29.3,29.4,29.5,-9999,-9999,-9999,-9999,-9999,-9999,-9999,-9999,-9999,-0.000028253400159883313
"2025-06-19 14:35:22",29.6,29.5,29.4,29.6,29.6,29.5,29.5,29.3,29.3,29.4,29.5,-9999,-9999,-9999,-9999,-9999,-9999,-9999,-9999,-9999,-0.000028260630642762408
"2025-06-19 14:35:32",29.6,29.6,29.5,29.6,29.6,29.5,29.5,29.4,29.3,29.4,29.5,-9999,-9999,-9999,-9999,-9999,-9999,-9999,-9999,-9999,-0.000028343472877168097
"2025-06-19 14:35:42",29.6,29.6,29.5,29.6,29.6,29.5,29.6,29.4,29.4,29.5,29.6,-9999,-9999,-9999,-9999,-9999,-9999,-9999,-9999,-9999,-0.000028295336960582063
"2025-06-19 14:35:53",29.7,29.7,29.5,29.6,29.6,29.6,29.6,29.4,29.4,29.5,29.6,-9999,-9999,-9999,-9999,-9999,-9999,-9999,-9999,-9999,-0.000028225304049556144
"2025-06-19 14:36:03",29.7,29.7,29.6,29.7,29.7,29.6,29.6,29.5,29.5,29.5,29.6,-9999,-9999,-9999,-9999,-9999,-9999,-9999,-9999,-9999,-0.00002833231701515615
"2025-06-19 14:36:14",29.7,29.7,29.6,29.7,29.7,29.6,29.7,29.5,29.5,29.5,29.7,-9999,-9999,-9999,-9999,-9999,-9999,-9999,-9999,-9999,-0.000028287488021305762
"2025-06-19 14:36:24",29.8,29.7,29.6,29.8,29.7,29.6,29.7,29.6,29.5,29.6,29.7,-9999,-9999,-9999,-9999,-9999,-9999,-9999,-9999,-9999,-0.000028233567718416452
"2025-06-19 14:36:34",29.9,29.8,29.6,29.8,29.8,29.7,29.7,29.6,29.5,29.6,29.8,-9999,-9999,-9999,-9999,-9999,-9999,-9999,-9999,-9999,-0.000028324258892098442
"2025-06-19 14:36:45",29.8,29.8,29.7,29.8,29.8,29.7,29.8,29.6,29.6,29.7,29.8,-9999,-9999,-9999,-9999,-9999,-9999,-9999,-9999,-9999,-0.000028286247470532544
"2025-06-19 14:36:55",29.9,29.8,29.7,29.9,29.8,29.7,29.8,29.7,29.6,29.7,29.8,-9999,-9999,-9999,-9999,-9999,-9999,-9999,-9999,-9999,-0.000028293065042817034
"2025-06-19 14:37:05",29.9,29.9,29.8,29.9,29.9,29.8,29.8,29.7,29.6,29.7,29.9,-9999,-9999,-9999,-9999,-9999,-9999,-9999,-9999,-9999,-0.00002838251748471521
"2025-06-19 14:37:16",30,29.9,29.8,29.9,29.9,29.8,29.9,29.7,29.7,29.8,29.9,-9999,-9999,-9999,-9999,-9999,-9999,-9999,-9999,-9999,-0.00002828356264217291
"2025-06-19 14:37:26",30,29.9,29.8,30,30,29.8,29.9,29.8,29.7,29.8,29.9,-9999,-9999,-9999,-9999,-9999,-9999,-9999,-9999,-9999,-0.000028271166229387745
"2025-06-19 14:37:37",30,30,29.9,30,30,29.9,29.9,29.8,29.7,29.8,29.9,-9999,-9999,-9999,-9999,-9999,-9999,-9999,-9999,-9999,-0.000028336655304883607
"2025-06-19 14:37:47",30.1,30,29.9,30,30,29.9,30,29.8,29.8,29.8,30,-9999,-9999,-9999,-9999,-9999,-9999,-9999,-9999,-9999,-0.000028296990421949886
"2025-06-19 14:37:57",30.1,30,29.9,30,30,29.9,30,29.9,29.8,29.9,30,-9999,-9999,-9999,-9999,-9999,-9999,-9999,-9999,-9999,-0.00002825567207764834
"2025-06-19 14:38:08",30.1,30.1,30,30.1,30,30,30,29.9,29.9,29.9,30,-9999,-9999,-9999,-9999,-9999,-9999,-9999,-9999,-9999,-0.000028322399884928018
"2025-06-19 14:38:18",30.2,30.1,30,30.1,30.1,30,30.1,30,29.9,29.9,30.1,-9999,-9999,-9999,-9999,-9999,-9999,-9999,-9999,-9999,-0.000028277778255869634
"2025-06-19 14:38:29",30.2,30.1,30,30.2,30.1,30,30.1,30,29.9,30,30.1,-9999,-9999,-9999,-9999,-9999,-9999,-9999,-9999,-9999,-0.000028285421649343334
"2025-06-19 14:38:39",30.2,30.2,30,30.2,30.1,30.1,30.1,30,30,30,30.1,-9999,-9999,-9999,-9999,-9999,-9999,-9999,-9999,-9999,-0.000028288313842494972
"2025-06-19 14:38:49",30.3,30.2,30.1,30.2,30.2,30.1,30.2,30.1,30,30,30.2,-9999,-9999,-9999,-9999,-9999,-9999,-9999,-9999,-9999,-0.00002826992749760393
"2025-06-19 14:39:00",30.3,30.2,30.1,30.3,30.2,30.1,30.2,30.1,30,30.1,30.2,-9999,-9999,-9999,-9999,-9999,-9999,-9999,-9999,-9999,-0.000028345744794933125
"2025-06-19 14:39:10",30.3,30.3,30.1,30.3,30.3,30.2,30.3,30.2,30.1,30.1,30.2,-9999,-9999,-9999,-9999,-9999,-9999,-9999,-9999,-9999,-0.00002824864895956125
"2025-06-19 14:39:20",30.3,30.3,30.2,30.3,30.3,30.2,30.3,30.2,30.1,30.1,30.2,-9999,-9999,-9999,-9999,-9999,-9999,-9999,-9999,-9999,-0.000028336447940091603
"2025-06-19 14:39:31",30.4,30.3,30.2,30.4,30.3,30.2,30.3,30.2,30.1,30.1,30.3,-9999,-9999,-9999,-9999,-9999,-9999,-9999,-9999,-9999,-0.000028251748517504893
"2025-06-19 14:39:41",30.4,30.3,30.2,30.4,30.3,30.2,30.3,30.2,30.2,30.2,30.3,-9999,-9999,-9999,-9999,-9999,-9999,-9999,-9999,-9999,-0.000028343058147584088
"2025-06-19 14:39:52",30.3,30.2,30.1,30.4,30.4,30.3,30.4,30.3,30.2,30.2,30.3,-9999,-9999,-9999,-9999,-9999,-9999,-9999,-9999,-9999,-0.000028246169677004218
"2025-06-19 14:40:02",30.1,30,30,30.3,30.3,30.3,30.4,30.2,30.1,30.2,30.3,-9999,-9999,-9999,-9999,-9999,-9999,-9999,-9999,-9999,-0.000028335001843515784
"2025-06-19 14:40:12",29.9,29.9,29.8,30.1,30.3,30.2,30.3,30.2,30.1,30.1,30.2,-9999,-9999,-9999,-9999,-9999,-9999,-9999,-9999,-9999,-0.000028253813070477918
"2025-06-19 14:40:23",29.7,29.6,29.7,29.9,30.2,30.2,30.2,30.1,30,30.1,30.1,-9999,-9999,-9999,-9999,-9999,-9999,-9999,-9999,-9999,-0.000028287693567108363
"2025-06-19 14:40:33",29.6,29.5,29.5,29.7,30.1,30.1,30.1,30,29.9,30,30,-9999,-9999,-9999,-9999,-9999,-9999,-9999,-9999,-9999,-0.000028301741622271948
"2025-06-19 14:40:43",29.4,29.4,29.4,29.5,30,30,30,29.9,29.8,29.9,29.8,-9999,-9999,-9999,-9999,-9999,-9999,-9999,-9999,-9999,-0.00002828438846336212
"2025-06-19 14:40:54",29.4,29.3,29.3,29.4,29.9,29.8,29.9,29.8,29.6,29.8,29.7,-9999,-9999,-9999,-9999,-9999,-9999,-9999,-9999,-9999,-0.000028351942091831006
"2025-06-19 14:41:04",29.2,29.2,29.2,29.2,29.7,29.7,29.8,29.7,29.5,29.7,29.6,-9999,-9999,-9999,-9999,-9999,-9999,-9999,-9999,-9999,-0.00002824410330504179
"2025-06-19 14:41:15",29.1,29.1,29,29.1,29.7,29.6,29.7,29.6,29.4,29.6,29.5,-9999,-9999,-9999,-9999,-9999,-9999,-9999,-9999,-9999,-0.00002833996040862985
"2025-06-19 14:41:25",29,29,28.9,29,29.5,29.5,29.6,29.5,29.4,29.5,29.4,-9999,-9999,-9999,-9999,-9999,-9999,-9999,-9999,-9999,-0.000028258151360205375
"2025-06-19 14:41:35",28.9,28.8,28.8,28.9,29.5,29.4,29.5,29.3,29.2,29.4,29.3,-9999,-9999,-9999,-9999,-9999,-9999,-9999,-9999,-9999,-0.000028300088160904124
"2025-06-19 14:41:46",28.7,28.7,28.6,28.7,29.3,29.3,29.4,29.2,29.1,29.3,29.1,-9999,-9999,-9999,-9999,-9999,-9999,-9999,-9999,-9999,-0.000028304633815423585
"2025-06-19 14:41:56",28.5,28.5,28.4,28.6,29.2,29.2,29.3,29.1,29,29.2,29,-9999,-9999,-9999,-9999,-9999,-9999,-9999,-9999,-9999,-0.000028297195967752486
"2025-06-19 14:42:07",28.4,28.3,28.3,28.3,29.1,29,29.1,29,28.9,29.1,28.9,-9999,-9999,-9999,-9999,-9999,-9999,-9999,-9999,-9999,-0.000028314963856246322
"2025-06-19 14:42:17",28.1,28.1,28.1,28.1,28.9,28.9,29,28.8,28.7,28.9,28.7,-9999,-9999,-9999,-9999,-9999,-9999,-9999,-9999,-9999,-0.000028280050173634663
"2025-06-19 14:42:27",27.9,27.9,27.8,27.9,28.8,28.7,28.9,28.7,28.5,28.8,28.5,-9999,-9999,-9999,-9999,-9999,-9999,-9999,-9999,-9999,-0.000028308972105151042
"2025-06-19 14:42:38",27.7,27.7,27.7,27.7,28.6,28.5,28.7,28.5,28.4,28.6,28.4,-9999,-9999,-9999,-9999,-9999,-9999,-9999,-9999,-9999,-0.00002827984280884266
"2025-06-19 14:42:48",27.5,27.4,27.4,27.5,28.4,28.4,28.5,28.3,28.2,28.4,28.2,-9999,-9999,-9999,-9999,-9999,-9999,-9999,-9999,-9999,-0.000028313723305473104
"2025-06-19 14:42:58",27.2,27.2,27.2,27.2,28.2,28.1,28.3,28.1,28,28.2,28,-9999,-9999,-9999,-9999,-9999,-9999,-9999,-9999,-9999,-0.00002830959238053765
"2025-06-19 14:43:09",26.9,26.9,26.9,27,28,27.9,28.1,27.9,27.8,28,27.7,-9999,-9999,-9999,-9999,-9999,-9999,-9999,-9999,-9999,-0.000028306079911999404
"2025-06-19 14:43:19",26.6,26.6,26.6,26.7,27.7,27.7,27.9,27.6,27.5,27.8,27.5,-9999,-9999,-9999,-9999,-9999,-9999,-9999,-9999,-9999,-0.000028318474505795166
"2025-06-19 14:43:30",26.2,26.2,26.2,26.3,27.5,27.5,27.7,27.4,27.3,27.6,27.2,-9999,-9999,-9999,-9999,-9999,-9999,-9999,-9999,-9999,-0.00002825773844961077
"2025-06-19 14:43:40",25.8,25.8,25.9,25.9,27.2,27.2,27.4,27.1,27,27.3,26.9,-9999,-9999,-9999,-9999,-9999,-9999,-9999,-9999,-9999,-0.000028320540877757594
"2025-06-19 14:43:50",25.4,25.4,25.5,25.5,26.9,26.9,27.1,26.8,26.6,27.1,26.5,-9999,-9999,-9999,-9999,-9999,-9999,-9999,-9999,-9999,-0.0000282523669739021
"2025-06-19 14:44:01",25,25,25,25.1,26.6,26.6,26.8,26.5,26.3,26.7,26.2,-9999,-9999,-9999,-9999,-9999,-9999,-9999,-9999,-9999,-0.000028341199140413664
"2025-06-19 14:44:11",24.5,24.5,24.6,24.6,26.2,26.2,26.4,26.2,25.9,26.4,25.8,-9999,-9999,-9999,-9999,-9999,-9999,-9999,-9999,-9999,-0.000028270134862395935
"2025-06-19 14:44:21",24.1,24.1,24.2,24.2,25.8,25.8,26.1,25.8,25.6,26.1,25.5,-9999,-9999,-9999,-9999,-9999,-9999,-9999,-9999,-9999,-0.00002833396865753457
"2025-06-19 14:44:32",23.6,23.7,23.8,23.7,25.5,25.4,25.7,25.4,25.2,25.7,25.1,-9999,-9999,-9999,-9999,-9999,-9999,-9999,-9999,-9999,-0.000028248236048966646
"2025-06-19 14:44:42",23.2,23.3,23.4,23.3,25.1,25,25.3,25,24.8,25.3,24.7,-9999,-9999,-9999,-9999,-9999,-9999,-9999,-9999,-9999,-0.000028336655304883607
"2025-06-19 14:44:53",22.9,22.9,22.9,22.9,24.7,24.7,24.9,24.6,24.4,25,24.3,-9999,-9999,-9999,-9999,-9999,-9999,-9999,-9999,-9999,-0.000028277778255869634
"2025-06-19 14:45:03",22.5,22.5,22.6,22.4,24.3,24.3,24.6,24.2,24.1,24.6,23.8,-9999,-9999,-9999,-9999,-9999,-9999,-9999,-9999,-9999,-0.000028268068490433507
"2025-06-19 14:45:13",22.1,22.2,22.2,22.1,23.9,23.9,24.2,23.9,23.7,24.2,23.5,-9999,-9999,-9999,-9999,-9999,-9999,-9999,-9999,-9999,-0.000028330043278401718
"2025-06-19 14:45:24",21.7,21.7,21.9,21.6,23.5,23.5,23.8,23.5,23.3,23.8,23.1,-9999,-9999,-9999,-9999,-9999,-9999,-9999,-9999,-9999,-0.000028275504519115202
"2025-06-19 14:45:34",21.4,21.5,21.5,21.3,23.2,23.1,23.5,23.1,23,23.4,22.7,-9999,-9999,-9999,-9999,-9999,-9999,-9999,-9999,-9999,-0.000028241211111890152
"2025-06-19 14:45:44",21.1,21.1,21.2,21,22.8,22.7,23.1,22.7,22.6,23.1,22.4,-9999,-9999,-9999,-9999,-9999,-9999,-9999,-9999,-9999,-0.000028249682145542465
"2025-06-19 14:45:55",20.8,20.8,20.9,20.7,22.5,22.4,22.7,22.4,22.3,22.7,22,-9999,-9999,-9999,-9999,-9999,-9999,-9999,-9999,-9999,-0.000028273852876736782
"2025-06-19 14:46:05",20.5,20.6,20.6,20.4,22.1,22,22.4,22,21.9,22.4,21.7,-9999,-9999,-9999,-9999,-9999,-9999,-9999,-9999,-9999,-0.00002828500873874873
"2025-06-19 14:46:16",20.2,20.2,20.4,20.1,21.8,21.7,22,21.7,21.6,22,21.4,-9999,-9999,-9999,-9999,-9999,-9999,-9999,-9999,-9999,-0.000028265589207876474
"2025-06-19 14:46:26",19.9,20,20.1,19.8,21.5,21.4,21.7,21.3,21.3,21.7,21.1,-9999,-9999,-9999,-9999,-9999,-9999,-9999,-9999,-9999,-0.000028294924049987458
"2025-06-19 14:46:36",19.7,19.7,19.8,19.6,21.2,21.1,21.4,21.1,21,21.4,20.8,-9999,-9999,-9999,-9999,-9999,-9999,-9999,-9999,-9999,-0.000028323640435701236
"2025-06-19 14:46:47",19.4,19.5,19.6,19.3,20.9,20.8,21.2,20.8,20.7,21.1,20.5,-9999,-9999,-9999,-9999,-9999,-9999,-9999,-9999,-9999,-0.00002831186429830268
"2025-06-19 14:46:57",19.2,19.3,19.4,19.1,20.7,20.5,20.9,20.5,20.5,20.8,20.3,-9999,-9999,-9999,-9999,-9999,-9999,-9999,-9999,-9999,-0.00002829430377460085
"2025-06-19 14:47:07",19,19,19.2,18.9,20.4,20.3,20.6,20.3,20.2,20.6,20,-9999,-9999,-9999,-9999,-9999,-9999,-9999,-9999,-9999,-0.000028276332159293815
"2025-06-19 14:47:18",18.9,18.9,19,18.8,20.2,20,20.4,20,20,20.3,19.8,-9999,-9999,-9999,-9999,-9999,-9999,-9999,-9999,-9999,-0.000028294924049987458
"2025-06-19 14:47:28",18.7,18.8,18.9,18.6,20,19.8,20.1,19.8,19.8,20.1,19.6,-9999,-9999,-9999,-9999,-9999,-9999,-9999,-9999,-9999,-0.000028282735001994297
"2025-06-19 14:47:39",18.6,18.6,18.8,18.5,19.8,19.6,19.9,19.6,19.6,19.9,19.4,-9999,-9999,-9999,-9999,-9999,-9999,-9999,-9999,-9999,-0.000028289552574278787
"2025-06-19 14:47:49",18.5,18.5,18.6,18.4,19.6,19.4,19.7,19.4,19.4,19.7,19.3,-9999,-9999,-9999,-9999,-9999,-9999,-9999,-9999,-9999,-0.000028297195967752486
"2025-06-19 14:47:59",18.4,18.4,18.6,18.3,19.4,19.2,19.6,19.2,19.3,19.5,19.1,-9999,-9999,-9999,-9999,-9999,-9999,-9999,-9999,-9999,-0.000028294098228798248
"2025-06-19 14:48:10",18.3,18.4,18.5,18.3,19.3,19.1,19.4,19.1,19.1,19.3,19,-9999,-9999,-9999,-9999,-9999,-9999,-9999,-9999,-9999,-0.00002831248457368929
"2025-06-19 14:48:20",18.2,18.2,18.4,18.2,19.2,19,19.3,19,19,19.1,18.8,-9999,-9999,-9999,-9999,-9999,-9999,-9999,-9999,-9999,-0.000028303807994234376
"2025-06-19 14:48:31",18.2,18.2,18.4,18.2,19,18.9,19.1,18.8,18.9,19,18.7,-9999,-9999,-9999,-9999,-9999,-9999,-9999,-9999,-9999,-0.00002828211654559709
"2025-06-19 14:48:41",18.1,18.2,18.3,18.1,18.9,18.8,19,18.8,18.8,18.9,18.6,-9999,-9999,-9999,-9999,-9999,-9999,-9999,-9999,-9999,-0.000028299882615101524
"2025-06-19 14:48:51",18,18,18.3,18.1,18.8,18.7,18.9,18.7,18.7,18.8,18.5,-9999,-9999,-9999,-9999,-9999,-9999,-9999,-9999,-9999,-0.000028277778255869634
"2025-06-19 14:49:02",18.1,18.1,18.2,18.1,18.8,18.6,18.8,18.6,18.6,18.7,18.4,-9999,-9999,-9999,-9999,-9999,-9999,-9999,-9999,-9999,-0.000028290998670854606
"2025-06-19 14:49:12",18,18,18.2,18.1,18.7,18.5,18.7,18.5,18.5,18.6,18.4,-9999,-9999,-9999,-9999,-9999,-9999,-9999,-9999,-9999,-0.000028287488021305762
"2025-06-19 14:49:22",17.9,17.9,18.2,18,18.6,18.4,18.7,18.4,18.4,18.5,18.3,-9999,-9999,-9999,-9999,-9999,-9999,-9999,-9999,-9999,-0.000028289139663684182
"2025-06-19 14:49:33",17.9,17.9,18.2,18.1,18.5,18.4,18.6,18.4,18.4,18.4,18.3,-9999,-9999,-9999,-9999,-9999,-9999,-9999,-9999,-9999,-0.00002828376818797551
"2025-06-19 14:49:43",18,18,18.2,18.1,18.5,18.3,18.6,18.4,18.3,18.4,18.2,-9999,-9999,-9999,-9999,-9999,-9999,-9999,-9999,-9999,-0.00002830711309798062
"2025-06-19 14:49:54",17.9,17.9,18.2,18,18.4,18.3,18.5,18.3,18.3,18.3,18.2,-9999,-9999,-9999,-9999,-9999,-9999,-9999,-9999,-9999,-0.000028312277208897285
"2025-06-19 14:50:04",17.8,17.9,18.2,18,18.4,18.2,18.5,18.3,18.3,18.3,18.2,-9999,-9999,-9999,-9999,-9999,-9999,-9999,-9999,-9999,-0.000028301741622271948
"2025-06-19 14:50:14",17.9,17.9,18.2,18.1,18.4,18.2,18.4,18.2,18.2,18.2,18.1,-9999,-9999,-9999,-9999,-9999,-9999,-9999,-9999,-9999,-0.000028272406780160964
"2025-06-19 14:50:25",17.9,17.9,18.2,18.1,18.3,18.2,18.4,18.2,18.2,18.2,18.1,-9999,-9999,-9999,-9999,-9999,-9999,-9999,-9999,-9999,-0.000028286454835324548
"2025-06-19 14:50:35",17.9,18,18.2,18.2,18.3,18.2,18.4,18.2,18.2,18.2,18.1,-9999,-9999,-9999,-9999,-9999,-9999,-9999,-9999,-9999,-0.000028301328711677343
"2025-06-19 14:50:46",18,18,18.2,18.2,18.3,18.2,18.3,18.2,18.2,18.2,18.1,-9999,-9999,-9999,-9999,-9999,-9999,-9999,-9999,-9999,-0.000028277778255869634
"2025-06-19 14:50:56",18,18,18.3,18.2,18.3,18.2,18.4,18.2,18.2,18.1,18.1,-9999,-9999,-9999,-9999,-9999,-9999,-9999,-9999,-9999,-0.000028295131414779462
"2025-06-19 14:51:06",18,18,18.3,18.2,18.3,18.2,18.4,18.2,18.2,18.2,18.1,-9999,-9999,-9999,-9999,-9999,-9999,-9999,-9999,-9999,-0.00002830504672601819
"2025-06-19 14:51:17",18,18,18.3,18.3,18.3,18.1,18.3,18.2,18.1,18.1,18.1,-9999,-9999,-9999,-9999,-9999,-9999,-9999,-9999,-9999,-0.00002828211654559709
"2025-06-19 14:51:27",18,18,18.3,18.3,18.3,18.1,18.3,18.2,18.1,18.1,18.1,-9999,-9999,-9999,-9999,-9999,-9999,-9999,-9999,-9999,-0.00002831186429830268
"2025-06-19 14:51:37",17.9,17.9,18.4,18.3,18.3,18.1,18.3,18.2,18.2,18.1,18.1,-9999,-9999,-9999,-9999,-9999,-9999,-9999,-9999,-9999,-0.000028313103030086495
"2025-06-19 14:51:48",18,18,18.4,18.3,18.2,18.2,18.4,18.2,18.2,18.1,18.1,-9999,-9999,-9999,-9999,-9999,-9999,-9999,-9999,-9999,-0.000028268274036236107
"2025-06-19 14:51:58",18.1,18,18.4,18.4,18.3,18.2,18.4,18.2,18.1,18.1,18.1,-9999,-9999,-9999,-9999,-9999,-9999,-9999,-9999,-9999,-0.000028301948987063952
"2025-06-19 14:52:09",18,18,18.4,18.4,18.3,18.2,18.4,18.2,18.2,18.2,18.1,-9999,-9999,-9999,-9999,-9999,-9999,-9999,-9999,-9999,-0.00002829347795341164
"2025-06-19 14:52:19",18.1,18.1,18.5,18.5,18.3,18.2,18.4,18.2,18.2,18.2,18.1,-9999,-9999,-9999,-9999,-9999,-9999,-9999,-9999,-9999,-0.00002825629235303495
"2025-06-19 14:52:29",18.2,18.2,18.5,18.5,18.4,18.2,18.4,18.3,18.2,18.2,18.1,-9999,-9999,-9999,-9999,-9999,-9999,-9999,-9999,-9999,-0.00002830442645063158
"2025-06-19 14:52:40",18.1,18.1,18.5,18.5,18.4,18.3,18.4,18.3,18.2,18.2,18.2,-9999,-9999,-9999,-9999,-9999,-9999,-9999,-9999,-9999,-0.000028331489374977536
"2025-06-19 14:52:50",18.2,18.1,18.6,18.6,18.4,18.3,18.5,18.3,18.3,18.2,18.2,-9999,-9999,-9999,-9999,-9999,-9999,-9999,-9999,-9999,-0.000028280257538426667
"2025-06-19 14:53:01",18.3,18.2,18.6,18.6,18.4,18.3,18.5,18.3,18.3,18.2,18.2,-9999,-9999,-9999,-9999,-9999,-9999,-9999,-9999,-9999,-0.000028293685318203643
"2025-06-19 14:53:11",18.2,18.2,18.6,18.6,18.4,18.3,18.5,18.4,18.3,18.2,18.3,-9999,-9999,-9999,-9999,-9999,-9999,-9999,-9999,-9999,-0.000028292239221627824
"2025-06-19 14:53:21",18.3,18.3,18.7,18.7,18.5,18.4,18.5,18.4,18.3,18.3,18.3,-9999,-9999,-9999,-9999,-9999,-9999,-9999,-9999,-9999,-0.00002828376818797551
"2025-06-19 14:53:32",18.3,18.3,18.7,18.7,18.5,18.4,18.6,18.4,18.4,18.3,18.3,-9999,-9999,-9999,-9999,-9999,-9999,-9999,-9999,-9999,-0.000028293890864006244
"2025-06-19 14:53:42",18.4,18.4,18.8,18.8,18.5,18.4,18.6,18.5,18.4,18.3,18.3,-9999,-9999,-9999,-9999,-9999,-9999,-9999,-9999,-9999,-0.000028300502890488133
"2025-06-19 14:53:52",18.4,18.3,18.8,18.8,18.5,18.4,18.6,18.5,18.4,18.4,18.4,-9999,-9999,-9999,-9999,-9999,-9999,-9999,-9999,-9999,-0.000028281703635002486
"2025-06-19 14:54:03",18.4,18.4,18.8,18.9,18.6,18.5,18.7,18.5,18.5,18.4,18.4,-9999,-9999,-9999,-9999,-9999,-9999,-9999,-9999,-9999,-0.000028293890864006244
"2025-06-19 14:54:13",18.5,18.5,18.9,18.9,18.6,18.5,18.7,18.6,18.5,18.4,18.4,-9999,-9999,-9999,-9999,-9999,-9999,-9999,-9999,-9999,-0.00002831393067026511
"2025-06-19 14:54:24",18.5,18.5,19,19,18.6,18.6,18.8,18.6,18.5,18.5,18.5,-9999,-9999,-9999,-9999,-9999,-9999,-9999,-9999,-9999,-0.000028308972105151042
"2025-06-19 14:54:34",18.5,18.5,19,19,18.7,18.6,18.8,18.6,18.6,18.5,18.5,-9999,-9999,-9999,-9999,-9999,-9999,-9999,-9999,-9999,-0.00002830442645063158
"2025-06-19 14:54:44",18.6,18.6,19,19,18.7,18.6,18.8,18.7,18.6,18.5,18.5,-9999,-9999,-9999,-9999,-9999,-9999,-9999,-9999,-9999,-0.000028308146283961833
"2025-06-19 14:54:55",18.6,18.6,19.1,19.1,18.7,18.7,18.8,18.7,18.6,18.6,18.6,-9999,-9999,-9999,-9999,-9999,-9999,-9999,-9999,-9999,-0.00002830711309798062
"2025-06-19 14:55:05",18.7,18.6,19.1,19.1,18.8,18.7,18.9,18.7,18.7,18.6,18.6,-9999,-9999,-9999,-9999,-9999,-9999,-9999,-9999,-9999,-0.00002829678305715788
"2025-06-19 14:55:16",18.7,18.7,19.1,19.2,18.8,18.8,18.9,18.8,18.7,18.6,18.6,-9999,-9999,-9999,-9999,-9999,-9999,-9999,-9999,-9999,-0.000028287488021305762
"2025-06-19 14:55:26",18.7,18.7,19.2,19.2,18.8,18.8,19,18.8,18.7,18.7,18.7,-9999,-9999,-9999,-9999,-9999,-9999,-9999,-9999,-9999,-0.000028290793125052005
"2025-06-19 14:55:36",18.8,18.7,19.2,19.3,18.9,18.8,19,18.9,18.8,18.7,18.7,-9999,-9999,-9999,-9999,-9999,-9999,-9999,-9999,-9999,-0.000028284801373956725
"2025-06-19 14:55:47",18.8,18.8,19.3,19.3,19,18.9,19,18.9,18.8,18.7,18.8,-9999,-9999,-9999,-9999,-9999,-9999,-9999,-9999,-9999,-0.000028281703635002486
"2025-06-19 14:55:57",18.8,18.8,19.3,19.4,19,18.9,19.1,18.9,18.8,18.8,18.8,-9999,-9999,-9999,-9999,-9999,-9999,-9999,-9999,-9999,-0.000028288726753089577
"2025-06-19 14:56:08",18.9,18.9,19.3,19.4,19,18.9,19.1,19,18.9,18.8,18.8,-9999,-9999,-9999,-9999,-9999,-9999,-9999,-9999,-9999,-0.000028298436518525705
"2025-06-19 14:56:18",18.9,18.9,19.4,19.4,19.1,19,19.2,19,18.9,18.8,18.9,-9999,-9999,-9999,-9999,-9999,-9999,-9999,-9999,-9999,-0.000028286041924729943
"2025-06-19 14:56:28",18.9,18.9,19.4,19.4,19,19,19.2,19,18.9,18.9,18.9,-9999,-9999,-9999,-9999,-9999,-9999,-9999,-9999,-9999,-0.000028260630642762408
"2025-06-19 14:56:39",19,19,19.4,19.5,19.1,19,19.2,19.1,19,18.9,18.9,-9999,-9999,-9999,-9999,-9999,-9999,-9999,-9999,-9999,-0.000028283975552767515
"2025-06-19 14:56:49",19,19,19.5,19.5,19.1,19.1,19.3,19.1,19,19,19,-9999,-9999,-9999,-9999,-9999,-9999,-9999,-9999,-9999,-0.00002831103847711347
"2025-06-19 14:56:59",19.1,19.1,19.5,19.6,19.2,19.1,19.3,19.2,19.1,19,19,-9999,-9999,-9999,-9999,-9999,-9999,-9999,-9999,-9999,-0.00002830029552569613
"2025-06-19 14:57:10",19.1,19,19.5,19.6,19.2,19.2,19.4,19.2,19.1,19,19,-9999,-9999,-9999,-9999,-9999,-9999,-9999,-9999,-9999,-0.000028265796572668478
"2025-06-19 14:57:20",19.1,19.1,19.6,19.6,19.2,19.2,19.4,19.2,19.2,19.1,19.1,-9999,-9999,-9999,-9999,-9999,-9999,-9999,-9999,-9999,-0.000028283975552767515
"2025-06-19 14:57:31",19.2,19.1,19.6,19.7,19.3,19.2,19.4,19.3,19.2,19.1,19.1,-9999,-9999,-9999,-9999,-9999,-9999,-9999,-9999,-9999,-0.000028319094781181775
"2025-06-19 14:57:41",19.2,19.1,19.6,19.7,19.3,19.3,19.5,19.3,19.2,19.1,19.1,-9999,-9999,-9999,-9999,-9999,-9999,-9999,-9999,-9999,-0.000028313723305473104
"2025-06-19 14:57:51",19.2,19.2,19.7,19.7,19.3,19.3,19.5,19.3,19.3,19.2,19.2,-9999,-9999,-9999,-9999,-9999,-9999,-9999,-9999,-9999,-0.000028267448215046898
"2025-06-19 14:58:02",19.2,19.2,19.7,19.7,19.4,19.3,19.5,19.4,19.3,19.2,19.2,-9999,-9999,-9999,-9999,-9999,-9999,-9999,-9999,-9999,-0.000028274265787331387
"2025-06-19 14:58:12",19.3,19.3,19.7,19.8,19.4,19.4,19.5,19.4,19.3,19.2,19.2,-9999,-9999,-9999,-9999,-9999,-9999,-9999,-9999,-9999,-0.00002829120603564661
"2025-06-19 14:58:22",19.3,19.3,19.7,19.8,19.4,19.4,19.6,19.4,19.3,19.2,19.3,-9999,-9999,-9999,-9999,-9999,-9999,-9999,-9999,-9999,-0.000028287900931900367
"2025-06-19 14:58:33",19.3,19.3,19.7,19.8,19.4,19.4,19.6,19.5,19.4,19.3,19.3,-9999,-9999,-9999,-9999,-9999,-9999,-9999,-9999,-9999,-0.000028303807994234376
"2025-06-19 14:58:43",19.3,19.3,19.8,19.8,19.5,19.5,19.7,19.5,19.4,19.3,19.3,-9999,-9999,-9999,-9999,-9999,-9999,-9999,-9999,-9999,-0.00002825464071065653
"2025-06-19 14:58:54",19.3,19.3,19.8,19.8,19.5,19.5,19.6,19.5,19.4,19.3,19.3,-9999,-9999,-9999,-9999,-9999,-9999,-9999,-9999,-9999,-0.00002829884942912031
"2025-06-19 14:59:04",19.3,19.3,19.8,19.9,19.5,19.5,19.7,19.5,19.5,19.3,19.4,-9999,-9999,-9999,-9999,-9999,-9999,-9999,-9999,-9999,-0.000028287693567108363
"2025-06-19 14:59:14",19.4,19.4,19.8,19.9,19.6,19.5,19.7,19.5,19.5,19.4,19.4,-9999,-9999,-9999,-9999,-9999,-9999,-9999,-9999,-9999,-0.00002830711309798062
"2025-06-19 14:59:25",19.4,19.4,19.9,19.9,19.6,19.6,19.7,19.6,19.5,19.4,19.4,-9999,-9999,-9999,-9999,-9999,-9999,-9999,-9999,-9999,-0.00002826228410413023
"2025-06-19 14:59:35",19.4,19.4,19.9,19.9,19.6,19.6,19.7,19.6,19.5,19.4,19.4,-9999,-9999,-9999,-9999,-9999,-9999,-9999,-9999,-9999,-0.000028278604077058844
"2025-06-19 14:59:46",19.4,19.4,19.9,19.9,19.6,19.6,19.8,19.6,19.5,19.5,19.4,-9999,-9999,-9999,-9999,-9999,-9999,-9999,-9999,-9999,-0.000028316615498624742
"2025-06-19 14:59:56",19.4,19.4,19.9,20,19.6,19.6,19.8,19.6,19.5,19.5,19.5,-9999,-9999,-9999,-9999,-9999,-9999,-9999,-9999,-9999,-0.000028290172849665396
"2025-06-19 15:00:06",19.4,19.5,19.9,20,19.7,19.6,19.8,19.7,19.6,19.5,19.5,-9999,-9999,-9999,-9999,-9999,-9999,-9999,-9999,-9999,-0.00002829657751135528
"2025-06-19 15:00:17",19.5,19.5,19.9,20,19.7,19.7,19.9,19.7,19.6,19.5,19.5,-9999,-9999,-9999,-9999,-9999,-9999,-9999,-9999,-9999,-0.000028309179469943047
"2025-06-19 15:00:27",19.5,19.5,19.9,20,19.7,19.7,19.9,19.7,19.6,19.5,19.5,-9999,-9999,-9999,-9999,-9999,-9999,-9999,-9999,-9999,-0.000028296990421949886
"2025-06-19 15:00:38",19.5,19.5,20,20,19.7,19.7,19.9,19.7,19.6,19.5,19.5,-9999,-9999,-9999,-9999,-9999,-9999,-9999,-9999,-9999,-0.0000282982291537337
"2025-06-19 15:00:48",19.5,19.5,20,20,19.7,19.7,19.9,19.7,19.6,19.6,19.5,-9999,-9999,-9999,-9999,-9999,-9999,-9999,-9999,-9999,-0.00002827281969075557
"2025-06-19 15:00:58",19.5,19.5,20,20,19.7,19.7,19.9,19.7,19.6,19.6,19.6,-9999,-9999,-9999,-9999,-9999,-9999,-9999,-9999,-9999,-0.000028298436518525705
"2025-06-19 15:01:09",19.5,19.5,20,20,19.7,19.7,19.9,19.7,19.6,19.6,19.6,-9999,-9999,-9999,-9999,-9999,-9999,-9999,-9999,-9999,-0.000028301534257479943
"2025-06-19 15:01:19",19.6,19.6,20,20,19.8,19.7,19.9,19.8,19.7,19.6,19.6,-9999,-9999,-9999,-9999,-9999,-9999,-9999,-9999,-9999,-0.000028269720132811926
"2025-06-19 15:01:29",19.6,19.6,20,20.1,19.8,19.8,20,19.8,19.7,19.6,19.6,-9999,-9999,-9999,-9999,-9999,-9999,-9999,-9999,-9999,-0.000028308146283961833
"2025-06-19 15:01:40",19.6,19.6,20,20.1,19.8,19.8,20,19.8,19.7,19.6,19.6,-9999,-9999,-9999,-9999,-9999,-9999,-9999,-9999,-9999,-0.00002827447315212339
"2025-06-19 15:01:50",19.5,19.6,20.1,20.1,19.8,19.8,20,19.8,19.7,19.6,19.6,-9999,-9999,-9999,-9999,-9999,-9999,-9999,-9999,-9999,-0.000028282735001994297
"2025-06-19 15:02:01",19.6,19.6,20,20.1,19.8,19.8,20,19.8,19.7,19.6,19.6,-9999,-9999,-9999,-9999,-9999,-9999,-9999,-9999,-9999,-0.00002830339508363977
"2025-06-19 15:02:11",19.6,19.6,20,20.1,19.8,19.8,20,19.8,19.7,19.7,19.6,-9999,-9999,-9999,-9999,-9999,-9999,-9999,-9999,-9999,-0.000028317441319813952
"2025-06-19 15:02:21",19.6,19.6,20.1,20.1,19.8,19.8,20,19.9,19.8,19.7,19.7,-9999,-9999,-9999,-9999,-9999,-9999,-9999,-9999,-9999,-0.000028294511139392853
"2025-06-19 15:02:32",19.6,19.6,20.1,20.1,19.8,19.8,20,19.9,19.8,19.7,19.7,-9999,-9999,-9999,-9999,-9999,-9999,-9999,-9999,-9999,-0.00002830422090482898
"2025-06-19 15:02:42",19.6,19.6,20.1,20.1,19.8,19.8,20,19.9,19.8,19.7,19.7,-9999,-9999,-9999,-9999,-9999,-9999,-9999,-9999,-9999,-0.00002831806159520056
"2025-06-19 15:02:53",19.6,19.6,20.1,20.1,19.9,19.8,20,19.9,19.8,19.7,19.7,-9999,-9999,-9999,-9999,-9999,-9999,-9999,-9999,-9999,-0.00002829203185683582
"2025-06-19 15:03:03",19.6,19.6,20.1,20.1,19.9,19.8,20,19.9,19.8,19.7,19.7,-9999,-9999,-9999,-9999,-9999,-9999,-9999,-9999,-9999,-0.00002829285767802503
"2025-06-19 15:03:13",19.7,19.7,20.1,20.1,19.9,19.8,20,19.9,19.8,19.7,19.7,-9999,-9999,-9999,-9999,-9999,-9999,-9999,-9999,-9999,-0.000028286041924729943
"2025-06-19 15:03:24",19.6,19.7,20.1,20.2,19.9,19.8,20,19.9,19.8,19.7,19.7,-9999,-9999,-9999,-9999,-9999,-9999,-9999,-9999,-9999,-0.000028290793125052005
"2025-06-19 15:03:34",19.7,19.7,20.1,20.1,19.9,19.8,20.1,19.9,19.8,19.7,19.7,-9999,-9999,-9999,-9999,-9999,-9999,-9999,-9999,-9999,-0.000028299056793912314
"2025-06-19 15:03:44",19.7,19.7,20.1,20.1,19.9,19.9,20.1,19.9,19.8,19.7,19.7,-9999,-9999,-9999,-9999,-9999,-9999,-9999,-9999,-9999,-0.000028305459636612795
"2025-06-19 15:03:55",19.6,19.7,20.1,20.1,19.9,19.8,20.1,19.9,19.8,19.7,19.7,-9999,-9999,-9999,-9999,-9999,-9999,-9999,-9999,-9999,-0.000028321986974333413
"2025-06-19 15:04:05",19.6,19.7,20.1,20.1,19.9,19.8,20.1,19.9,19.8,19.8,19.7,-9999,-9999,-9999,-9999,-9999,-9999,-9999,-9999,-9999,-0.0000282982291537337
"2025-06-19 15:04:16",19.6,19.7,20.1,20.1,19.9,19.9,20.1,19.9,19.8,19.8,19.7,-9999,-9999,-9999,-9999,-9999,-9999,-9999,-9999,-9999,-0.000028286454835324548
"2025-06-19 15:04:26",19.7,19.7,20.1,20.1,19.9,19.9,20.1,19.9,19.8,19.8,19.7,-9999,-9999,-9999,-9999,-9999,-9999,-9999,-9999,-9999,-0.00002829967525030952
"2025-06-19 15:04:36",19.7,19.7,20.1,20.2,19.9,19.9,20.1,19.9,19.8,19.8,19.7,-9999,-9999,-9999,-9999,-9999,-9999,-9999,-9999,-9999,-0.000028277983801672235
"2025-06-19 15:04:47",19.7,19.7,20.1,20.2,19.9,19.9,20.1,20,19.8,19.8,19.7,-9999,-9999,-9999,-9999,-9999,-9999,-9999,-9999,-9999,-0.000028281703635002486
"2025-06-19 15:04:57",19.7,19.7,20.1,20.1,19.9,19.9,20.1,20,19.8,19.8,19.7,-9999,-9999,-9999,-9999,-9999,-9999,-9999,-9999,-9999,-0.00002826538184308447
"2025-06-19 15:05:08",19.7,19.7,20.1,20.2,19.9,19.9,20.1,20,19.9,19.8,19.7,-9999,-9999,-9999,-9999,-9999,-9999,-9999,-9999,-9999,-0.00002827736534527503
"2025-06-19 15:05:18",19.7,19.7,20.1,20.1,19.9,19.9,20.1,20,19.9,19.8,19.7,-9999,-9999,-9999,-9999,-9999,-9999,-9999,-9999,-9999,-0.000028283975552767515
"2025-06-19 15:05:28",19.7,19.7,20.1,20.1,20,19.9,20.2,20,19.9,19.8,19.8,-9999,-9999,-9999,-9999,-9999,-9999,-9999,-9999,-9999,-0.000028293065042817034
"2025-06-19 15:05:39",19.7,19.7,20.1,20.2,20,19.9,20.2,20,19.9,19.8,19.8,-9999,-9999,-9999,-9999,-9999,-9999,-9999,-9999,-9999,-0.00002827736534527503
"2025-06-19 15:05:49",19.7,19.7,20.2,20.2,19.9,19.9,20.2,20,19.9,19.8,19.8,-9999,-9999,-9999,-9999,-9999,-9999,-9999,-9999,-9999,-0.000028280050173634663
"2025-06-19 15:05:59",19.7,19.7,20.1,20.2,20,19.9,20.2,20,19.9,19.8,19.8,-9999,-9999,-9999,-9999,-9999,-9999,-9999,-9999,-9999,-0.00002829946970450692
"2025-06-19 15:06:10",19.7,19.7,20.1,20.2,20,20,20.2,20,19.9,19.8,19.8,-9999,-9999,-9999,-9999,-9999,-9999,-9999,-9999,-9999,-0.000028291618946241215
"2025-06-19 15:06:20",19.7,19.7,20.1,20.2,20,19.9,20.2,20,19.9,19.8,19.8,-9999,-9999,-9999,-9999,-9999,-9999,-9999,-9999,-9999,-0.00002830360062944237
"2025-06-19 15:06:31",19.7,19.7,20.1,20.2,20,20,20.2,20,19.9,19.8,19.8,-9999,-9999,-9999,-9999,-9999,-9999,-9999,-9999,-9999,-0.000028323640435701236
"2025-06-19 15:06:41",19.7,19.7,20.2,20.2,20,19.9,20.2,20,19.9,19.8,19.8,-9999,-9999,-9999,-9999,-9999,-9999,-9999,-9999,-9999,-0.00002828211654559709
"2025-06-19 15:06:51",19.7,19.7,20.1,20.2,20,19.9,20.2,20,19.9,19.8,19.8,-9999,-9999,-9999,-9999,-9999,-9999,-9999,-9999,-9999,-0.000028290998670854606
"2025-06-19 15:07:02",19.7,19.7,20.1,20.2,20,20,20.2,20,19.9,19.8,19.8,-9999,-9999,-9999,-9999,-9999,-9999,-9999,-9999,-9999,-0.000028289552574278787
"2025-06-19 15:07:12",19.7,19.7,20.1,20.2,20,19.9,20.2,20,19.9,19.8,19.8,-9999,-9999,-9999,-9999,-9999,-9999,-9999,-9999,-9999,-0.000028290793125052005
"2025-06-19 15:07:23",19.7,19.7,20.1,20.2,20,20,20.2,20,19.9,19.8,19.8,-9999,-9999,-9999,-9999,-9999,-9999,-9999,-9999,-9999,-0.000028328804546617903
"2025-06-19 15:07:33",19.7,19.7,20.1,20.2,20,19.9,20.2,20,19.9,19.8,19.8,-9999,-9999,-9999,-9999,-9999,-9999,-9999,-9999,-9999,-0.000028308559194556437
"2025-06-19 15:07:43",19.7,19.7,20.1,20.2,20,20,20.2,20,19.9,19.8,19.8,-9999,-9999,-9999,-9999,-9999,-9999,-9999,-9999,-9999,-0.00002828996548487339
"2025-06-19 15:07:54",19.7,19.7,20.1,20.2,20,20,20.2,20.1,19.9,19.9,19.8,-9999,-9999,-9999,-9999,-9999,-9999,-9999,-9999,-9999,-0.000028295749871176668
"2025-06-19 15:08:04",19.7,19.7,20.1,20.2,20,20,20.2,20.1,19.9,19.8,19.8,-9999,-9999,-9999,-9999,-9999,-9999,-9999,-9999,-9999,-0.00002829657751135528
"2025-06-19 15:08:14",19.7,19.7,20.1,20.2,20,20,20.2,20,19.9,19.8,19.8,-9999,-9999,-9999,-9999,-9999,-9999,-9999,-9999,-9999,-0.000028289139663684182
"2025-06-19 15:08:25",19.7,19.7,20.1,20.2,20,20,20.2,20,19.9,19.9,19.8,-9999,-9999,-9999,-9999,-9999,-9999,-9999,-9999,-9999,-0.000028296990421949886
"2025-06-19 15:08:35",19.7,19.7,20.1,20.2,20,20,20.2,20,19.9,19.8,19.8,-9999,-9999,-9999,-9999,-9999,-9999,-9999,-9999,-9999,-0.000028285421649343334
"2025-06-19 15:08:46",19.7,19.7,20.1,20.2,20,20,20.2,20,19.9,19.8,19.8,-9999,-9999,-9999,-9999,-9999,-9999,-9999,-9999,-9999,-0.000028282735001994297
"2025-06-19 15:08:56",19.7,19.7,20.1,20.2,20,20,20.2,20,19.9,19.8,19.8,-9999,-9999,-9999,-9999,-9999,-9999,-9999,-9999,-9999,-0.00002828521428455133
"2025-06-19 15:09:06",19.7,19.7,20.1,20.2,20,20,20.2,20,19.9,19.9,19.8,-9999,-9999,-9999,-9999,-9999,-9999,-9999,-9999,-9999,-0.00002825918454618659
"2025-06-19 15:09:17",19.7,19.7,20.1,20.2,20,20,20.2,20,19.9,19.8,19.8,-9999,-9999,-9999,-9999,-9999,-9999,-9999,-9999,-9999,-0.000028294924049987458
"2025-06-19 15:09:27",19.7,19.7,20.1,20.2,20,20,20.2,20,19.9,19.8,19.8,-9999,-9999,-9999,-9999,-9999,-9999,-9999,-9999,-9999,-0.0000282980236079311
"2025-06-19 15:09:38",19.7,19.7,20.1,20.2,20,20,20.2,20,19.9,19.8,19.8,-9999,-9999,-9999,-9999,-9999,-9999,-9999,-9999,-9999,-0.000028281083359615877
"2025-06-19 15:09:48",19.7,19.7,20.1,20.2,20,20,20.2,20,19.9,19.9,19.8,-9999,-9999,-9999,-9999,-9999,-9999,-9999,-9999,-9999,-0.000028323020160314627
"2025-06-19 15:09:58",19.7,19.7,20.1,20.2,20,20,20.2,20,19.9,19.9,19.8,-9999,-9999,-9999,-9999,-9999,-9999,-9999,-9999,-9999,-0.00002829203185683582
"2025-06-19 15:10:09",19.7,19.7,20.1,20.2,20,19.9,20.2,20,19.9,19.8,19.8,-9999,-9999,-9999,-9999,-9999,-9999,-9999,-9999,-9999,-0.00002829884942912031
"2025-06-19 15:10:19",19.7,19.7,20.1,20.2,20,20,20.2,20,19.9,19.8,19.8,-9999,-9999,-9999,-9999,-9999,-9999,-9999,-9999,-9999,-0.00002832033351296559
"2025-06-19 15:10:29",19.7,19.7,20.1,20.2,20,20,20.2,20,19.9,19.8,19.8,-9999,-9999,-9999,-9999,-9999,-9999,-9999,-9999,-9999,-0.000028305254090810195
"2025-06-19 15:10:40",19.7,19.7,20.1,20.2,20,19.9,20.2,20,19.9,19.8,19.8,-9999,-9999,-9999,-9999,-9999,-9999,-9999,-9999,-9999,-0.000028298642064328305
"2025-06-19 15:10:50",19.7,19.7,20.1,20.2,20,20,20.2,20,19.9,19.9,19.8,-9999,-9999,-9999,-9999,-9999,-9999,-9999,-9999,-9999,-0.000028284801373956725
"2025-06-19 15:11:01",19.7,19.7,20.1,20.2,20,20,20.2,20,19.9,19.8,19.8,-9999,-9999,-9999,-9999,-9999,-9999,-9999,-9999,-9999,-0.000028266622393857688
"2025-06-19 15:11:11",19.7,19.7,20.1,20.2,20,20,20.2,20,19.9,19.9,19.8,-9999,-9999,-9999,-9999,-9999,-9999,-9999,-9999,-9999,-0.00002831413621606771
"2025-06-19 15:11:21",19.6,19.7,20.1,20.2,20,20,20.2,20,19.9,19.8,19.8,-9999,-9999,-9999,-9999,-9999,-9999,-9999,-9999,-9999,-0.000028280257538426667
"2025-06-19 15:11:32",19.7,19.7,20.1,20.2,20,19.9,20.2,20.1,19.9,19.9,19.8,-9999,-9999,-9999,-9999,-9999,-9999,-9999,-9999,-9999,-0.00002829285767802503
"2025-06-19 15:11:42",19.7,19.7,20.1,20.2,20,20,20.2,20,19.9,19.9,19.8,-9999,-9999,-9999,-9999,-9999,-9999,-9999,-9999,-9999,-0.000028282529456191696
"2025-06-19 15:11:53",19.7,19.7,20.1,20.2,20,19.9,20.2,20,19.9,19.8,19.8,-9999,-9999,-9999,-9999,-9999,-9999,-9999,-9999,-9999,-0.000028296990421949886
"2025-06-19 15:12:03",19.7,19.7,20.1,20.2,20,20,20.2,20,19.9,19.8,19.8,-9999,-9999,-9999,-9999,-9999,-9999,-9999,-9999,-9999,-0.00002830339508363977
"2025-06-19 15:12:13",19.7,19.7,20.1,20.2,20,20,20.2,20,19.9,19.8,19.8,-9999,-9999,-9999,-9999,-9999,-9999,-9999,-9999,-9999,-0.00002826310992531944
"2025-06-19 15:12:24",19.7,19.7,20.1,20.2,20,19.9,20.2,20,19.9,19.8,19.8,-9999,-9999,-9999,-9999,-9999,-9999,-9999,-9999,-9999,-0.000028289347028476186
"2025-06-19 15:12:34",19.7,19.7,20.1,20.2,20,19.9,20.2,20,19.9,19.8,19.8,-9999,-9999,-9999,-9999,-9999,-9999,-9999,-9999,-9999,-0.000028292444767430425
"2025-06-19 15:12:44",19.7,19.7,20.1,20.2,20,20,20.2,20,19.9,19.8,19.7,-9999,-9999,-9999,-9999,-9999,-9999,-9999,-9999,-9999,-0.00002829265213222243
"2025-06-19 15:12:55",19.7,19.7,20.1,20.2,20,20,20.2,20,19.9,19.8,19.8,-9999,-9999,-9999,-9999,-9999,-9999,-9999,-9999,-9999,-0.000028292239221627824
"2025-06-19 15:13:05",19.7,19.7,20.1,20.2,20,20,20.2,20,19.9,19.8,19.7,-9999,-9999,-9999,-9999,-9999,-9999,-9999,-9999,-9999,-0.00002829678305715788
"2025-06-19 15:13:16",19.7,19.7,20.1,20.2,20,19.9,20.2,20,19.9,19.8,19.7,-9999,-9999,-9999,-9999,-9999,-9999,-9999,-9999,-9999,-0.00002827137359417975
"2025-06-19 15:13:26",19.7,19.7,20.1,20.1,20,20,20.2,20,19.9,19.8,19.7,-9999,-9999,-9999,-9999,-9999,-9999,-9999,-9999,-9999,-0.00002830029552569613
"2025-06-19 15:13:36",19.7,19.7,20.1,20.2,20,20,20.2,20,19.9,19.8,19.8,-9999,-9999,-9999,-9999,-9999,-9999,-9999,-9999,-9999,-0.000028304633815423585
"2025-06-19 15:13:47",19.7,19.7,20.1,20.2,20,20,20.2,20,19.9,19.8,19.8,-9999,-9999,-9999,-9999,-9999,-9999,-9999,-9999,-9999,-0.000028283975552767515
"2025-06-19 15:13:57",19.6,19.7,20.1,20.2,20,20,20.2,20,19.9,19.8,19.8,-9999,-9999,-9999,-9999,-9999,-9999,-9999,-9999,-9999,-0.000028308146283961833
"2025-06-19 15:14:07",19.6,19.6,20.1,20.2,20,20,20.2,20,19.9,19.8,19.7,-9999,-9999,-9999,-9999,-9999,-9999,-9999,-9999,-9999,-0.00002828996548487339
"2025-06-19 15:14:18",19.7,19.7,20.1,20.2,20,20,20.2,20,19.9,19.8,19.8,-9999,-9999,-9999,-9999,-9999,-9999,-9999,-9999,-9999,-0.000028290998670854606
"2025-06-19 15:14:28",19.7,19.7,20.1,20.2,20,20,20.2,20,19.9,19.8,19.7,-9999,-9999,-9999,-9999,-9999,-9999,-9999,-9999,-9999,-0.000028295749871176668
"2025-06-19 15:14:39",19.6,19.7,20.1,20.2,20,20,20.2,20,19.9,19.8,19.7,-9999,-9999,-9999,-9999,-9999,-9999,-9999,-9999,-9999,-0.00002829347795341164
"2025-06-19 15:14:49",19.7,19.7,20.1,20.2,20,20,20.2,20,19.9,19.8,19.7,-9999,-9999,-9999,-9999,-9999,-9999,-9999,-9999,-9999,-0.000028283149731578305
"2025-06-19 15:14:59",19.7,19.7,20.1,20.2,20,20,20.2,20,19.9,19.8,19.8,-9999,-9999,-9999,-9999,-9999,-9999,-9999,-9999,-9999,-0.00002827612479450181
"2025-06-19 15:15:10",19.7,19.7,20.1,20.2,20,20,20.2,20,19.9,19.8,19.8,-9999,-9999,-9999,-9999,-9999,-9999,-9999,-9999,-9999,-0.000028279429898248054
"2025-06-19 15:15:20",19.6,19.7,20.1,20.2,20,20,20.2,20,19.9,19.8,19.8,-9999,-9999,-9999,-9999,-9999,-9999,-9999,-9999,-9999,-0.0000282752989733126
"2025-06-19 15:15:31",19.7,19.7,20.1,20.2,20,20,20.2,20,19.9,19.8,19.8,-9999,-9999,-9999,-9999,-9999,-9999,-9999,-9999,-9999,-0.000028300502890488133
"2025-06-19 15:15:41",19.6,19.7,20.1,20.2,20,20,20.2,20,19.9,19.8,19.7,-9999,-9999,-9999,-9999,-9999,-9999,-9999,-9999,-9999,-0.000028288313842494972
"2025-06-19 15:15:51",19.6,19.7,20.1,20.1,20,20,20.2,20,19.9,19.8,19.8,-9999,-9999,-9999,-9999,-9999,-9999,-9999,-9999,-9999,-0.000028313517759670503
"2025-06-19 15:16:02",19.6,19.7,20.1,20.1,20,20,20.2,20,19.9,19.8,19.7,-9999,-9999,-9999,-9999,-9999,-9999,-9999,-9999,-9999,-0.00002829120603564661
"2025-06-19 15:16:12",19.6,19.6,20.1,20.2,20,20,20.2,20,19.9,19.8,19.8,-9999,-9999,-9999,-9999,-9999,-9999,-9999,-9999,-9999,-0.000028297195967752486
"2025-06-19 15:16:22",19.7,19.7,20.1,20.2,20,19.9,20.2,20,19.9,19.8,19.7,-9999,-9999,-9999,-9999,-9999,-9999,-9999,-9999,-9999,-0.00002830731864378322
"2025-06-19 15:16:33",19.6,19.6,20.1,20.2,20,20,20.2,20,19.9,19.8,19.7,-9999,-9999,-9999,-9999,-9999,-9999,-9999,-9999,-9999,-0.000028298436518525705
"2025-06-19 15:16:43",19.6,19.6,20.1,20.2,20,20,20.2,20,19.9,19.8,19.7,-9999,-9999,-9999,-9999,-9999,-9999,-9999,-9999,-9999,-0.000028289552574278787
"2025-06-19 15:16:54",19.6,19.7,20.1,20.1,20,19.9,20.2,20,19.9,19.8,19.7,-9999,-9999,-9999,-9999,-9999,-9999,-9999,-9999,-9999,-0.00002830112134688534
"2025-06-19 15:17:04",19.6,19.6,20.1,20.1,20,20,20.2,20,19.9,19.8,19.7,-9999,-9999,-9999,-9999,-9999,-9999,-9999,-9999,-9999,-0.00002829430377460085
"2025-06-19 15:17:14",19.6,19.6,20.1,20.1,20,19.9,20.2,20,19.9,19.8,19.7,-9999,-9999,-9999,-9999,-9999,-9999,-9999,-9999,-9999,-0.00002829430377460085
"2025-06-19 15:17:25",19.6,19.6,20.1,20.1,20,19.9,20.2,20,19.9,19.8,19.7,-9999,-9999,-9999,-9999,-9999,-9999,-9999,-9999,-9999,-0.000028300502890488133
"2025-06-19 15:17:35",19.6,19.6,20.1,20.1,20,19.9,20.2,20,19.9,19.8,19.7,-9999,-9999,-9999,-9999,-9999,-9999,-9999,-9999,-9999,-0.000028293685318203643
"2025-06-19 15:17:46",19.6,19.6,20,20.1,20,19.9,20.2,20,19.9,19.8,19.7,-9999,-9999,-9999,-9999,-9999,-9999,-9999,-9999,-9999,-0.000028309385015745647
"2025-06-19 15:17:56",19.6,19.6,20.1,20.1,20,19.9,20.2,20,19.9,19.8,19.7,-9999,-9999,-9999,-9999,-9999,-9999,-9999,-9999,-9999,-0.000028319094781181775
"2025-06-19 15:18:06",19.6,19.6,20.1,20.1,20,19.9,20.2,20,19.8,19.8,19.7,-9999,-9999,-9999,-9999,-9999,-9999,-9999,-9999,-9999,-0.00002828438846336212
"2025-06-19 15:18:17",19.6,19.6,20,20.1,20,20,20.2,20,19.9,19.8,19.7,-9999,-9999,-9999,-9999,-9999,-9999,-9999,-9999,-9999,-0.00002829182631103322
"2025-06-19 15:18:27",19.6,19.6,20.1,20.2,20,19.9,20.2,20,19.9,19.8,19.7,-9999,-9999,-9999,-9999,-9999,-9999,-9999,-9999,-9999,-0.000028303807994234376
"2025-06-19 15:18:37",19.6,19.6,20.1,20.1,20,19.9,20.2,20,19.9,19.8,19.7,-9999,-9999,-9999,-9999,-9999,-9999,-9999,-9999,-9999,-0.000028287488021305762
"2025-06-19 15:18:48",19.6,19.6,20,20.1,20,19.9,20.2,20,19.9,19.8,19.7,-9999,-9999,-9999,-9999,-9999,-9999,-9999,-9999,-9999,-0.000028309179469943047
"2025-06-19 15:18:58",19.6,19.6,20,20.1,20,19.9,20.2,20,19.9,19.8,19.7,-9999,-9999,-9999,-9999,-9999,-9999,-9999,-9999,-9999,-0.000028315169402048923
"2025-06-19 15:19:09",19.6,19.6,20,20.1,20,19.9,20.2,20,19.8,19.8,19.7,-9999,-9999,-9999,-9999,-9999,-9999,-9999,-9999,-9999,-0.000028304633815423585
"2025-06-19 15:19:19",19.6,19.6,20.1,20.1,20,19.9,20.2,20,19.8,19.8,19.7,-9999,-9999,-9999,-9999,-9999,-9999,-9999,-9999,-9999,-0.000028284801373956725
"2025-06-19 15:19:29",19.6,19.6,20.1,20.1,20,19.9,20.1,20,19.9,19.8,19.7,-9999,-9999,-9999,-9999,-9999,-9999,-9999,-9999,-9999,-0.000028290793125052005
"2025-06-19 15:19:40",19.6,19.6,20.1,20.1,20,19.9,20.2,20,19.8,19.8,19.7,-9999,-9999,-9999,-9999,-9999,-9999,-9999,-9999,-9999,-0.0000282980236079311
"2025-06-19 15:19:50",19.6,19.6,20,20.1,20,19.9,20.1,20,19.8,19.8,19.7,-9999,-9999,-9999,-9999,-9999,-9999,-9999,-9999,-9999,-0.000028294924049987458
"2025-06-19 15:20:01",19.6,19.6,20,20.1,20,19.9,20.2,20,19.8,19.8,19.7,-9999,-9999,-9999,-9999,-9999,-9999,-9999,-9999,-9999,-0.00002831393067026511
"2025-06-19 15:20:11",19.6,19.6,20,20.1,20,19.9,20.2,20,19.8,19.8,19.7,-9999,-9999,-9999,-9999,-9999,-9999,-9999,-9999,-9999,-0.000028296990421949886
"2025-06-19 15:20:21",19.6,19.6,20.1,20.1,19.9,19.9,20.1,20,19.8,19.7,19.7,-9999,-9999,-9999,-9999,-9999,-9999,-9999,-9999,-9999,-0.000028310831112321466
"2025-06-19 15:20:32",19.6,19.6,20.1,20.1,19.9,19.9,20.1,20,19.9,19.8,19.7,-9999,-9999,-9999,-9999,-9999,-9999,-9999,-9999,-9999,-0.000028293685318203643
"2025-06-19 15:20:42",19.6,19.6,20.1,20.1,20,19.9,20.1,20,19.8,19.8,19.7,-9999,-9999,-9999,-9999,-9999,-9999,-9999,-9999,-9999,-0.000028299882615101524
"2025-06-19 15:20:52",19.6,19.6,20.1,20.1,20,19.9,20.1,19.9,19.8,19.8,19.7,-9999,-9999,-9999,-9999,-9999,-9999,-9999,-9999,-9999,-0.000028288313842494972
"2025-06-19 15:21:03",19.6,19.6,20.1,20.1,20,19.9,20.1,19.9,19.8,19.8,19.7,-9999,-9999,-9999,-9999,-9999,-9999,-9999,-9999,-9999,-0.000028288726753089577
"2025-06-19 15:21:13",19.6,19.6,20.1,20.1,20,19.9,20.1,20,19.8,19.8,19.7,-9999,-9999,-9999,-9999,-9999,-9999,-9999,-9999,-9999,-0.000028304633815423585
"2025-06-19 15:21:24",19.6,19.6,20.1,20.1,19.9,19.9,20.1,20,19.8,19.8,19.7,-9999,-9999,-9999,-9999,-9999,-9999,-9999,-9999,-9999,-0.000028335001843515784
"2025-06-19 15:21:34",19.6,19.6,20.1,20.1,19.9,19.9,20.1,19.9,19.9,19.7,19.7,-9999,-9999,-9999,-9999,-9999,-9999,-9999,-9999,-9999,-0.000028308559194556437
"2025-06-19 15:21:44",19.6,19.6,20,20.1,20,19.9,20.1,19.9,19.8,19.8,19.7,-9999,-9999,-9999,-9999,-9999,-9999,-9999,-9999,-9999,-0.000028321574063738808
"2025-06-19 15:21:55",19.6,19.6,20,20.1,19.9,19.9,20.1,20,19.8,19.8,19.7,-9999,-9999,-9999,-9999,-9999,-9999,-9999,-9999,-9999,-0.000028296990421949886
"2025-06-19 15:22:05",19.6,19.6,20.1,20.1,19.9,19.9,20.1,19.9,19.8,19.8,19.7,-9999,-9999,-9999,-9999,-9999,-9999,-9999,-9999,-9999,-0.000028277983801672235
"2025-06-19 15:22:16",19.6,19.6,20,20.1,19.9,19.9,20.1,19.9,19.8,19.8,19.7,-9999,-9999,-9999,-9999,-9999,-9999,-9999,-9999,-9999,-0.000028295336960582063
"2025-06-19 15:22:26",19.6,19.6,20.1,20.1,20,19.9,20.1,20,19.8,19.8,19.7,-9999,-9999,-9999,-9999,-9999,-9999,-9999,-9999,-9999,-0.000028295749871176668
"2025-06-19 15:22:36",19.6,19.6,20,20.1,19.9,19.9,20.2,20,19.8,19.8,19.7,-9999,-9999,-9999,-9999,-9999,-9999,-9999,-9999,-9999,-0.000028316615498624742
"2025-06-19 15:22:47",19.6,19.6,20,20.1,19.9,19.9,20.1,20,19.8,19.8,19.7,-9999,-9999,-9999,-9999,-9999,-9999,-9999,-9999,-9999,-0.00002829182631103322
"2025-06-19 15:22:57",19.6,19.6,20,20.1,19.9,19.9,20.2,20,19.8,19.8,19.7,-9999,-9999,-9999,-9999,-9999,-9999,-9999,-9999,-9999,-0.000028294718504184857
"2025-06-19 15:23:07",19.6,19.6,20,20.1,19.9,19.9,20.1,20,19.8,19.7,19.7,-9999,-9999,-9999,-9999,-9999,-9999,-9999,-9999,-9999,-0.000028310625566518866
"2025-06-19 15:23:18",19.6,19.6,20.1,20.1,19.9,19.9,20.1,20,19.8,19.8,19.7,-9999,-9999,-9999,-9999,-9999,-9999,-9999,-9999,-9999,-0.000028290998670854606
"2025-06-19 15:23:28",19.6,19.6,20.1,20.1,19.9,19.9,20.1,20,19.8,19.8,19.7,-9999,-9999,-9999,-9999,-9999,-9999,-9999,-9999,-9999,-0.000028279224352445453
"2025-06-19 15:23:39",19.6,19.6,20.1,20.1,19.9,19.9,20.1,20,19.8,19.7,19.7,-9999,-9999,-9999,-9999,-9999,-9999,-9999,-9999,-9999,-0.000028282322091399692
"2025-06-19 15:23:49",19.6,19.6,20.1,20.1,19.9,19.9,20.2,20,19.8,19.7,19.7,-9999,-9999,-9999,-9999,-9999,-9999,-9999,-9999,-9999,-0.00002829285767802503
"2025-06-19 15:23:59",19.6,19.6,20.1,20.1,20,19.9,20.1,20,19.9,19.7,19.7,-9999,-9999,-9999,-9999,-9999,-9999,-9999,-9999,-9999,-0.000028309179469943047
"2025-06-19 15:24:10",19.6,19.6,20,20.1,20,19.9,20.2,19.9,19.8,19.7,19.7,-9999,-9999,-9999,-9999,-9999,-9999,-9999,-9999,-9999,-0.000028288106477702968
"2025-06-19 15:24:20",19.6,19.6,20,20.2,19.9,19.9,20.2,20,19.8,19.8,19.7,-9999,-9999,-9999,-9999,-9999,-9999,-9999,-9999,-9999,-0.00002830504672601819
"2025-06-19 15:24:30",19.6,19.6,20,20.1,19.9,19.9,20.2,20,19.8,19.8,19.7,-9999,-9999,-9999,-9999,-9999,-9999,-9999,-9999,-9999,-0.000028324466256890446
"2025-06-19 15:24:41",19.6,19.6,20.1,20.1,20,19.9,20.2,20,19.9,19.8,19.7,-9999,-9999,-9999,-9999,-9999,-9999,-9999,-9999,-9999,-0.000028270340408198535
"2025-06-19 15:24:51",19.6,19.6,20,20.1,19.9,19.9,20.2,20,19.9,19.8,19.7,-9999,-9999,-9999,-9999,-9999,-9999,-9999,-9999,-9999,-0.000028289347028476186
"2025-06-19 15:25:02",19.6,19.6,20,20.1,20,19.9,20.1,20,19.8,19.8,19.7,-9999,-9999,-9999,-9999,-9999,-9999,-9999,-9999,-9999,-0.000028304013540036976
"2025-06-19 15:25:12",19.6,19.6,20,20.2,20,19.9,20.2,20,19.8,19.8,19.7,-9999,-9999,-9999,-9999,-9999,-9999,-9999,-9999,-9999,-0.000028277778255869634
"2025-06-19 15:25:22",19.6,19.6,20,20.1,20,19.9,20.2,20,19.8,19.8,19.7,-9999,-9999,-9999,-9999,-9999,-9999,-9999,-9999,-9999,-0.00002829285767802503
"2025-06-19 15:25:33",19.6,19.6,20,20.1,20,19.9,20.2,20,19.9,19.8,19.7,-9999,-9999,-9999,-9999,-9999,-9999,-9999,-9999,-9999,-0.000028265589207876474
"2025-06-19 15:25:43",19.6,19.6,20,20.1,20,19.9,20.2,20,19.9,19.8,19.7,-9999,-9999,-9999,-9999,-9999,-9999,-9999,-9999,-9999,-0.000028312071663094684
"2025-06-19 15:25:54",19.7,19.6,20,20.1,20,19.9,20.2,20,19.9,19.8,19.7,-9999,-9999,-9999,-9999,-9999,-9999,-9999,-9999,-9999,-0.000028303187718847767
"2025-06-19 15:26:04",19.6,19.6,20,20.1,20,19.9,20.2,20,19.9,19.8,19.7,-9999,-9999,-9999,-9999,-9999,-9999,-9999,-9999,-9999,-0.00002828438846336212
"2025-06-19 15:26:14",19.6,19.6,20,20.1,20,19.9,20.2,20,19.9,19.8,19.7,-9999,-9999,-9999,-9999,-9999,-9999,-9999,-9999,-9999,-0.00002830339508363977
"2025-06-19 15:26:25",19.6,19.6,20.1,20.1,20,19.9,20.2,20,19.9,19.8,19.7,-9999,-9999,-9999,-9999,-9999,-9999,-9999,-9999,-9999,-0.00002829657751135528
"2025-06-19 15:26:35",19.6,19.6,20.1,20.1,20,19.9,20.2,20,19.8,19.8,19.7,-9999,-9999,-9999,-9999,-9999,-9999,-9999,-9999,-9999,-0.000028303187718847767
"2025-06-19 15:26:45",19.6,19.6,20,20.1,20,19.9,20.2,20,19.8,19.8,19.7,-9999,-9999,-9999,-9999,-9999,-9999,-9999,-9999,-9999,-0.000028307938919169828
"2025-06-19 15:26:56",19.6,19.6,20,20.1,20,19.9,20.1,20,19.9,19.8,19.7,-9999,-9999,-9999,-9999,-9999,-9999,-9999,-9999,-9999,-0.000028283355277380906
"2025-06-19 15:27:06",19.6,19.6,20,20.1,20,19.9,20.2,20,19.8,19.8,19.7,-9999,-9999,-9999,-9999,-9999,-9999,-9999,-9999,-9999,-0.000028282529456191696
"2025-06-19 15:27:17",19.6,19.6,20,20.1,19.9,19.9,20.2,20,19.9,19.8,19.7,-9999,-9999,-9999,-9999,-9999,-9999,-9999,-9999,-9999,-0.000028290172849665396
"2025-06-19 15:27:27",19.6,19.6,20,20.1,19.9,19.9,20.1,20,19.9,19.8,19.7,-9999,-9999,-9999,-9999,-9999,-9999,-9999,-9999,-9999,-0.000028300708436290734
"2025-06-19 15:27:37",19.6,19.6,20,20.1,19.9,19.9,20.1,20,19.8,19.7,19.7,-9999,-9999,-9999,-9999,-9999,-9999,-9999,-9999,-9999,-0.000028297816243139096
"2025-06-19 15:27:48",19.6,19.6,20.1,20.1,19.9,19.9,20.2,20,19.8,19.8,19.7,-9999,-9999,-9999,-9999,-9999,-9999,-9999,-9999,-9999,-0.00002827137359417975
"2025-06-19 15:27:58",19.6,19.6,20,20.1,20,19.9,20.1,20,19.8,19.7,19.7,-9999,-9999,-9999,-9999,-9999,-9999,-9999,-9999,-9999,-0.000028304013540036976
"2025-06-19 15:28:09",19.6,19.6,20,20.1,19.9,19.9,20.2,20,19.8,19.8,19.7,-9999,-9999,-9999,-9999,-9999,-9999,-9999,-9999,-9999,-0.000028292444767430425
"2025-06-19 15:28:19",19.6,19.6,20,20.1,20,19.9,20.2,20,19.8,19.8,19.7,-9999,-9999,-9999,-9999,-9999,-9999,-9999,-9999,-9999,-0.000028263522835914046
"2025-06-19 15:28:29",19.6,19.6,20.1,20.1,19.9,19.9,20.1,20,19.8,19.8,19.6,-9999,-9999,-9999,-9999,-9999,-9999,-9999,-9999,-9999,-0.000028290998670854606
"2025-06-19 15:28:40",19.6,19.6,20,20.1,19.9,19.9,20.1,20,19.8,19.7,19.7,-9999,-9999,-9999,-9999,-9999,-9999,-9999,-9999,-9999,-0.000028286041924729943
"2025-06-19 15:28:50",19.6,19.6,20,20.1,19.9,19.9,20.2,20,19.8,19.8,19.7,-9999,-9999,-9999,-9999,-9999,-9999,-9999,-9999,-9999,-0.00002829884942912031
"2025-06-19 15:29:00",19.6,19.6,20,20.1,20,19.9,20.1,19.9,19.8,19.8,19.7,-9999,-9999,-9999,-9999,-9999,-9999,-9999,-9999,-9999,-0.000028291618946241215
"2025-06-19 15:29:11",19.6,19.6,20.1,20.1,20,19.9,20.1,20,19.8,19.8,19.7,-9999,-9999,-9999,-9999,-9999,-9999,-9999,-9999,-9999,-0.00002830484118021559
"2025-06-19 15:29:21",19.6,19.6,20,20.1,20,19.9,20.1,19.9,19.8,19.8,19.7,-9999,-9999,-9999,-9999,-9999,-9999,-9999,-9999,-9999,-0.00002830422090482898
"2025-06-19 15:29:32",19.6,19.6,20,20.1,19.9,19.9,20.1,20,19.8,19.8,19.7,-9999,-9999,-9999,-9999,-9999,-9999,-9999,-9999,-9999,-0.00002829884942912031
"2025-06-19 15:29:42",19.6,19.6,20,20.1,19.9,19.9,20.1,19.9,19.8,19.8,19.7,-9999,-9999,-9999,-9999,-9999,-9999,-9999,-9999,-9999,-0.00002830731864378322
"2025-06-19 15:29:52",19.6,19.6,20,20.1,19.9,19.9,20.1,20,19.8,19.8,19.7,-9999,-9999,-9999,-9999,-9999,-9999,-9999,-9999,-9999,-0.00002827054777299054
"2025-06-19 15:30:03",19.6,19.6,20,20.1,20,19.9,20.1,20,19.8,19.8,19.7,-9999,-9999,-9999,-9999,-9999,-9999,-9999,-9999,-9999,-0.00002829285767802503
"2025-06-19 15:30:13",19.6,19.6,20,20.1,20,19.9,20.1,20,19.8,19.8,19.7,-9999,-9999,-9999,-9999,-9999,-9999,-9999,-9999,-9999,-0.000028286247470532544
"2025-06-19 15:30:23",19.6,19.6,20,20.1,19.9,19.9,20.1,20,19.8,19.8,19.7,-9999,-9999,-9999,-9999,-9999,-9999,-9999,-9999,-9999,-0.00002829203185683582
"2025-06-19 15:30:34",19.6,19.6,20,20.1,20,19.9,20.1,20,19.8,19.8,19.7,-9999,-9999,-9999,-9999,-9999,-9999,-9999,-9999,-9999,-0.000028302154532866552
"2025-06-19 15:30:44",19.6,19.6,20,20.1,20,19.9,20.1,20,19.8,19.8,19.7,-9999,-9999,-9999,-9999,-9999,-9999,-9999,-9999,-9999,-0.000028293065042817034
"2025-06-19 15:30:55",19.6,19.6,20,20.1,19.9,19.9,20.1,20,19.8,19.8,19.7,-9999,-9999,-9999,-9999,-9999,-9999,-9999,-9999,-9999,-0.00002828666038112715
"2025-06-19 15:31:05",19.6,19.6,20.1,20.1,20,19.9,20.2,20,19.8,19.8,19.7,-9999,-9999,-9999,-9999,-9999,-9999,-9999,-9999,-9999,-0.000028310210836934857
"2025-06-19 15:31:15",19.6,19.6,20,20.1,19.9,19.9,20.1,20,19.8,19.8,19.7,-9999,-9999,-9999,-9999,-9999,-9999,-9999,-9999,-9999,-0.000028298436518525705
"2025-06-19 15:31:26",19.6,19.6,20,20.1,20,19.9,20.1,19.9,19.8,19.8,19.7,-9999,-9999,-9999,-9999,-9999,-9999,-9999,-9999,-9999,-0.00002826910167641472
"2025-06-19 15:31:36",19.6,19.6,20,20.2,20,19.9,20.2,20,19.8,19.8,19.7,-9999,-9999,-9999,-9999,-9999,-9999,-9999,-9999,-9999,-0.00002827984280884266
"2025-06-19 15:31:47",19.6,19.6,20,20.1,19.9,19.9,20.2,20,19.8,19.8,19.7,-9999,-9999,-9999,-9999,-9999,-9999,-9999,-9999,-9999,-0.000028268894311622716
"2025-06-19 15:31:57",19.6,19.6,20,20.1,20,19.9,20.2,19.9,19.8,19.8,19.7,-9999,-9999,-9999,-9999,-9999,-9999,-9999,-9999,-9999,-0.000028315169402048923
"2025-06-19 15:32:07",19.6,19.6,20,20.1,20,19.9,20.1,20,19.8,19.8,19.7,-9999,-9999,-9999,-9999,-9999,-9999,-9999,-9999,-9999,-0.00002829141158144921
"2025-06-19 15:32:18",19.6,19.6,20,20.1,20,19.9,20.1,20,19.8,19.8,19.7,-9999,-9999,-9999,-9999,-9999,-9999,-9999,-9999,-9999,-0.00002831930214597378
"2025-06-19 15:32:28",19.6,19.6,20,20.1,20,19.9,20.1,19.9,19.8,19.8,19.7,-9999,-9999,-9999,-9999,-9999,-9999,-9999,-9999,-9999,-0.0000283058725472074
"2025-06-19 15:32:39",19.6,19.6,20,20.1,20,19.9,20.1,20,19.8,19.8,19.7,-9999,-9999,-9999,-9999,-9999,-9999,-9999,-9999,-9999,-0.000028295131414779462
"2025-06-19 15:32:49",19.6,19.6,20,20.1,19.9,19.9,20.1,19.9,19.8,19.8,19.7,-9999,-9999,-9999,-9999,-9999,-9999,-9999,-9999,-9999,-0.000028319920602370985
"2025-06-19 15:32:59",19.6,19.6,20,20.1,20,19.9,20.1,19.9,19.8,19.8,19.7,-9999,-9999,-9999,-9999,-9999,-9999,-9999,-9999,-9999,-0.000028296370146563277
"2025-06-19 15:33:10",19.6,19.6,20,20.1,20,19.9,20.1,19.9,19.8,19.8,19.7,-9999,-9999,-9999,-9999,-9999,-9999,-9999,-9999,-9999,-0.00002827901698765345
"2025-06-19 15:33:20",19.6,19.6,20,20.1,20,19.9,20.1,20,19.8,19.8,19.7,-9999,-9999,-9999,-9999,-9999,-9999,-9999,-9999,-9999,-0.00002828356264217291
"2025-06-19 15:33:30",19.6,19.6,20,20.1,19.9,19.9,20.1,20,19.8,19.8,19.7,-9999,-9999,-9999,-9999,-9999,-9999,-9999,-9999,-9999,-0.00002830442645063158
"2025-06-19 15:33:41",19.6,19.6,20,20.1,20,19.9,20.1,20,19.8,19.7,19.7,-9999,-9999,-9999,-9999,-9999,-9999,-9999,-9999,-9999,-0.00002831723577401135
"2025-06-19 15:33:51",19.6,19.6,20,20.1,19.9,19.9,20.1,20,19.8,19.8,19.6,-9999,-9999,-9999,-9999,-9999,-9999,-9999,-9999,-9999,-0.00002829884942912031
"2025-06-19 15:34:02",19.6,19.6,20,20.1,20,19.9,20.2,20,19.8,19.7,19.6,-9999,-9999,-9999,-9999,-9999,-9999,-9999,-9999,-9999,-0.00002827054777299054
"2025-06-19 15:34:12",19.6,19.6,20,20.1,20,19.9,20.1,20,19.8,19.7,19.7,-9999,-9999,-9999,-9999,-9999,-9999,-9999,-9999,-9999,-0.00002827963726304006
"2025-06-19 15:34:22",19.6,19.6,20,20.1,19.9,19.9,20.1,20,19.8,19.7,19.7,-9999,-9999,-9999,-9999,-9999,-9999,-9999,-9999,-9999,-0.000028274678697925992
"2025-06-19 15:34:33",19.6,19.6,20,20.1,20,19.9,20.1,20,19.8,19.7,19.7,-9999,-9999,-9999,-9999,-9999,-9999,-9999,-9999,-9999,-0.000028314756491454318
"2025-06-19 15:34:43",19.6,19.6,20,20.1,19.9,19.9,20.1,20,19.8,19.7,19.7,-9999,-9999,-9999,-9999,-9999,-9999,-9999,-9999,-9999,-0.00002828666038112715
"2025-06-19 15:34:53",19.6,19.6,20,20.1,19.9,19.9,20.1,19.9,19.8,19.7,19.6,-9999,-9999,-9999,-9999,-9999,-9999,-9999,-9999,-9999,-0.000028296990421949886
"2025-06-19 15:35:04",19.6,19.6,20,20.1,19.9,19.9,20.1,19.9,19.8,19.8,19.7,-9999,-9999,-9999,-9999,-9999,-9999,-9999,-9999,-9999,-0.000028288106477702968
"2025-06-19 15:35:14",19.6,19.6,20,20.1,19.9,19.9,20.1,20,19.8,19.8,19.7,-9999,-9999,-9999,-9999,-9999,-9999,-9999,-9999,-9999,-0.000028311451387708075
"2025-06-19 15:35:25",19.6,19.6,20.1,20.1,19.9,19.9,20.1,20,19.8,19.8,19.7,-9999,-9999,-9999,-9999,-9999,-9999,-9999,-9999,-9999,-0.000028289347028476186
"2025-06-19 15:35:35",19.6,19.6,20,20.1,20,19.9,20.1,19.9,19.8,19.7,19.7,-9999,-9999,-9999,-9999,-9999,-9999,-9999,-9999,-9999,-0.000028295336960582063
"2025-06-19 15:35:45",19.6,19.6,20,20.1,19.9,19.9,20.1,20,19.8,19.7,19.7,-9999,-9999,-9999,-9999,-9999,-9999,-9999,-9999,-9999,-0.00002830711309798062
"2025-06-19 15:35:56",19.5,19.6,20,20.1,19.9,19.9,20.2,20,19.8,19.8,19.6,-9999,-9999,-9999,-9999,-9999,-9999,-9999,-9999,-9999,-0.000028302154532866552
"2025-06-19 15:36:06",19.6,19.6,20,20.1,20,19.9,20.1,19.9,19.8,19.7,19.7,-9999,-9999,-9999,-9999,-9999,-9999,-9999,-9999,-9999,-0.00002830504672601819
"2025-06-19 15:36:17",19.6,19.6,20,20.1,19.9,19.9,20.1,19.9,19.8,19.8,19.6,-9999,-9999,-9999,-9999,-9999,-9999,-9999,-9999,-9999,-0.000028293890864006244
"2025-06-19 15:36:27",19.6,19.6,20,20.1,19.9,19.9,20.1,19.9,19.8,19.7,19.7,-9999,-9999,-9999,-9999,-9999,-9999,-9999,-9999,-9999,-0.000028286041924729943
"2025-06-19 15:36:37",19.6,19.6,20,20.1,20,19.9,20.1,19.9,19.8,19.7,19.7,-9999,-9999,-9999,-9999,-9999,-9999,-9999,-9999,-9999,-0.000028280670449021272
"2025-06-19 15:36:48",19.6,19.6,20,20.1,20,19.9,20.2,20,19.8,19.8,19.7,-9999,-9999,-9999,-9999,-9999,-9999,-9999,-9999,-9999,-0.000028287280656513758
"2025-06-19 15:36:58",19.6,19.6,20,20.1,20,19.9,20.2,20,19.8,19.8,19.7,-9999,-9999,-9999,-9999,-9999,-9999,-9999,-9999,-9999,-0.000028296164600760676
"2025-06-19 15:37:08",19.6,19.6,20,20.1,20,19.9,20.1,20,19.8,19.8,19.7,-9999,-9999,-9999,-9999,-9999,-9999,-9999,-9999,-9999,-0.000028286247470532544
"2025-06-19 15:37:19",19.6,19.6,20,20.1,20,19.9,20.2,20,19.8,19.8,19.7,-9999,-9999,-9999,-9999,-9999,-9999,-9999,-9999,-9999,-0.00002828438846336212
"2025-06-19 15:37:29",19.6,19.6,20,20.1,20,19.9,20.1,20,19.8,19.7,19.7,-9999,-9999,-9999,-9999,-9999,-9999,-9999,-9999,-9999,-0.000028283975552767515
"2025-06-19 15:37:40",19.6,19.6,20,20.1,20,19.9,20.1,20,19.8,19.7,19.7,-9999,-9999,-9999,-9999,-9999,-9999,-9999,-9999,-9999,-0.000028306079911999404
"2025-06-19 15:37:50",19.6,19.6,20,20.1,20,19.9,20.1,20,19.8,19.8,19.7,-9999,-9999,-9999,-9999,-9999,-9999,-9999,-9999,-9999,-0.000028280875994823873
"2025-06-19 15:38:00",19.5,19.6,20,20.1,19.9,19.9,20.2,20,19.8,19.7,19.7,-9999,-9999,-9999,-9999,-9999,-9999,-9999,-9999,-9999,-0.000028289347028476186
"2025-06-19 15:38:11",19.6,19.6,20,20.1,20,19.9,20.1,20,19.8,19.7,19.7,-9999,-9999,-9999,-9999,-9999,-9999,-9999,-9999,-9999,-0.000028298642064328305
"2025-06-19 15:38:21",19.5,19.6,20,20.1,20,19.9,20.2,20,19.8,19.7,19.7,-9999,-9999,-9999,-9999,-9999,-9999,-9999,-9999,-9999,-0.000028302154532866552
"2025-06-19 15:38:31",19.6,19.6,20,20.1,20,19.9,20.2,20,19.8,19.7,19.6,-9999,-9999,-9999,-9999,-9999,-9999,-9999,-9999,-9999,-0.00002827881144185085
"2025-06-19 15:38:42",19.6,19.6,20,20.1,20,19.9,20.1,19.9,19.8,19.7,19.6,-9999,-9999,-9999,-9999,-9999,-9999,-9999,-9999,-9999,-0.00002829203185683582
"2025-06-19 15:38:52",19.6,19.6,20,20.1,20,19.9,20.1,20,19.8,19.7,19.7,-9999,-9999,-9999,-9999,-9999,-9999,-9999,-9999,-9999,-0.000028280875994823873
"2025-06-19 15:39:03",19.5,19.6,20,20.1,19.9,19.9,20.1,19.9,19.8,19.7,19.7,-9999,-9999,-9999,-9999,-9999,-9999,-9999,-9999,-9999,-0.000028274678697925992
"2025-06-19 15:39:13",19.6,19.6,20,20.1,20,19.9,20.1,19.9,19.8,19.7,19.6,-9999,-9999,-9999,-9999,-9999,-9999,-9999,-9999,-9999,-0.000028288519388297573
"2025-06-19 15:39:23",19.5,19.6,20,20.1,19.9,19.9,20.2,20,19.8,19.7,19.6,-9999,-9999,-9999,-9999,-9999,-9999,-9999,-9999,-9999,-0.000028298642064328305
"2025-06-19 15:39:34",19.6,19.6,20,20.1,19.9,19.9,20.1,20,19.8,19.7,19.6,-9999,-9999,-9999,-9999,-9999,-9999,-9999,-9999,-9999,-0.000028295336960582063
"2025-06-19 15:39:44",19.6,19.6,20,20.1,19.9,19.9,20.1,19.9,19.8,19.7,19.6,-9999,-9999,-9999,-9999,-9999,-9999,-9999,-9999,-9999,-0.000028294924049987458
"2025-06-19 15:39:54",19.6,19.6,20,20.1,19.9,19.9,20.1,20,19.8,19.7,19.7,-9999,-9999,-9999,-9999,-9999,-9999,-9999,-9999,-9999,-0.00002829182631103322
"2025-06-19 15:40:05",19.6,19.6,20,20.1,19.9,19.9,20.2,20,19.8,19.7,19.6,-9999,-9999,-9999,-9999,-9999,-9999,-9999,-9999,-9999,-0.000028296990421949886
"2025-06-19 15:40:15",19.5,19.6,20,20.1,19.9,19.9,20.2,20,19.8,19.7,19.6,-9999,-9999,-9999,-9999,-9999,-9999,-9999,-9999,-9999,-0.00002827591924869921
"2025-06-19 15:40:26",19.6,19.6,20,20.1,20,19.9,20.1,20,19.9,19.7,19.7,-9999,-9999,-9999,-9999,-9999,-9999,-9999,-9999,-9999,-0.000028321574063738808
"2025-06-19 15:40:36",19.5,19.6,20,20.1,20,19.9,20.1,20,19.8,19.7,19.7,-9999,-9999,-9999,-9999,-9999,-9999,-9999,-9999,-9999,-0.000028280463084229268
"2025-06-19 15:40:46",19.6,19.6,20,20.1,19.9,19.9,20.2,20,19.8,19.7,19.6,-9999,-9999,-9999,-9999,-9999,-9999,-9999,-9999,-9999,-0.00002828893411788158
"2025-06-19 15:40:57",19.6,19.6,20,20.1,19.9,19.9,20.1,20,19.8,19.7,19.7,-9999,-9999,-9999,-9999,-9999,-9999,-9999,-9999,-9999,-0.000028294098228798248
"2025-06-19 15:41:07",19.6,19.6,20,20.1,19.9,19.9,20.2,20,19.8,19.7,19.7,-9999,-9999,-9999,-9999,-9999,-9999,-9999,-9999,-9999,-0.000028323433070909232
"2025-06-19 15:41:18",19.6,19.6,20,20.1,19.9,19.9,20.1,20,19.8,19.8,19.7,-9999,-9999,-9999,-9999,-9999,-9999,-9999,-9999,-9999,-0.000028271166229387745
"2025-06-19 15:41:28",19.5,19.6,20,20.1,19.9,19.9,20.1,20,19.8,19.7,19.6,-9999,-9999,-9999,-9999,-9999,-9999,-9999,-9999,-9999,-0.00002829347795341164
"2025-06-19 15:41:38",19.6,19.6,20,20.1,19.9,19.9,20.1,19.9,19.8,19.7,19.7,-9999,-9999,-9999,-9999,-9999,-9999,-9999,-9999,-9999,-0.000028289347028476186
"2025-06-19 15:41:49",19.6,19.6,20,20.1,19.9,19.9,20.1,20,19.8,19.7,19.6,-9999,-9999,-9999,-9999,-9999,-9999,-9999,-9999,-9999,-0.00002832012796716299
"2025-06-19 15:41:59",19.6,19.6,20,20.1,19.9,19.9,20.1,20,19.8,19.7,19.7,-9999,-9999,-9999,-9999,-9999,-9999,-9999,-9999,-9999,-0.000028298642064328305
"2025-06-19 15:42:09",19.6,19.6,20,20.1,20,19.9,20.1,20,19.8,19.7,19.6,-9999,-9999,-9999,-9999,-9999,-9999,-9999,-9999,-9999,-0.00002829203185683582
"2025-06-19 15:42:20",19.6,19.6,20,20.1,19.9,19.9,20.2,20,19.8,19.7,19.6,-9999,-9999,-9999,-9999,-9999,-9999,-9999,-9999,-9999,-0.000028305459636612795
"2025-06-19 15:42:30",19.6,19.6,20,20.1,20,19.9,20.2,20,19.9,19.7,19.7,-9999,-9999,-9999,-9999,-9999,-9999,-9999,-9999,-9999,-0.000028308764740359038
"2025-06-19 15:42:41",19.6,19.6,20,20.1,19.9,19.9,20.1,20,19.8,19.7,19.7,-9999,-9999,-9999,-9999,-9999,-9999,-9999,-9999,-9999,-0.000028267242669244297
"2025-06-19 15:42:51",19.6,19.6,20,20.1,19.9,19.9,20.2,20,19.9,19.7,19.7,-9999,-9999,-9999,-9999,-9999,-9999,-9999,-9999,-9999,-0.000028310625566518866
"2025-06-19 15:43:01",19.6,19.6,20,20.1,19.9,19.9,20.2,20,19.9,19.7,19.7,-9999,-9999,-9999,-9999,-9999,-9999,-9999,-9999,-9999,-0.00002830112134688534
"2025-06-19 15:43:12",19.6,19.6,20,20.1,19.9,19.9,20.2,20,19.8,19.7,19.7,-9999,-9999,-9999,-9999,-9999,-9999,-9999,-9999,-9999,-0.00002829740333254449
"2025-06-19 15:43:22",19.6,19.6,20,20.1,19.9,19.9,20.2,20,19.8,19.7,19.7,-9999,-9999,-9999,-9999,-9999,-9999,-9999,-9999,-9999,-0.00002829285767802503
"2025-06-19 15:43:32",19.6,19.6,20,20.1,20,19.9,20.1,20,19.8,19.8,19.7,-9999,-9999,-9999,-9999,-9999,-9999,-9999,-9999,-9999,-0.0000283058725472074
"2025-06-19 15:43:43",19.6,19.6,20,20.1,20,19.9,20.1,20,19.8,19.8,19.6,-9999,-9999,-9999,-9999,-9999,-9999,-9999,-9999,-9999,-0.000028283355277380906
"2025-06-19 15:43:53",19.6,19.6,20,20.1,20,19.9,20.1,20,19.8,19.8,19.7,-9999,-9999,-9999,-9999,-9999,-9999,-9999,-9999,-9999,-0.000028316202588030137
"2025-06-19 15:44:04",19.6,19.6,20,20.1,19.9,19.9,20.2,20,19.8,19.7,19.7,-9999,-9999,-9999,-9999,-9999,-9999,-9999,-9999,-9999,-0.0000282752989733126
"2025-06-19 15:44:14",19.6,19.6,20,20.1,20,19.9,20.1,20,19.8,19.7,19.7,-9999,-9999,-9999,-9999,-9999,-9999,-9999,-9999,-9999,-0.000028294511139392853
"2025-06-19 15:44:24",19.6,19.6,20,20.1,19.9,19.9,20.2,20,19.8,19.7,19.7,-9999,-9999,-9999,-9999,-9999,-9999,-9999,-9999,-9999,-0.00002829884942912031
"2025-06-19 15:44:35",19.6,19.6,20,20.1,19.9,19.9,20.1,20,19.9,19.7,19.6,-9999,-9999,-9999,-9999,-9999,-9999,-9999,-9999,-9999,-0.000028297610697336495
"2025-06-19 15:44:45",19.6,19.6,20.1,20.1,20,19.9,20.2,20,19.9,19.7,19.7,-9999,-9999,-9999,-9999,-9999,-9999,-9999,-9999,-9999,-0.00002828356264217291
"2025-06-19 15:44:56",19.6,19.6,20,20.1,20,19.9,20.2,20,19.8,19.7,19.7,-9999,-9999,-9999,-9999,-9999,-9999,-9999,-9999,-9999,-0.00002829740333254449
"2025-06-19 15:45:06",19.6,19.6,20.1,20.1,19.9,19.9,20.2,20,19.9,19.8,19.7,-9999,-9999,-9999,-9999,-9999,-9999,-9999,-9999,-9999,-0.000028281083359615877
"2025-06-19 15:45:16",19.6,19.6,20,20.1,19.9,19.9,20.2,20,19.8,19.8,19.7,-9999,-9999,-9999,-9999,-9999,-9999,-9999,-9999,-9999,-0.00002828521428455133
"2025-06-19 15:45:27",19.6,19.6,20.1,20.1,19.9,19.9,20.2,20,19.8,19.8,19.6,-9999,-9999,-9999,-9999,-9999,-9999,-9999,-9999,-9999,-0.00002828975993907079
"2025-06-19 15:45:37",19.6,19.6,20,20.1,19.9,19.9,20.2,20,19.9,19.7,19.7,-9999,-9999,-9999,-9999,-9999,-9999,-9999,-9999,-9999,-0.000028289552574278787
"2025-06-19 15:45:47",19.6,19.6,20,20.1,19.9,19.9,20.2,20,19.8,19.8,19.7,-9999,-9999,-9999,-9999,-9999,-9999,-9999,-9999,-9999,-0.00002828521428455133
"2025-06-19 15:45:58",19.6,19.6,20,20.1,19.9,19.9,20.2,20,19.9,19.8,19.7,-9999,-9999,-9999,-9999,-9999,-9999,-9999,-9999,-9999,-0.000028283975552767515
"2025-06-19 15:46:08",19.6,19.6,20,20.1,20,19.9,20.2,20,19.8,19.7,19.7,-9999,-9999,-9999,-9999,-9999,-9999,-9999,-9999,-9999,-0.000028287488021305762
"2025-06-19 15:46:19",19.6,19.6,20,20.1,20,19.9,20.2,20,19.9,19.7,19.6,-9999,-9999,-9999,-9999,-9999,-9999,-9999,-9999,-9999,-0.00002828666038112715
"2025-06-19 15:46:29",19.6,19.6,20,20.1,20,19.9,20.2,20,19.8,19.8,19.7,-9999,-9999,-9999,-9999,-9999,-9999,-9999,-9999,-9999,-0.000028290793125052005
"2025-06-19 15:46:39",19.6,19.6,20,20.1,19.9,19.9,20.2,20,19.8,19.8,19.7,-9999,-9999,-9999,-9999,-9999,-9999,-9999,-9999,-9999,-0.000028281496270210482
"2025-06-19 15:46:50",19.6,19.6,20,20.1,20,19.9,20.2,20,19.8,19.8,19.7,-9999,-9999,-9999,-9999,-9999,-9999,-9999,-9999,-9999,-0.00002829678305715788
"2025-06-19 15:47:00",19.6,19.6,20,20.1,20,19.9,20.2,20,19.8,19.8,19.7,-9999,-9999,-9999,-9999,-9999,-9999,-9999,-9999,-9999,-0.000028281909180805087
"2025-06-19 15:47:10",19.6,19.6,20,20.1,20,19.9,20.2,20,19.9,19.8,19.7,-9999,-9999,-9999,-9999,-9999,-9999,-9999,-9999,-9999,-0.000028296370146563277
"2025-06-19 15:47:21",19.6,19.6,20,20.1,20,19.9,20.2,20,19.9,19.8,19.7,-9999,-9999,-9999,-9999,-9999,-9999,-9999,-9999,-9999,-0.00002829946970450692
"2025-06-19 15:47:31",19.6,19.6,20,20.1,20,19.9,20.2,20,19.9,19.8,19.7,-9999,-9999,-9999,-9999,-9999,-9999,-9999,-9999,-9999,-0.000028280050173634663
"2025-06-19 15:47:42",19.6,19.6,20,20.1,20,19.9,20.2,20,19.8,19.8,19.7,-9999,-9999,-9999,-9999,-9999,-9999,-9999,-9999,-9999,-0.00002830484118021559
"2025-06-19 15:47:52",19.6,19.6,20,20.1,20,19.9,20.2,20,19.8,19.7,19.7,-9999,-9999,-9999,-9999,-9999,-9999,-9999,-9999,-9999,-0.000028297195967752486
"2025-06-19 15:48:02",19.6,19.6,20,20.1,20,19.9,20.2,20,19.9,19.8,19.7,-9999,-9999,-9999,-9999,-9999,-9999,-9999,-9999,-9999,-0.000028296370146563277
"2025-06-19 15:48:13",19.5,19.6,20,20.1,20,19.9,20.2,20,19.9,19.7,19.7,-9999,-9999,-9999,-9999,-9999,-9999,-9999,-9999,-9999,-0.00002828583455993794
"2025-06-19 15:48:23",19.6,19.6,20,20.1,20,19.9,20.2,20,19.8,19.8,19.7,-9999,-9999,-9999,-9999,-9999,-9999,-9999,-9999,-9999,-0.000028298436518525705
"2025-06-19 15:48:33",19.6,19.6,20,20.1,20,19.9,20.2,20,19.9,19.8,19.7,-9999,-9999,-9999,-9999,-9999,-9999,-9999,-9999,-9999,-0.000028278604077058844
"2025-06-19 15:48:44",19.6,19.6,20,20.1,20,19.9,20.2,20,19.8,19.7,19.7,-9999,-9999,-9999,-9999,-9999,-9999,-9999,-9999,-9999,-0.000028301741622271948
"2025-06-19 15:48:54",19.6,19.6,20,20.1,19.9,19.9,20.2,20,19.9,19.7,19.7,-9999,-9999,-9999,-9999,-9999,-9999,-9999,-9999,-9999,-0.000028281496270210482
"2025-06-19 15:49:05",19.6,19.6,20.1,20.1,19.9,19.9,20.2,20,19.9,19.7,19.6,-9999,-9999,-9999,-9999,-9999,-9999,-9999,-9999,-9999,-0.000028288313842494972
"2025-06-19 15:49:15",19.6,19.6,20,20.1,20,19.9,20.2,20,19.8,19.8,19.7,-9999,-9999,-9999,-9999,-9999,-9999,-9999,-9999,-9999,-0.000028298436518525705
"2025-06-19 15:49:25",19.6,19.6,20,20.1,20,19.9,20.2,20,19.9,19.7,19.7,-9999,-9999,-9999,-9999,-9999,-9999,-9999,-9999,-9999,-0.00002831186429830268
"2025-06-19 15:49:36",19.6,19.6,20,20.1,20,19.9,20.2,20,19.8,19.7,19.7,-9999,-9999,-9999,-9999,-9999,-9999,-9999,-9999,-9999,-0.000028288106477702968
"2025-06-19 15:49:46",19.6,19.6,20,20.1,20,19.9,20.2,20,19.8,19.7,19.7,-9999,-9999,-9999,-9999,-9999,-9999,-9999,-9999,-9999,-0.000028295544325374067
"2025-06-19 15:49:56",19.6,19.6,20.1,20.1,20,19.9,20.2,20,19.8,19.7,19.7,-9999,-9999,-9999,-9999,-9999,-9999,-9999,-9999,-9999,-0.00002829740333254449
"2025-06-19 15:50:07",19.6,19.6,20,20.1,20,19.9,20.2,20,19.8,19.7,19.7,-9999,-9999,-9999,-9999,-9999,-9999,-9999,-9999,-9999,-0.00002829265213222243
"2025-06-19 15:50:17",19.6,19.6,20,20.1,19.9,19.9,20.2,20,19.8,19.8,19.6,-9999,-9999,-9999,-9999,-9999,-9999,-9999,-9999,-9999,-0.000028292444767430425
"2025-06-19 15:50:28",19.6,19.6,20,20.1,20,19.9,20.2,20,19.8,19.7,19.6,-9999,-9999,-9999,-9999,-9999,-9999,-9999,-9999,-9999,-0.000028299056793912314
"2025-06-19 15:50:38",19.5,19.6,20,20.1,20,19.9,20.2,20,19.8,19.7,19.7,-9999,-9999,-9999,-9999,-9999,-9999,-9999,-9999,-9999,-0.000028280050173634663
"2025-06-19 15:50:48",19.6,19.6,20,20.1,20,19.9,20.2,20,19.8,19.7,19.7,-9999,-9999,-9999,-9999,-9999,-9999,-9999,-9999,-9999,-0.00002827674506988842
"2025-06-19 15:50:59",19.6,19.6,20,20.1,20,19.9,20.1,20,19.8,19.7,19.6,-9999,-9999,-9999,-9999,-9999,-9999,-9999,-9999,-9999,-0.000028322812795522623
"2025-06-19 15:51:09",19.6,19.6,20,20.1,20,19.9,20.2,20,19.9,19.7,19.6,-9999,-9999,-9999,-9999,-9999,-9999,-9999,-9999,-9999,-0.000028287488021305762
"2025-06-19 15:51:20",19.6,19.6,20,20.1,20,19.9,20.2,20,19.8,19.7,19.7,-9999,-9999,-9999,-9999,-9999,-9999,-9999,-9999,-9999,-0.00002829141158144921
"2025-06-19 15:51:30",19.6,19.6,20,20.1,19.9,19.9,20.2,20,19.8,19.7,19.7,-9999,-9999,-9999,-9999,-9999,-9999,-9999,-9999,-9999,-0.000028299056793912314
"2025-06-19 15:51:40",19.6,19.6,20,20.1,20,19.9,20.2,20,19.8,19.7,19.7,-9999,-9999,-9999,-9999,-9999,-9999,-9999,-9999,-9999,-0.000028284181098570116
"2025-06-19 15:51:51",19.6,19.6,20,20.1,20,19.9,20.2,20,19.8,19.8,19.7,-9999,-9999,-9999,-9999,-9999,-9999,-9999,-9999,-9999,-0.000028295131414779462
"2025-06-19 15:52:01",19.6,19.6,20,20.1,19.9,19.9,20.2,20,19.8,19.7,19.7,-9999,-9999,-9999,-9999,-9999,-9999,-9999,-9999,-9999,-0.000028287900931900367
"2025-06-19 15:52:11",19.6,19.6,20,20.1,20,19.9,20.2,20,19.9,19.8,19.7,-9999,-9999,-9999,-9999,-9999,-9999,-9999,-9999,-9999,-0.000028295544325374067
"2025-06-19 15:52:22",19.6,19.6,20,20.1,20,19.9,20.2,20,19.8,19.7,19.7,-9999,-9999,-9999,-9999,-9999,-9999,-9999,-9999,-9999,-0.000028301948987063952
"2025-06-19 15:52:32",19.6,19.6,20.1,20.1,20,19.9,20.2,20,19.9,19.7,19.7,-9999,-9999,-9999,-9999,-9999,-9999,-9999,-9999,-9999,-0.00002829058576026
"2025-06-19 15:52:43",19.6,19.6,20,20.1,20,19.9,20.2,20,19.9,19.8,19.7,-9999,-9999,-9999,-9999,-9999,-9999,-9999,-9999,-9999,-0.000028321366698946804
"2025-06-19 15:52:53",19.6,19.6,20,20.1,20,19.9,20.2,20,19.8,19.8,19.7,-9999,-9999,-9999,-9999,-9999,-9999,-9999,-9999,-9999,-0.000028297816243139096
"2025-06-19 15:53:03",19.6,19.6,20,20.1,19.9,19.9,20.2,20,19.9,19.8,19.7,-9999,-9999,-9999,-9999,-9999,-9999,-9999,-9999,-9999,-0.000028270134862395935
"2025-06-19 15:53:14",19.6,19.6,20,20.1,20,19.9,20.2,20,19.8,19.8,19.7,-9999,-9999,-9999,-9999,-9999,-9999,-9999,-9999,-9999,-0.000028268688765820116
"2025-06-19 15:53:24",19.6,19.6,20,20.1,20,19.9,20.2,20,19.8,19.7,19.7,-9999,-9999,-9999,-9999,-9999,-9999,-9999,-9999,-9999,-0.000028317648684605956
"2025-06-19 15:53:34",19.6,19.6,20,20.1,20,19.9,20.2,20,19.8,19.8,19.7,-9999,-9999,-9999,-9999,-9999,-9999,-9999,-9999,-9999,-0.000028291618946241215
"2025-06-19 15:53:45",19.6,19.6,20,20.1,19.9,19.9,20.2,20,19.9,19.8,19.7,-9999,-9999,-9999,-9999,-9999,-9999,-9999,-9999,-9999,-0.000028287693567108363
"2025-06-19 15:53:55",19.6,19.6,20,20.1,20,19.9,20.2,20,19.9,19.7,19.7,-9999,-9999,-9999,-9999,-9999,-9999,-9999,-9999,-9999,-0.000028295749871176668
"2025-06-19 15:54:06",19.6,19.6,20,20.1,19.9,19.9,20.1,20,19.8,19.7,19.7,-9999,-9999,-9999,-9999,-9999,-9999,-9999,-9999,-9999,-0.00002828893411788158
"2025-06-19 15:54:16",19.6,19.6,20,20.1,20,19.9,20.2,20,19.8,19.8,19.7,-9999,-9999,-9999,-9999,-9999,-9999,-9999,-9999,-9999,-0.00002832405334629584
"2025-06-19 15:54:26",19.6,19.6,20,20.1,20,19.9,20.2,20,19.8,19.8,19.7,-9999,-9999,-9999,-9999,-9999,-9999,-9999,-9999,-9999,-0.00002830649282259401
"2025-06-19 15:54:37",19.6,19.6,20,20.1,20,19.9,20.2,20,19.8,19.8,19.7,-9999,-9999,-9999,-9999,-9999,-9999,-9999,-9999,-9999,-0.00002830731864378322
"2025-06-19 15:54:47",19.6,19.6,20,20.1,20,19.9,20.2,20,19.8,19.7,19.7,-9999,-9999,-9999,-9999,-9999,-9999,-9999,-9999,-9999,-0.000028296990421949886
"2025-06-19 15:54:58",19.6,19.6,20,20.1,19.9,19.9,20.2,20,19.8,19.8,19.7,-9999,-9999,-9999,-9999,-9999,-9999,-9999,-9999,-9999,-0.00002829430377460085
"2025-06-19 15:55:08",19.6,19.6,20,20.1,20,19.9,20.2,20,19.9,19.8,19.7,-9999,-9999,-9999,-9999,-9999,-9999,-9999,-9999,-9999,-0.00002829058576026
"2025-06-19 15:55:18",19.6,19.6,20,20.1,20,19.9,20.2,20,19.8,19.7,19.7,-9999,-9999,-9999,-9999,-9999,-9999,-9999,-9999,-9999,-0.000028293685318203643
"2025-06-19 15:55:29",19.6,19.6,20,20.1,20,19.9,20.2,20,19.8,19.7,19.7,-9999,-9999,-9999,-9999,-9999,-9999,-9999,-9999,-9999,-0.00002829141158144921
"2025-06-19 15:55:39",19.5,19.6,20,20.1,20,19.9,20.2,20,19.8,19.7,19.7,-9999,-9999,-9999,-9999,-9999,-9999,-9999,-9999,-9999,-0.000028280463084229268
"2025-06-19 15:55:49",19.6,19.6,20,20.1,20,19.9,20.2,20,19.8,19.8,19.7,-9999,-9999,-9999,-9999,-9999,-9999,-9999,-9999,-9999,-0.000028305254090810195
"2025-06-19 15:56:00",19.6,19.6,20,20.1,20,19.9,20.2,20,19.8,19.8,19.7,-9999,-9999,-9999,-9999,-9999,-9999,-9999,-9999,-9999,-0.000028300708436290734
"2025-06-19 15:56:10",19.6,19.6,20,20.1,20,19.9,20.2,20,19.9,19.7,19.7,-9999,-9999,-9999,-9999,-9999,-9999,-9999,-9999,-9999,-0.000028293272407609038
"2025-06-19 15:56:21",19.6,19.6,20,20.1,20,19.9,20.2,20,19.9,19.8,19.7,-9999,-9999,-9999,-9999,-9999,-9999,-9999,-9999,-9999,-0.0000283058725472074
"2025-06-19 15:56:31",19.6,19.6,20,20.1,19.9,19.9,20.2,20,19.9,19.8,19.7,-9999,-9999,-9999,-9999,-9999,-9999,-9999,-9999,-9999,-0.000028322194339125417
"2025-06-19 15:56:41",19.6,19.6,20,20.1,20,19.9,20.2,20,19.8,19.8,19.7,-9999,-9999,-9999,-9999,-9999,-9999,-9999,-9999,-9999,-0.00002832549944287166
"2025-06-19 15:56:52",19.6,19.6,20,20.1,20,19.9,20.2,20,19.8,19.8,19.7,-9999,-9999,-9999,-9999,-9999,-9999,-9999,-9999,-9999,-0.000028281496270210482
"2025-06-19 15:57:02",19.6,19.6,20,20.1,20,20,20.2,20,19.9,19.7,19.7,-9999,-9999,-9999,-9999,-9999,-9999,-9999,-9999,-9999,-0.00002829347795341164
"2025-06-19 15:57:12",19.6,19.6,20,20.1,20,19.9,20.2,20,19.9,19.8,19.7,-9999,-9999,-9999,-9999,-9999,-9999,-9999,-9999,-9999,-0.00002830277480825316
"2025-06-19 15:57:23",19.6,19.6,20,20.1,20,19.9,20.2,20,19.9,19.8,19.7,-9999,-9999,-9999,-9999,-9999,-9999,-9999,-9999,-9999,-0.00002830029552569613
"2025-06-19 15:57:33",19.6,19.6,20,20.1,20,19.9,20.2,20,19.9,19.8,19.7,-9999,-9999,-9999,-9999,-9999,-9999,-9999,-9999,-9999,-0.000028286454835324548
"2025-06-19 15:57:44",19.6,19.6,20,20.1,20,19.9,20.2,20,19.9,19.8,19.7,-9999,-9999,-9999,-9999,-9999,-9999,-9999,-9999,-9999,-0.00002828583455993794
"2025-06-19 15:57:54",19.6,19.6,20,20.1,20,19.9,20.2,20,19.9,19.8,19.7,-9999,-9999,-9999,-9999,-9999,-9999,-9999,-9999,-9999,-0.000028280257538426667
"2025-06-19 15:58:04",19.6,19.6,20,20.1,19.9,19.9,20.2,20,19.9,19.8,19.7,-9999,-9999,-9999,-9999,-9999,-9999,-9999,-9999,-9999,-0.0000282980236079311
"2025-06-19 15:58:15",19.6,19.6,20,20.1,20,19.9,20.2,20,19.9,19.8,19.7,-9999,-9999,-9999,-9999,-9999,-9999,-9999,-9999,-9999,-0.000028280463084229268
"2025-06-19 15:58:25",19.5,19.6,20,20.1,20,19.9,20.2,20,19.9,19.8,19.7,-9999,-9999,-9999,-9999,-9999,-9999,-9999,-9999,-9999,-0.00002828500873874873
"2025-06-19 15:58:36",19.5,19.6,20,20.1,20,19.9,20.2,20,19.8,19.8,19.7,-9999,-9999,-9999,-9999,-9999,-9999,-9999,-9999,-9999,-0.000028288313842494972
"2025-06-19 15:58:46",19.6,19.6,20,20.1,20,19.9,20.2,20,19.9,19.8,19.7,-9999,-9999,-9999,-9999,-9999,-9999,-9999,-9999,-9999,-0.000028297610697336495
"2025-06-19 15:58:56",19.6,19.6,20,20.1,19.9,19.9,20.2,20,19.8,19.8,19.7,-9999,-9999,-9999,-9999,-9999,-9999,-9999,-9999,-9999,-0.000028281496270210482
"2025-06-19 15:59:07",19.6,19.6,20,20.1,20,19.9,20.2,20,19.9,19.8,19.7,-9999,-9999,-9999,-9999,-9999,-9999,-9999,-9999,-9999,-0.000028300088160904124
"2025-06-19 15:59:17",19.6,19.6,20,20.1,20,19.9,20.2,20,19.9,19.7,19.7,-9999,-9999,-9999,-9999,-9999,-9999,-9999,-9999,-9999,-0.000028284181098570116
"2025-06-19 15:59:27",19.6,19.6,20,20.1,20,19.9,20.2,20,19.8,19.8,19.7,-9999,-9999,-9999,-9999,-9999,-9999,-9999,-9999,-9999,-0.00002828521428455133
"2025-06-19 15:59:38",19.6,19.6,20,20.1,20,19.9,20.2,20,19.8,19.7,19.7,-9999,-9999,-9999,-9999,-9999,-9999,-9999,-9999,-9999,-0.000028273645511944778
"2025-06-19 15:59:48",19.6,19.6,20,20.1,20,19.9,20.1,20,19.8,19.8,19.7,-9999,-9999,-9999,-9999,-9999,-9999,-9999,-9999,-9999,-0.00002830484118021559
"2025-06-19 15:59:59",19.6,19.6,20,20.1,19.9,19.9,20.2,20,19.8,19.7,19.7,-9999,-9999,-9999,-9999,-9999,-9999,-9999,-9999,-9999,-0.000028279224352445453
"2025-06-19 16:00:09",19.6,19.6,20,20.1,20,19.9,20.2,20,19.8,19.8,19.7,-9999,-9999,-9999,-9999,-9999,-9999,-9999,-9999,-9999,-0.000028315169402048923
"2025-06-19 16:00:19",19.6,19.6,20,20.1,20,19.9,20.2,20,19.8,19.7,19.7,-9999,-9999,-9999,-9999,-9999,-9999,-9999,-9999,-9999,-0.000028302567443461157
"2025-06-19 16:00:30",19.5,19.6,20,20.1,20,19.9,20.1,20,19.8,19.7,19.7,-9999,-9999,-9999,-9999,-9999,-9999,-9999,-9999,-9999,-0.000028300088160904124
"2025-06-19 16:00:40",19.6,19.6,20,20.1,20,19.9,20.2,20,19.8,19.7,19.7,-9999,-9999,-9999,-9999,-9999,-9999,-9999,-9999,-9999,-0.000028302361897658557
"2025-06-19 16:00:50",19.6,19.6,20,20.1,20,19.9,20.2,20,19.8,19.7,19.7,-9999,-9999,-9999,-9999,-9999,-9999,-9999,-9999,-9999,-0.000028296370146563277
"2025-06-19 16:01:01",19.6,19.6,20,20.1,20,19.9,20.2,20,19.8,19.8,19.7,-9999,-9999,-9999,-9999,-9999,-9999,-9999,-9999,-9999,-0.000028280670449021272
"2025-06-19 16:01:11",19.6,19.6,20,20.1,20,19.9,20.2,20,19.8,19.7,19.7,-9999,-9999,-9999,-9999,-9999,-9999,-9999,-9999,-9999,-0.000028315582312643528
"2025-06-19 16:01:22",19.6,19.6,20,20.1,20,19.9,20.2,20,19.9,19.7,19.7,-9999,-9999,-9999,-9999,-9999,-9999,-9999,-9999,-9999,-0.000028302361897658557
"2025-06-19 16:01:32",19.6,19.6,20,20.2,20,19.9,20.2,20,19.9,19.8,19.7,-9999,-9999,-9999,-9999,-9999,-9999,-9999,-9999,-9999,-0.000028281288905418478
"2025-06-19 16:01:42",19.6,19.6,20,20.1,19.9,19.9,20.2,20,19.9,19.8,19.6,-9999,-9999,-9999,-9999,-9999,-9999,-9999,-9999,-9999,-0.000028299262339714915
"2025-06-19 16:01:53",19.5,19.6,20.1,20.1,20,19.9,20.2,20,19.8,19.8,19.6,-9999,-9999,-9999,-9999,-9999,-9999,-9999,-9999,-9999,-0.000028281288905418478
"2025-06-19 16:02:03",19.6,19.6,20,20.1,20,19.9,20.2,20,19.9,19.8,19.7,-9999,-9999,-9999,-9999,-9999,-9999,-9999,-9999,-9999,-0.000028285627195145935
"2025-06-19 16:02:14",19.6,19.6,20,20.1,20,19.9,20.2,20,19.9,19.7,19.7,-9999,-9999,-9999,-9999,-9999,-9999,-9999,-9999,-9999,-0.000028288106477702968
"2025-06-19 16:02:24",19.6,19.6,20,20.1,20,19.9,20.2,20,19.9,19.8,19.7,-9999,-9999,-9999,-9999,-9999,-9999,-9999,-9999,-9999,-0.000028307733373367228
"2025-06-19 16:02:34",19.6,19.6,20.1,20.2,20,19.9,20.2,20,19.9,19.8,19.7,-9999,-9999,-9999,-9999,-9999,-9999,-9999,-9999,-9999,-0.000028301328711677343
"2025-06-19 16:02:45",19.6,19.6,20,20.2,20,19.9,20.2,20,19.9,19.7,19.7,-9999,-9999,-9999,-9999,-9999,-9999,-9999,-9999,-9999,-0.00002829884942912031
"2025-06-19 16:02:55",19.6,19.6,20.1,20.1,20,20,20.2,20,19.9,19.8,19.7,-9999,-9999,-9999,-9999,-9999,-9999,-9999,-9999,-9999,-0.0000282829423667863
"2025-06-19 16:03:05",19.6,19.6,20.1,20.1,20,20,20.2,20,19.8,19.8,19.7,-9999,-9999,-9999,-9999,-9999,-9999,-9999,-9999,-9999,-0.000028306700187386014
"2025-06-19 16:03:16",19.6,19.6,20.1,20.1,20,19.9,20.2,20,19.9,19.8,19.7,-9999,-9999,-9999,-9999,-9999,-9999,-9999,-9999,-9999,-0.000028291618946241215
"2025-06-19 16:03:26",19.6,19.6,20,20.1,20,19.9,20.2,20,19.9,19.8,19.7,-9999,-9999,-9999,-9999,-9999,-9999,-9999,-9999,-9999,-0.00002828376818797551
"2025-06-19 16:03:37",19.6,19.6,20.1,20.2,20,19.9,20.2,20,19.9,19.8,19.7,-9999,-9999,-9999,-9999,-9999,-9999,-9999,-9999,-9999,-0.000028301328711677343
"2025-06-19 16:03:47",19.6,19.6,20,20.1,20,20,20.2,20,19.9,19.8,19.7,-9999,-9999,-9999,-9999,-9999,-9999,-9999,-9999,-9999,-0.000028303187718847767
"2025-06-19 16:03:57",19.6,19.6,20.1,20.1,20,20,20.2,20,19.9,19.8,19.7,-9999,-9999,-9999,-9999,-9999,-9999,-9999,-9999,-9999,-0.000028288313842494972
"2025-06-19 16:04:08",19.6,19.6,20.1,20.1,20,20,20.2,20,19.9,19.8,19.7,-9999,-9999,-9999,-9999,-9999,-9999,-9999,-9999,-9999,-0.00002829203185683582
"2025-06-19 16:04:18",19.6,19.6,20.1,20.2,20,20,20.2,20,19.9,19.8,19.7,-9999,-9999,-9999,-9999,-9999,-9999,-9999,-9999,-9999,-0.000028311451387708075
"2025-06-19 16:04:29",19.6,19.6,20.1,20.1,20,20,20.2,20,19.9,19.8,19.7,-9999,-9999,-9999,-9999,-9999,-9999,-9999,-9999,-9999,-0.0000283058725472074
"2025-06-19 16:04:39",19.6,19.6,20,20.2,20,20,20.2,20,19.9,19.8,19.7,-9999,-9999,-9999,-9999,-9999,-9999,-9999,-9999,-9999,-0.00002829946970450692
"2025-06-19 16:04:49",19.6,19.6,20.1,20.1,20,20,20.2,20,19.9,19.8,19.7,-9999,-9999,-9999,-9999,-9999,-9999,-9999,-9999,-9999,-0.000028299882615101524
"2025-06-19 16:05:00",19.6,19.6,20.1,20.2,20,19.9,20.2,20,19.9,19.8,19.7,-9999,-9999,-9999,-9999,-9999,-9999,-9999,-9999,-9999,-0.00002831640995282214
"2025-06-19 16:05:10",19.6,19.6,20.1,20.1,20,20,20.2,20,19.9,19.8,19.7,-9999,-9999,-9999,-9999,-9999,-9999,-9999,-9999,-9999,-0.00002829967525030952
"2025-06-19 16:05:17",19.6,19.6,20.1,20.1,20,20,20.2,20,19.9,19.8,19.7,-9999,-9999,-9999,-9999,-9999,-9999,-9999,-9999,-9999,-0.000028286454835324548
"2025-06-19 16:05:20",19.6,19.6,20,20.1,20,20,20.2,20,19.9,19.8,19.7,-9999,-9999,-9999,-9999,-9999,-9999,-9999,-9999,-9999,-0.0000282903802144574
"2025-06-19 16:05:27",19.6,19.6,20.1,20.1,20,20,20.2,20,19.9,19.8,19.7,-9999,-9999,-9999,-9999,-9999,-9999,-9999,-9999,-9999,8.785677909851074
"2025-06-19 16:05:31",19.6,19.6,20.1,20.1,20,20,20.2,20,19.9,19.8,19.7,-9999,-9999,-9999,-9999,-9999,-9999,-9999,-9999,-9999,8.803826332092285
"2025-06-19 16:05:38",19.6,19.6,20.1,20.1,20,20,20.2,20,19.9,19.8,19.7,-9999,-9999,-9999,-9999,-9999,-9999,-9999,-9999,-9999,8.812678337097168
"2025-06-19 16:05:41",19.6,19.6,20.1,20.1,20,20,20.2,20,19.9,19.8,19.7,-9999,-9999,-9999,-9999,-9999,-9999,-9999,-9999,-9999,8.813423156738281
"2025-06-19 16:05:48",19.6,19.6,20,20.1,20.6,20.7,20.2,20,19.9,19.8,19.7,-9999,-9999,-9999,-9999,-9999,-9999,-9999,-9999,-9999,8.814285278320312
"2025-06-19 16:05:52",19.6,19.6,20,20.1,21.9,22.1,20.2,20,19.9,19.8,19.7,-9999,-9999,-9999,-9999,-9999,-9999,-9999,-9999,-9999,8.814241409301758
"2025-06-19 16:05:58",19.6,19.6,20.1,20.1,23.5,24,20.2,20,19.9,19.8,19.7,-9999,-9999,-9999,-9999,-9999,-9999,-9999,-9999,-9999,8.814017295837402
"2025-06-19 16:06:02",19.6,19.6,20,20.1,24.3,24.9,20.2,20,19.9,19.8,19.7,-9999,-9999,-9999,-9999,-9999,-9999,-9999,-9999,-9999,8.81398868560791
"2025-06-19 16:06:09",19.6,19.6,20,20.1,25.3,26,20.2,20,19.9,19.8,19.7,-9999,-9999,-9999,-9999,-9999,-9999,-9999,-9999,-9999,8.814263343811035
"2025-06-19 16:06:12",19.6,19.6,20.1,20.1,25.7,26.4,20.2,20,19.9,19.8,19.7,-9999,-9999,-9999,-9999,-9999,-9999,-9999,-9999,-9999,8.81395149230957
"2025-06-19 16:06:19",19.5,19.6,20,20.1,26.3,27.1,20.2,20,19.9,19.8,19.7,-9999,-9999,-9999,-9999,-9999,-9999,-9999,-9999,-9999,8.81352424621582
"2025-06-19 16:06:23",19.6,19.6,20,20.1,26.5,27.4,20.2,20,19.9,19.8,19.7,-9999,-9999,-9999,-9999,-9999,-9999,-9999,-9999,-9999,8.813250541687012
"2025-06-19 16:06:30",19.6,19.6,20.1,20.1,26.9,27.8,20.2,20.1,19.9,19.8,19.7,-9999,-9999,-9999,-9999,-9999,-9999,-9999,-9999,-9999,8.813451766967773
"2025-06-19 16:06:33",19.6,19.6,20,20.1,27,28,20.2,20.1,19.9,19.8,19.7,-9999,-9999,-9999,-9999,-9999,-9999,-9999,-9999,-9999,8.812844276428223
"2025-06-19 16:06:40",19.6,19.6,20.1,20.1,27.2,28.2,20.2,20.1,19.9,19.8,19.7,-9999,-9999,-9999,-9999,-9999,-9999,-9999,-9999,-9999,8.813423156738281
"2025-06-19 16:06:44",19.6,19.6,20.1,20.1,27.3,28.4,20.2,20.1,19.9,19.8,19.7,-9999,-9999,-9999,-9999,-9999,-9999,-9999,-9999,-9999,8.813640594482422
"2025-06-19 16:06:50",19.6,19.6,20,20.1,27.5,28.5,20.2,20.1,19.9,19.8,19.7,-9999,-9999,-9999,-9999,-9999,-9999,-9999,-9999,-9999,8.8136625289917
"2025-06-19 16:06:54",19.6,19.6,20,20.1,27.5,28.6,20.2,20.1,19.9,19.8,19.7,-9999,-9999,-9999,-9999,-9999,-9999,-9999,-9999,-9999,8.813438415527344
"2025-06-19 16:07:01",19.6,19.6,20,20.1,27.7,28.8,20.2,20.2,19.9,19.8,19.7,-9999,-9999,-9999,-9999,-9999,-9999,-9999,-9999,-9999,8.813394546508789
"2025-06-19 16:07:04",19.6,19.6,20,20.1,27.7,28.8,20.2,20.2,19.9,19.8,19.7,-9999,-9999,-9999,-9999,-9999,-9999,-9999,-9999,-9999,8.813379287719727
"2025-06-19 16:07:11",19.6,19.6,20,20.1,27.8,28.9,20.2,20.2,19.9,19.8,19.7,-9999,-9999,-9999,-9999,-9999,-9999,-9999,-9999,-9999,8.813075065612793
"2025-06-19 16:07:15",19.6,19.6,20,20.1,27.8,28.9,20.2,20.2,19.9,19.8,19.7,-9999,-9999,-9999,-9999,-9999,-9999,-9999,-9999,-9999,8.812705993652344
"2025-06-19 16:07:22",19.6,19.6,20.1,20.1,27.8,29,20.2,20.2,19.9,19.8,19.7,-9999,-9999,-9999,-9999,-9999,-9999,-9999,-9999,-9999,8.81314754486084
"2025-06-19 16:07:25",19.6,19.6,20.1,20.1,27.9,29,20.2,20.2,19.9,19.8,19.7,-9999,-9999,-9999,-9999,-9999,-9999,-9999,-9999,-9999,8.813017845153809
"2025-06-19 16:07:32",19.6,19.6,20.1,20.1,27.9,29,20.2,20.2,19.9,19.8,19.8,-9999,-9999,-9999,-9999,-9999,-9999,-9999,-9999,-9999,8.8128662109375
"2025-06-19 16:07:35",19.6,19.6,20,20.1,27.9,29,20.2,20.2,19.9,19.8,19.7,-9999,-9999,-9999,-9999,-9999,-9999,-9999,-9999,-9999,8.812540054321289
"2025-06-19 16:07:42",19.6,19.6,20,20.1,27.9,29.1,20.2,20.2,19.9,19.8,19.7,-9999,-9999,-9999,-9999,-9999,-9999,-9999,-9999,-9999,8.812583923339844
"2025-06-19 16:07:46",19.6,19.6,20,20.1,27.9,29.1,20.2,20.2,20,19.8,19.7,-9999,-9999,-9999,-9999,-9999,-9999,-9999,-9999,-9999,8.812410354614258
"2025-06-19 16:07:53",19.6,19.6,20,20.1,28,29.1,20.2,20.2,20,19.8,19.8,-9999,-9999,-9999,-9999,-9999,-9999,-9999,-9999,-9999,8.81243896484375
"2025-06-19 16:07:56",19.6,19.6,20,20.1,28,29.1,20.2,20.2,20,19.8,19.7,-9999,-9999,-9999,-9999,-9999,-9999,-9999,-9999,-9999,8.812379837036133
"2025-06-19 16:08:03",19.6,19.6,20,20.1,28,29.1,20.2,20.2,20,19.8,19.7,-9999,-9999,-9999,-9999,-9999,-9999,-9999,-9999,-9999,8.81281566619873
"2025-06-19 16:08:07",19.6,19.6,20,20.1,28,29.1,20.2,20.2,20,19.8,19.8,-9999,-9999,-9999,-9999,-9999,-9999,-9999,-9999,-9999,8.813033103942871
"2025-06-19 16:08:13",19.6,19.6,20,20.1,28,29.1,20.2,20.2,20,19.8,19.8,-9999,-9999,-9999,-9999,-9999,-9999,-9999,-9999,-9999,8.812722206115723
"2025-06-19 16:08:17",19.6,19.6,20,20.1,28,29.2,20.2,20.2,20,19.8,19.8,-9999,-9999,-9999,-9999,-9999,-9999,-9999,-9999,-9999,8.813178062438965
"2025-06-19 16:08:24",19.6,19.6,20,20.1,28,29.2,20.2,20.2,20,19.8,19.8,-9999,-9999,-9999,-9999,-9999,-9999,-9999,-9999,-9999,8.812496185302734
"2025-06-19 16:08:27",19.6,19.6,20.1,20.1,28,29.2,20.2,20.2,20,19.8,19.8,-9999,-9999,-9999,-9999,-9999,-9999,-9999,-9999,-9999,8.812722206115723
"2025-06-19 16:08:34",19.6,19.6,20,20.1,28,29.2,20.2,20.2,20,19.8,19.8,-9999,-9999,-9999,-9999,-9999,-9999,-9999,-9999,-9999,8.812285423278809
"2025-06-19 16:08:38",19.6,19.6,20,20.1,28,29.2,20.2,20.2,20,19.8,19.7,-9999,-9999,-9999,-9999,-9999,-9999,-9999,-9999,-9999,8.812040328979492
"2025-06-19 16:08:45",19.6,19.6,20.1,20.1,28,29.2,20.2,20.2,20,19.8,19.8,-9999,-9999,-9999,-9999,-9999,-9999,-9999,-9999,-9999,8.81196117401123
"2025-06-19 16:08:48",19.6,19.6,20,20.2,28,29.2,20.2,20.3,20,19.8,19.8,-9999,-9999,-9999,-9999,-9999,-9999,-9999,-9999,-9999,8.81192398071289
"2025-06-19 16:08:55",19.6,19.6,20,20.1,28,29.2,20.2,20.3,20,19.8,19.7,-9999,-9999,-9999,-9999,-9999,-9999,-9999,-9999,-9999,8.812128067016602
"2025-06-19 16:08:58",19.6,19.6,20,20.1,28,29.2,20.2,20.3,20,19.8,19.8,-9999,-9999,-9999,-9999,-9999,-9999,-9999,-9999,-9999,8.81235122680664
"2025-06-19 16:09:05",19.6,19.6,20,20.1,28,29.2,20.2,20.3,20,19.8,19.8,-9999,-9999,-9999,-9999,-9999,-9999,-9999,-9999,-9999,8.81204605102539
"2025-06-19 16:09:09",19.6,19.6,20,20.1,28,29.2,20.2,20.2,20,19.8,19.7,-9999,-9999,-9999,-9999,-9999,-9999,-9999,-9999,-9999,8.811983108520508
"2025-06-19 16:09:16",19.6,19.6,20,20.2,28,29.2,20.2,20.2,20,19.8,19.8,-9999,-9999,-9999,-9999,-9999,-9999,-9999,-9999,-9999,8.811989784240723
"2025-06-19 16:09:19",19.6,19.6,20,20.2,28,29.2,20.3,20.3,20,19.8,19.8,-9999,-9999,-9999,-9999,-9999,-9999,-9999,-9999,-9999,8.81245231628418
"2025-06-19 16:09:26",19.6,19.6,20,20.1,28,29.2,20.2,20.2,20,19.8,19.8,-9999,-9999,-9999,-9999,-9999,-9999,-9999,-9999,-9999,8.812106132507324
"2025-06-19 16:09:30",19.6,19.6,20,20.1,28,29.2,20.2,20.2,20,19.8,19.8,-9999,-9999,-9999,-9999,-9999,-9999,-9999,-9999,-9999,8.811517715454102
"2025-06-19 16:09:36",19.6,19.6,20,20.1,28,29.2,20.2,20.2,20,19.8,19.8,-9999,-9999,-9999,-9999,-9999,-9999,-9999,-9999,-9999,8.811800956726074
"2025-06-19 16:09:40",19.6,19.6,20,20.1,28,29.2,20.2,20.3,20,19.8,19.8,-9999,-9999,-9999,-9999,-9999,-9999,-9999,-9999,-9999,8.811996459960938
"2025-06-19 16:09:47",19.6,19.6,20,20.1,28,29.2,20.2,20.2,20,19.8,19.8,-9999,-9999,-9999,-9999,-9999,-9999,-9999,-9999,-9999,8.81238842010498
"2025-06-19 16:09:50",19.6,19.6,20,20.1,28,29.2,20.2,20.2,20,19.8,19.8,-9999,-9999,-9999,-9999,-9999,-9999,-9999,-9999,-9999,8.812272071838379
"2025-06-19 16:09:57",19.6,19.6,20,20.1,28,29.2,20.3,20.2,20,19.8,19.8,-9999,-9999,-9999,-9999,-9999,-9999,-9999,-9999,-9999,8.811473846435547
"2025-06-19 16:10:01",19.6,19.6,20,20.2,28,29.2,20.2,20.2,20,19.8,19.8,-9999,-9999,-9999,-9999,-9999,-9999,-9999,-9999,-9999,8.81080150604248
"2025-06-19 16:10:08",19.6,19.6,20,20.1,28,29.2,20.3,20.3,20,19.8,19.8,-9999,-9999,-9999,-9999,-9999,-9999,-9999,-9999,-9999,8.810707092285156
"2025-06-19 16:10:11",19.6,19.6,20,20.2,28,29.2,20.2,20.3,20,19.8,19.8,-9999,-9999,-9999,-9999,-9999,-9999,-9999,-9999,-9999,8.81132984161377
"2025-06-19 16:10:18",19.6,19.6,20,20.2,28,29.2,20.3,20.2,20,19.8,19.8,-9999,-9999,-9999,-9999,-9999,-9999,-9999,-9999,-9999,8.81148910522461
"2025-06-19 16:10:21",19.6,19.6,20,20.1,28,29.2,20.2,20.2,20,19.8,19.8,-9999,-9999,-9999,-9999,-9999,-9999,-9999,-9999,-9999,8.811612129211426
"2025-06-19 16:10:28",19.6,19.6,20,20.2,28,29.2,20.2,20.3,20,19.8,19.8,-9999,-9999,-9999,-9999,-9999,-9999,-9999,-9999,-9999,8.811141014099121
"2025-06-19 16:10:32",19.6,19.6,20,20.2,28,29.2,20.3,20.3,20,19.8,19.8,-9999,-9999,-9999,-9999,-9999,-9999,-9999,-9999,-9999,8.811033248901367
"2025-06-19 16:10:39",19.6,19.6,20,20.1,28,29.2,20.3,20.3,20,19.8,19.8,-9999,-9999,-9999,-9999,-9999,-9999,-9999,-9999,-9999,8.811816215515137
"2025-06-19 16:10:42",19.6,19.6,20,20.2,28.1,29.2,20.3,20.2,20,19.8,19.8,-9999,-9999,-9999,-9999,-9999,-9999,-9999,-9999,-9999,8.8112154006958
"2025-06-19 16:10:49",19.6,19.6,20,20.1,28.1,29.2,20.3,20.3,20,19.8,19.8,-9999,-9999,-9999,-9999,-9999,-9999,-9999,-9999,-9999,8.811301231384277
"2025-06-19 16:10:53",19.6,19.6,20,20.1,28,29.2,20.3,20.3,20,19.8,19.8,-9999,-9999,-9999,-9999,-9999,-9999,-9999,-9999,-9999,8.81169319152832
"2025-06-19 16:11:00",19.6,19.6,20,20.1,28.1,29.2,20.3,20.3,20,19.8,19.8,-9999,-9999,-9999,-9999,-9999,-9999,-9999,-9999,-9999,8.811721801757812
"2025-06-19 16:11:03",19.6,19.6,20,20.1,28.1,29.2,20.3,20.3,20,19.8,19.8,-9999,-9999,-9999,-9999,-9999,-9999,-9999,-9999,-9999,8.811785697937012
"2025-06-19 16:11:10",19.6,19.6,20,20.1,28.1,29.2,20.3,20.3,20,19.8,19.8,-9999,-9999,-9999,-9999,-9999,-9999,-9999,-9999,-9999,8.811546325683594
"2025-06-19 16:11:13",19.6,19.6,20,20.2,28.1,29.2,20.3,20.3,20,19.8,19.8,-9999,-9999,-9999,-9999,-9999,-9999,-9999,-9999,-9999,8.81104850769043
"2025-06-19 16:11:20",19.6,19.6,20,20.2,28,29.2,20.3,20.3,20,19.8,19.8,-9999,-9999,-9999,-9999,-9999,-9999,-9999,-9999,-9999,8.810894966125488
"2025-06-19 16:11:24",19.6,19.6,20,20.2,28.1,29.2,20.3,20.3,20,19.8,19.8,-9999,-9999,-9999,-9999,-9999,-9999,-9999,-9999,-9999,8.810395240783691
"2025-06-19 16:11:31",19.6,19.6,20,20.1,28.1,29.2,20.3,20.2,20,19.8,19.8,-9999,-9999,-9999,-9999,-9999,-9999,-9999,-9999,-9999,8.810049057006836
"2025-06-19 16:11:34",19.6,19.6,20,20.2,28.1,29.2,20.2,20.3,20,19.8,19.8,-9999,-9999,-9999,-9999,-9999,-9999,-9999,-9999,-9999,8.81014347076416
"2025-06-19 16:11:41",19.6,19.6,20,20.1,28.1,29.2,20.2,20.3,20,19.8,19.8,-9999,-9999,-9999,-9999,-9999,-9999,-9999,-9999,-9999,8.810707092285156
"2025-06-19 16:11:45",19.6,19.6,20,20.1,28.1,29.2,20.3,20.2,20,19.8,19.8,-9999,-9999,-9999,-9999,-9999,-9999,-9999,-9999,-9999,8.810150146484375
"2025-06-19 16:11:51",19.6,19.6,20,20.1,28.1,29.2,20.3,20.3,20,19.8,19.8,-9999,-9999,-9999,-9999,-9999,-9999,-9999,-9999,-9999,8.810606002807617
"2025-06-19 16:11:55",19.6,19.6,20,20.1,28.1,29.3,20.3,20.3,20,19.8,19.8,-9999,-9999,-9999,-9999,-9999,-9999,-9999,-9999,-9999,8.810489654541016
"2025-06-19 16:12:02",19.6,19.6,20,20.1,28.1,29.3,20.3,20.3,20,19.8,19.8,-9999,-9999,-9999,-9999,-9999,-9999,-9999,-9999,-9999,8.810873031616211
"2025-06-19 16:12:05",19.6,19.6,20,20.1,28.1,29.2,20.3,20.3,20,19.8,19.8,-9999,-9999,-9999,-9999,-9999,-9999,-9999,-9999,-9999,8.810794830322266
"2025-06-19 16:12:12",19.6,19.6,20,20.1,28.1,29.3,20.3,20.3,20,19.8,19.8,-9999,-9999,-9999,-9999,-9999,-9999,-9999,-9999,-9999,8.810403823852539
"2025-06-19 16:12:16",19.6,19.6,20,20.1,28.1,29.2,20.3,20.3,20,19.8,19.8,-9999,-9999,-9999,-9999,-9999,-9999,-9999,-9999,-9999,8.810454368591309
"2025-06-19 16:12:23",19.6,19.6,20,20.1,28.1,29.2,20.3,20.3,20,19.8,19.8,-9999,-9999,-9999,-9999,-9999,-9999,-9999,-9999,-9999,8.81122875213623
"2025-06-19 16:12:26",19.6,19.6,20,20.1,28.1,29.2,20.3,20.3,20,19.8,19.8,-9999,-9999,-9999,-9999,-9999,-9999,-9999,-9999,-9999,8.811483383178711
"2025-06-19 16:12:33",19.6,19.6,20,20.2,28.1,29.3,20.3,20.3,20,19.8,19.8,-9999,-9999,-9999,-9999,-9999,-9999,-9999,-9999,-9999,8.811222076416016
"2025-06-19 16:12:36",19.6,19.6,20,20.2,28.1,29.3,20.3,20.3,20,19.8,19.8,-9999,-9999,-9999,-9999,-9999,-9999,-9999,-9999,-9999,8.810822486877441
"2025-06-19 16:12:43",19.6,19.6,20,20.1,28.1,29.3,20.3,20.3,20,19.8,19.8,-9999,-9999,-9999,-9999,-9999,-9999,-9999,-9999,-9999,8.810794830322266
"2025-06-19 16:12:47",19.6,19.6,20,20.1,28.1,29.2,20.3,20.2,20,19.8,19.8,-9999,-9999,-9999,-9999,-9999,-9999,-9999,-9999,-9999,8.810606002807617
"2025-06-19 16:12:54",19.6,19.6,20,20.1,28.1,29.3,20.2,20.3,20,19.8,19.8,-9999,-9999,-9999,-9999,-9999,-9999,-9999,-9999,-9999,8.81005573272705
"2025-06-19 16:12:57",19.6,19.6,20,20.2,28.1,29.2,20.3,20.3,20,19.8,19.8,-9999,-9999,-9999,-9999,-9999,-9999,-9999,-9999,-9999,8.810656547546387
"2025-06-19 16:13:04",19.6,19.6,20,20.2,28.1,29.2,20.3,20.3,20,19.9,19.8,-9999,-9999,-9999,-9999,-9999,-9999,-9999,-9999,-9999,8.810338020324707
"2025-06-19 16:13:08",19.6,19.6,20,20.2,28.1,29.3,20.3,20.3,20,19.8,19.8,-9999,-9999,-9999,-9999,-9999,-9999,-9999,-9999,-9999,8.811301231384277
"2025-06-19 16:13:14",19.6,19.6,20,20.2,28.1,29.2,20.3,20.3,20,19.8,19.8,-9999,-9999,-9999,-9999,-9999,-9999,-9999,-9999,-9999,8.810351371765137
"2025-06-19 16:13:18",19.6,19.6,20,20.2,28.1,29.2,20.3,20.3,20,19.8,19.8,-9999,-9999,-9999,-9999,-9999,-9999,-9999,-9999,-9999,8.810737609863281
"2025-06-19 16:13:25",19.6,19.6,20,20.2,28.1,29.3,20.3,20.3,20,19.8,19.8,-9999,-9999,-9999,-9999,-9999,-9999,-9999,-9999,-9999,8.810700416564941
"2025-06-19 16:13:28",19.6,19.6,20,20.2,28.1,29.3,20.2,20.3,20,19.8,19.8,-9999,-9999,-9999,-9999,-9999,-9999,-9999,-9999,-9999,8.810410499572754
"2025-06-19 16:13:35",19.6,19.6,20,20.1,28.1,29.2,20.3,20.2,20,19.8,19.8,-9999,-9999,-9999,-9999,-9999,-9999,-9999,-9999,-9999,8.809954643249512
"2025-06-19 16:13:39",19.6,19.6,20,20.1,28.1,29.2,20.3,20.3,20,19.8,19.8,-9999,-9999,-9999,-9999,-9999,-9999,-9999,-9999,-9999,8.810766220092773
"2025-06-19 16:13:46",19.6,19.6,20,20.1,28.1,29.2,20.3,20.3,20,19.8,19.8,-9999,-9999,-9999,-9999,-9999,-9999,-9999,-9999,-9999,8.810954093933105
"2025-06-19 16:13:49",19.6,19.6,20,20.1,28.1,29.3,20.3,20.3,20,19.8,19.8,-9999,-9999,-9999,-9999,-9999,-9999,-9999,-9999,-9999,8.810498237609863
"2025-06-19 16:13:56",19.6,19.6,20,20.1,28.1,29.2,20.3,20.3,20,19.8,19.8,-9999,-9999,-9999,-9999,-9999,-9999,-9999,-9999,-9999,8.809866905212402
"2025-06-19 16:13:59",19.6,19.6,20,20.2,28.1,29.3,20.3,20.3,20,19.8,19.8,-9999,-9999,-9999,-9999,-9999,-9999,-9999,-9999,-9999,8.80992603302002
"2025-06-19 16:14:06",19.6,19.6,20,20.2,28.1,29.3,20.3,20.3,20,19.8,19.8,-9999,-9999,-9999,-9999,-9999,-9999,-9999,-9999,-9999,8.81080150604248
"2025-06-19 16:14:10",19.6,19.6,20,20.1,28.1,29.3,20.2,20.3,20,19.8,19.8,-9999,-9999,-9999,-9999,-9999,-9999,-9999,-9999,-9999,8.810172080993652
"2025-06-19 16:14:17",19.6,19.6,20,20.1,28.1,29.3,20.3,20.3,20,19.8,19.8,-9999,-9999,-9999,-9999,-9999,-9999,-9999,-9999,-9999,8.81005573272705
"2025-06-19 16:14:20",19.6,19.6,20,20.1,28.1,29.3,20.3,20.3,20,19.8,19.8,-9999,-9999,-9999,-9999,-9999,-9999,-9999,-9999,-9999,8.80983829498291
"2025-06-19 16:14:27",19.6,19.6,20,20.1,28.1,29.2,20.3,20.3,20,19.8,19.8,-9999,-9999,-9999,-9999,-9999,-9999,-9999,-9999,-9999,8.809932708740234
"2025-06-19 16:14:31",19.6,19.6,20,20.2,28.1,29.3,20.2,20.3,20,19.8,19.8,-9999,-9999,-9999,-9999,-9999,-9999,-9999,-9999,-9999,8.809961318969727
"2025-06-19 16:14:37",19.6,19.6,20,20.2,28.1,29.3,20.3,20.3,20,19.8,19.8,-9999,-9999,-9999,-9999,-9999,-9999,-9999,-9999,-9999,8.80949878692627
"2025-06-19 16:14:41",19.6,19.6,20,20.1,28.1,29.3,20.3,20.3,20,19.8,19.8,-9999,-9999,-9999,-9999,-9999,-9999,-9999,-9999,-9999,8.80932331085205
"2025-06-19 16:14:48",19.6,19.6,20,20.2,28.1,29.2,20.3,20.3,20,19.8,19.8,-9999,-9999,-9999,-9999,-9999,-9999,-9999,-9999,-9999,8.809454917907715
"2025-06-19 16:14:51",19.6,19.6,20,20.2,28.1,29.2,20.3,20.3,20,19.8,19.7,-9999,-9999,-9999,-9999,-9999,-9999,-9999,-9999,-9999,8.809556007385254
"2025-06-19 16:14:58",19.6,19.6,20,20.1,28.1,29.3,20.2,20.2,20,19.8,19.7,-9999,-9999,-9999,-9999,-9999,-9999,-9999,-9999,-9999,8.80992603302002
"2025-06-19 16:15:02",19.6,19.6,20,20.1,28.1,29.3,20.2,20.2,20,19.8,19.8,-9999,-9999,-9999,-9999,-9999,-9999,-9999,-9999,-9999,8.80936050415039
"2025-06-19 16:15:09",19.6,19.6,20,20.1,28.1,29.3,20.3,20.2,20,19.8,19.8,-9999,-9999,-9999,-9999,-9999,-9999,-9999,-9999,-9999,8.809649467468262
"2025-06-19 16:15:12",19.6,19.6,20,20.1,28.1,29.2,20.3,20.2,20,19.8,19.8,-9999,-9999,-9999,-9999,-9999,-9999,-9999,-9999,-9999,8.809816360473633
"2025-06-19 16:15:19",19.6,19.6,20,20.1,28.1,29.2,20.3,20.2,20,19.8,19.8,-9999,-9999,-9999,-9999,-9999,-9999,-9999,-9999,-9999,8.809490203857422
"2025-06-19 16:15:22",19.6,19.6,20,20.1,28.1,29.2,20.3,20.2,20,19.8,19.8,-9999,-9999,-9999,-9999,-9999,-9999,-9999,-9999,-9999,8.809882164001465
"2025-06-19 16:15:29",19.6,19.6,20,20.1,28,29.2,20.2,20.3,20,19.8,19.8,-9999,-9999,-9999,-9999,-9999,-9999,-9999,-9999,-9999,8.8097505569458
"2025-06-19 16:15:33",19.6,19.6,20,20.1,28,29.2,20.3,20.2,20,19.8,19.8,-9999,-9999,-9999,-9999,-9999,-9999,-9999,-9999,-9999,8.809671401977539
"2025-06-19 16:15:40",19.6,19.6,20,20.1,28,29.2,20.2,20.2,20,19.8,19.8,-9999,-9999,-9999,-9999,-9999,-9999,-9999,-9999,-9999,8.809700012207031
"2025-06-19 16:15:43",19.6,19.6,20,20.1,28,29.2,20.2,20.2,20,19.8,19.8,-9999,-9999,-9999,-9999,-9999,-9999,-9999,-9999,-9999,8.809853553771973
"2025-06-19 16:15:50",19.6,19.6,20,20.1,28,29.2,20.3,20.2,20,19.8,19.8,-9999,-9999,-9999,-9999,-9999,-9999,-9999,-9999,-9999,8.80902099609375
"2025-06-19 16:15:54",19.6,19.6,20,20.1,28,29.2,20.2,20.3,20,19.8,19.8,-9999,-9999,-9999,-9999,-9999,-9999,-9999,-9999,-9999,8.809127807617188
"2025-06-19 16:16:01",19.6,19.6,20,20.1,28.1,29.2,20.2,20.3,20,19.8,19.8,-9999,-9999,-9999,-9999,-9999,-9999,-9999,-9999,-9999,8.8096342086792
"2025-06-19 16:16:04",19.6,19.6,20,20.1,28.1,29.2,20.3,20.3,20,19.8,19.8,-9999,-9999,-9999,-9999,-9999,-9999,-9999,-9999,-9999,8.810084342956543
"2025-06-19 16:16:11",19.6,19.6,20,20.1,28,29.2,20.3,20.3,20,19.8,19.8,-9999,-9999,-9999,-9999,-9999,-9999,-9999,-9999,-9999,8.809656143188477
"2025-06-19 16:16:14",19.6,19.6,20,20.1,28,29.2,20.3,20.3,20,19.8,19.8,-9999,-9999,-9999,-9999,-9999,-9999,-9999,-9999,-9999,8.809809684753418
"2025-06-19 16:16:21",19.7,19.6,20,20.1,28,29.2,20.3,20.2,20,19.8,19.8,-9999,-9999,-9999,-9999,-9999,-9999,-9999,-9999,-9999,8.809577941894531
"2025-06-19 16:16:25",19.6,19.6,20,20.1,28,29.2,20.3,20.3,20,19.8,19.8,-9999,-9999,-9999,-9999,-9999,-9999,-9999,-9999,-9999,8.809237480163574
"2025-06-19 16:16:32",19.6,19.6,20,20.1,28.1,29.2,20.3,20.3,20,19.8,19.8,-9999,-9999,-9999,-9999,-9999,-9999,-9999,-9999,-9999,8.80915641784668
"2025-06-19 16:16:35",19.6,19.6,20,20.1,28,29.2,20.2,20.2,20,19.8,19.8,-9999,-9999,-9999,-9999,-9999,-9999,-9999,-9999,-9999,8.809215545654297
"2025-06-19 16:16:42",19.6,19.6,20,20.1,28,29.2,20.2,20.2,20,19.8,19.8,-9999,-9999,-9999,-9999,-9999,-9999,-9999,-9999,-9999,8.809149742126465
"2025-06-19 16:16:46",19.6,19.6,20,20.1,28,29.2,20.2,20.2,20,19.8,19.8,-9999,-9999,-9999,-9999,-9999,-9999,-9999,-9999,-9999,8.809331893920898
"2025-06-19 16:16:52",19.6,19.6,20,20.1,28,29.2,20.2,20.2,20,19.8,19.8,-9999,-9999,-9999,-9999,-9999,-9999,-9999,-9999,-9999,8.809208869934082
"2025-06-19 16:16:56",19.6,19.6,20,20.1,28,29.2,20.2,20.2,20,19.8,19.8,-9999,-9999,-9999,-9999,-9999,-9999,-9999,-9999,-9999,8.809468269348145
"2025-06-19 16:17:03",19.6,19.6,20,20.1,28.1,29.2,20.3,20.2,20,19.8,19.8,-9999,-9999,-9999,-9999,-9999,-9999,-9999,-9999,-9999,8.809917449951172
"2025-06-19 16:17:06",19.6,19.6,20,20.1,28,29.2,20.3,20.2,20,19.8,19.8,-9999,-9999,-9999,-9999,-9999,-9999,-9999,-9999,-9999,8.809946060180664
"2025-06-19 16:17:13",19.6,19.6,20,20.1,28.1,29.2,20.3,20.2,20,19.8,19.8,-9999,-9999,-9999,-9999,-9999,-9999,-9999,-9999,-9999,8.80941104888916
"2025-06-19 16:17:17",19.6,19.6,20,20.1,28.1,29.2,20.3,20.3,20,19.8,19.8,-9999,-9999,-9999,-9999,-9999,-9999,-9999,-9999,-9999,8.809678077697754
"2025-06-19 16:17:24",19.6,19.6,20,20.1,28,29.2,20.2,20.2,20,19.8,19.8,-9999,-9999,-9999,-9999,-9999,-9999,-9999,-9999,-9999,8.808989524841309
"2025-06-19 16:17:27",19.6,19.6,20,20.1,28.1,29.2,20.2,20.2,20,19.8,19.8,-9999,-9999,-9999,-9999,-9999,-9999,-9999,-9999,-9999,8.810018539428711
"2025-06-19 16:17:34",19.6,19.6,20,20.1,28.1,29.2,20.2,20.2,20,19.8,19.8,-9999,-9999,-9999,-9999,-9999,-9999,-9999,-9999,-9999,8.809527397155762
"2025-06-19 16:17:38",19.6,19.6,20,20.1,28.1,29.2,20.2,20.2,20,19.8,19.8,-9999,-9999,-9999,-9999,-9999,-9999,-9999,-9999,-9999,8.809621810913086
"2025-06-19 16:17:44",19.6,19.6,20,20.1,28.1,29.2,20.3,20.2,20,19.8,19.8,-9999,-9999,-9999,-9999,-9999,-9999,-9999,-9999,-9999,8.809520721435547
"2025-06-19 16:17:48",19.6,19.6,20,20.1,28,29.2,20.2,20.2,20,19.8,19.8,-9999,-9999,-9999,-9999,-9999,-9999,-9999,-9999,-9999,8.809468269348145
"2025-06-19 16:17:55",19.6,19.6,20,20.1,28,29.2,20.2,20.3,20,19.8,19.8,-9999,-9999,-9999,-9999,-9999,-9999,-9999,-9999,-9999,8.809454917907715
"2025-06-19 16:17:58",19.6,19.6,20,20.1,28,29.2,20.2,20.2,20,19.8,19.8,-9999,-9999,-9999,-9999,-9999,-9999,-9999,-9999,-9999,8.809178352355957
"2025-06-19 16:18:05",19.6,19.6,20,20.1,28.1,29.2,20.2,20.3,20,19.8,19.8,-9999,-9999,-9999,-9999,-9999,-9999,-9999,-9999,-9999,8.809571266174316
"2025-06-19 16:18:09",19.6,19.6,20,20.1,28.1,29.2,20.2,20.2,20,19.8,19.8,-9999,-9999,-9999,-9999,-9999,-9999,-9999,-9999,-9999,8.809656143188477
"2025-06-19 16:18:16",19.6,19.6,20,20.1,28.1,29.2,20.3,20.2,20,19.8,19.8,-9999,-9999,-9999,-9999,-9999,-9999,-9999,-9999,-9999,8.809743881225586
"2025-06-19 16:18:19",19.7,19.6,20,20.1,28.1,29.2,20.3,20.2,20,19.8,19.8,-9999,-9999,-9999,-9999,-9999,-9999,-9999,-9999,-9999,8.810033798217773
"2025-06-19 16:18:26",19.6,19.6,20,20.1,28.1,29.2,20.3,20.2,20,19.8,19.8,-9999,-9999,-9999,-9999,-9999,-9999,-9999,-9999,-9999,8.809728622436523
"2025-06-19 16:18:29",19.6,19.6,20,20.1,28,29.2,20.3,20.2,20,19.8,19.8,-9999,-9999,-9999,-9999,-9999,-9999,-9999,-9999,-9999,8.809615135192871
"2025-06-19 16:18:36",19.6,19.6,20,20.2,28.1,29.2,20.3,20.3,20,19.8,19.8,-9999,-9999,-9999,-9999,-9999,-9999,-9999,-9999,-9999,8.809678077697754
"2025-06-19 16:18:40",19.6,19.6,20,20.1,28.1,29.3,20.3,20.3,20,19.8,19.8,-9999,-9999,-9999,-9999,-9999,-9999,-9999,-9999,-9999,8.810294151306152
"2025-06-19 16:18:47",19.6,19.6,20,20.1,28.1,29.2,20.3,20.3,20,19.8,19.8,-9999,-9999,-9999,-9999,-9999,-9999,-9999,-9999,-9999,8.810266494750977
"2025-06-19 16:18:50",19.6,19.6,20,20.1,28.1,29.2,20.3,20.3,20,19.8,19.8,-9999,-9999,-9999,-9999,-9999,-9999,-9999,-9999,-9999,8.810206413269043
"2025-06-19 16:18:57",19.7,19.6,20,20.2,28.1,29.3,20.3,20.3,20,19.8,19.8,-9999,-9999,-9999,-9999,-9999,-9999,-9999,-9999,-9999,8.810700416564941
"2025-06-19 16:19:01",19.6,19.6,20,20.1,28.1,29.3,20.3,20.3,20,19.8,19.8,-9999,-9999,-9999,-9999,-9999,-9999,-9999,-9999,-9999,8.810707092285156
"2025-06-19 16:19:07",19.6,19.7,20,20.2,28.1,29.2,20.3,20.3,20,19.8,19.8,-9999,-9999,-9999,-9999,-9999,-9999,-9999,-9999,-9999,8.809917449951172
"2025-06-19 16:19:11",19.7,19.6,20,20.1,28.1,29.2,20.3,20.3,20,19.8,19.8,-9999,-9999,-9999,-9999,-9999,-9999,-9999,-9999,-9999,8.809961318969727
"2025-06-19 16:19:18",19.6,19.6,20,20.1,28.1,29.2,20.3,20.3,20,19.8,19.8,-9999,-9999,-9999,-9999,-9999,-9999,-9999,-9999,-9999,8.810172080993652
"2025-06-19 16:19:21",19.7,19.6,20,20.2,28.1,29.3,20.3,20.3,20,19.8,19.8,-9999,-9999,-9999,-9999,-9999,-9999,-9999,-9999,-9999,8.809693336486816
"2025-06-19 16:19:28",19.7,19.6,20,20.2,28.1,29.3,20.3,20.3,20,19.8,19.8,-9999,-9999,-9999,-9999,-9999,-9999,-9999,-9999,-9999,8.809831619262695
"2025-06-19 16:19:32",19.6,19.6,20,20.1,28.1,29.3,20.3,20.3,20,19.8,19.8,-9999,-9999,-9999,-9999,-9999,-9999,-9999,-9999,-9999,8.81015682220459
"2025-06-19 16:19:39",19.7,19.6,20,20.1,28.1,29.2,20.3,20.3,20,19.8,19.8,-9999,-9999,-9999,-9999,-9999,-9999,-9999,-9999,-9999,8.809222221374512
"2025-06-19 16:19:42",19.7,19.6,20,20.1,28.1,29.2,20.3,20.3,20,19.8,19.8,-9999,-9999,-9999,-9999,-9999,-9999,-9999,-9999,-9999,8.809281349182129
"2025-06-19 16:19:49",19.7,19.7,20,20.1,28.1,29.2,20.3,20.3,20,19.8,19.8,-9999,-9999,-9999,-9999,-9999,-9999,-9999,-9999,-9999,8.810562133789062
"2025-06-19 16:19:52",19.6,19.7,20,20.1,28.1,29.2,20.3,20.3,20,19.8,19.8,-9999,-9999,-9999,-9999,-9999,-9999,-9999,-9999,-9999,8.810410499572754
"2025-06-19 16:19:59",19.6,19.7,20,20.2,28.1,29.2,20.3,20.3,20,19.8,19.8,-9999,-9999,-9999,-9999,-9999,-9999,-9999,-9999,-9999,8.810612678527832
"2025-06-19 16:20:03",19.6,19.6,20,20.1,28.1,29.2,20.3,20.3,20,19.8,19.8,-9999,-9999,-9999,-9999,-9999,-9999,-9999,-9999,-9999,8.810256958007812
"2025-06-19 16:20:10",19.7,19.7,20,20.1,28.1,29.2,20.3,20.3,20,19.8,19.8,-9999,-9999,-9999,-9999,-9999,-9999,-9999,-9999,-9999,8.810309410095215
"2025-06-19 16:20:13",19.6,19.7,20,20.1,28.1,29.3,20.3,20.3,20,19.8,19.8,-9999,-9999,-9999,-9999,-9999,-9999,-9999,-9999,-9999,8.810395240783691
"2025-06-19 16:20:20",19.6,19.6,20,20.2,28.1,29.2,20.3,20.3,20,19.8,19.8,-9999,-9999,-9999,-9999,-9999,-9999,-9999,-9999,-9999,8.809490203857422
"2025-06-19 16:20:24",19.7,19.6,20,20.1,28.1,29.2,20.3,20.3,20,19.8,19.8,-9999,-9999,-9999,-9999,-9999,-9999,-9999,-9999,-9999,8.809353828430176
"2025-06-19 16:20:30",19.6,19.6,20,20.1,28,29.2,20.3,20.3,20,19.8,19.8,-9999,-9999,-9999,-9999,-9999,-9999,-9999,-9999,-9999,8.81014347076416
"2025-06-19 16:20:34",19.7,19.6,20,20.1,28.1,29.2,20.3,20.3,20,19.8,19.8,-9999,-9999,-9999,-9999,-9999,-9999,-9999,-9999,-9999,8.810018539428711
"2025-06-19 16:20:41",19.7,19.7,20,20.1,28.1,29.3,20.3,20.3,20,19.8,19.8,-9999,-9999,-9999,-9999,-9999,-9999,-9999,-9999,-9999,8.809765815734863
"2025-06-19 16:20:44",19.7,19.7,20,20.1,28.1,29.3,20.3,20.3,20,19.8,19.8,-9999,-9999,-9999,-9999,-9999,-9999,-9999,-9999,-9999,8.809375762939453
"2025-06-19 16:20:51",19.7,19.6,20,20.1,28.1,29.3,20.3,20.3,20,19.8,19.8,-9999,-9999,-9999,-9999,-9999,-9999,-9999,-9999,-9999,8.810040473937988
"2025-06-19 16:20:55",19.6,19.6,20,20.1,28.1,29.2,20.3,20.3,20,19.8,19.8,-9999,-9999,-9999,-9999,-9999,-9999,-9999,-9999,-9999,8.810461044311523
"2025-06-19 16:21:02",19.6,19.6,20,20.1,28.1,29.2,20.3,20.3,20,19.8,19.8,-9999,-9999,-9999,-9999,-9999,-9999,-9999,-9999,-9999,8.810656547546387
"2025-06-19 16:21:05",19.7,19.7,20,20.1,28.1,29.3,20.3,20.3,20,19.8,19.8,-9999,-9999,-9999,-9999,-9999,-9999,-9999,-9999,-9999,8.810678482055664
"2025-06-19 16:21:12",19.7,19.6,20,20.1,28.1,29.3,20.3,20.3,20,19.8,19.8,-9999,-9999,-9999,-9999,-9999,-9999,-9999,-9999,-9999,8.810562133789062
"2025-06-19 16:21:16",19.7,19.6,20,20.1,28.1,29.3,20.2,20.3,20,19.8,19.8,-9999,-9999,-9999,-9999,-9999,-9999,-9999,-9999,-9999,8.810454368591309
"2025-06-19 16:21:22",19.7,19.7,20,20.1,28.1,29.2,20.3,20.3,20,19.9,19.8,-9999,-9999,-9999,-9999,-9999,-9999,-9999,-9999,-9999,8.81091022491455
"2025-06-19 16:21:26",19.6,19.6,20,20.1,28.1,29.2,20.3,20.3,20,19.8,19.8,-9999,-9999,-9999,-9999,-9999,-9999,-9999,-9999,-9999,8.810656547546387
"2025-06-19 16:21:33",19.7,19.6,20,20.2,28.1,29.2,20.3,20.3,20,19.8,19.8,-9999,-9999,-9999,-9999,-9999,-9999,-9999,-9999,-9999,8.81067180633545
"2025-06-19 16:21:36",19.6,19.6,20,20.2,28.1,29.2,20.3,20.3,20,19.8,19.8,-9999,-9999,-9999,-9999,-9999,-9999,-9999,-9999,-9999,8.81063461303711
"2025-06-19 16:21:43",19.7,19.6,20,20.2,28.1,29.3,20.3,20.3,20,19.8,19.8,-9999,-9999,-9999,-9999,-9999,-9999,-9999,-9999,-9999,8.810351371765137
"2025-06-19 16:21:47",19.7,19.6,20,20.2,28.1,29.3,20.3,20.3,20,19.8,19.8,-9999,-9999,-9999,-9999,-9999,-9999,-9999,-9999,-9999,8.81063461303711
"2025-06-19 16:21:54",19.7,19.7,20,20.2,28.1,29.2,20.2,20.3,20,19.8,19.8,-9999,-9999,-9999,-9999,-9999,-9999,-9999,-9999,-9999,8.810395240783691
"2025-06-19 16:21:57",19.7,19.6,20,20.2,28.1,29.2,20.3,20.3,20,19.8,19.8,-9999,-9999,-9999,-9999,-9999,-9999,-9999,-9999,-9999,8.810562133789062
"2025-06-19 16:22:04",19.7,19.6,20,20.2,28.1,29.3,20.3,20.3,20,19.8,19.8,-9999,-9999,-9999,-9999,-9999,-9999,-9999,-9999,-9999,8.81169319152832
"2025-06-19 16:22:07",19.7,19.6,20,20.2,28.1,29.3,20.3,20.3,20,19.8,19.8,-9999,-9999,-9999,-9999,-9999,-9999,-9999,-9999,-9999,8.81122875213623
"2025-06-19 16:22:14",19.7,19.6,20,20.1,28.1,29.2,20.3,20.3,20,19.8,19.8,-9999,-9999,-9999,-9999,-9999,-9999,-9999,-9999,-9999,8.81201171875
"2025-06-19 16:22:18",19.7,19.7,20,20.2,28.1,29.2,20.2,20.3,20,19.8,19.8,-9999,-9999,-9999,-9999,-9999,-9999,-9999,-9999,-9999,8.811779022216797
"2025-06-19 16:22:25",19.7,19.6,20,20.2,28.1,29.2,20.3,20.3,20,19.8,19.8,-9999,-9999,-9999,-9999,-9999,-9999,-9999,-9999,-9999,8.811454772949219
"2025-06-19 16:22:28",19.7,19.6,20,20.2,28.1,29.2,20.3,20.3,20,19.9,19.8,-9999,-9999,-9999,-9999,-9999,-9999,-9999,-9999,-9999,8.811684608459473
"2025-06-19 16:22:35",19.7,19.7,20.1,20.2,28.1,29.2,20.3,20.3,20,19.8,19.8,-9999,-9999,-9999,-9999,-9999,-9999,-9999,-9999,-9999,8.811083793640137
"2025-06-19 16:22:39",19.7,19.7,20,20.2,28.1,29.3,20.3,20.3,20,19.8,19.8,-9999,-9999,-9999,-9999,-9999,-9999,-9999,-9999,-9999,8.81126594543457
"2025-06-19 16:22:45",19.7,19.7,20,20.2,28.1,29.3,20.3,20.3,20,19.8,19.8,-9999,-9999,-9999,-9999,-9999,-9999,-9999,-9999,-9999,8.810894966125488
"2025-06-19 16:22:49",19.7,19.7,20,20.2,28.1,29.3,20.3,20.3,20,19.8,19.8,-9999,-9999,-9999,-9999,-9999,-9999,-9999,-9999,-9999,8.810287475585938
"2025-06-19 16:22:56",19.6,19.6,20,20.2,28.1,29.3,20.3,20.3,20,19.8,19.8,-9999,-9999,-9999,-9999,-9999,-9999,-9999,-9999,-9999,8.81136703491211
"2025-06-19 16:22:59",19.7,19.7,20,20.2,28.1,29.3,20.3,20.3,20,19.8,19.8,-9999,-9999,-9999,-9999,-9999,-9999,-9999,-9999,-9999,8.811785697937012
"2025-06-19 16:23:06",19.7,19.7,20,20.2,28.1,29.3,20.3,20.3,20,19.9,19.8,-9999,-9999,-9999,-9999,-9999,-9999,-9999,-9999,-9999,8.811539649963379
"2025-06-19 16:23:10",19.7,19.7,20,20.2,28.1,29.3,20.3,20.3,20,19.9,19.8,-9999,-9999,-9999,-9999,-9999,-9999,-9999,-9999,-9999,8.811527252197266
"2025-06-19 16:23:17",19.7,19.7,20,20.2,28.1,29.3,20.3,20.3,20,19.8,19.8,-9999,-9999,-9999,-9999,-9999,-9999,-9999,-9999,-9999,8.811838150024414
"2025-06-19 16:23:20",19.7,19.7,20,20.1,28.1,29.3,20.3,20.3,20,19.8,19.8,-9999,-9999,-9999,-9999,-9999,-9999,-9999,-9999,-9999,8.811360359191895
"2025-06-19 16:23:27",19.7,19.6,20,20.1,28.1,29.3,20.3,20.3,20,19.8,19.8,-9999,-9999,-9999,-9999,-9999,-9999,-9999,-9999,-9999,8.81174373626709
"2025-06-19 16:23:31",19.7,19.7,20,20.2,28.1,29.3,20.3,20.3,20,19.9,19.8,-9999,-9999,-9999,-9999,-9999,-9999,-9999,-9999,-9999,8.81161880493164
"2025-06-19 16:23:37",19.7,19.6,20,20.2,28.1,29.3,20.3,20.3,20,19.9,19.8,-9999,-9999,-9999,-9999,-9999,-9999,-9999,-9999,-9999,8.811134338378906
"2025-06-19 16:23:41",19.7,19.6,20,20.1,28.1,29.3,20.3,20.3,20,19.9,19.8,-9999,-9999,-9999,-9999,-9999,-9999,-9999,-9999,-9999,8.811713218688965
"2025-06-19 16:23:48",19.7,19.6,20,20.2,28.1,29.3,20.3,20.3,20,19.9,19.8,-9999,-9999,-9999,-9999,-9999,-9999,-9999,-9999,-9999,8.811511039733887
"2025-06-19 16:23:51",19.7,19.6,20,20.1,28.1,29.3,20.3,20.3,20,19.9,19.8,-9999,-9999,-9999,-9999,-9999,-9999,-9999,-9999,-9999,8.811235427856445
"2025-06-19 16:23:58",19.7,19.6,20,20.2,28.1,29.3,20.3,20.3,20,19.9,19.8,-9999,-9999,-9999,-9999,-9999,-9999,-9999,-9999,-9999,8.812033653259277
"2025-06-19 16:24:02",19.7,19.6,20,20.2,28.1,29.3,20.3,20.3,20,19.9,19.8,-9999,-9999,-9999,-9999,-9999,-9999,-9999,-9999,-9999,8.811728477478027
"2025-06-19 16:24:08",19.7,19.7,20,20.2,28.1,29.3,20.3,20.3,20,19.9,19.8,-9999,-9999,-9999,-9999,-9999,-9999,-9999,-9999,-9999,8.811866760253906
"2025-06-19 16:24:12",19.7,19.7,20,20.2,28.1,29.3,20.3,20.3,20,19.9,19.8,-9999,-9999,-9999,-9999,-9999,-9999,-9999,-9999,-9999,8.811822891235352
"2025-06-19 16:24:19",19.6,19.6,20,20.1,28.1,29.3,20.3,20.3,20,19.8,19.8,-9999,-9999,-9999,-9999,-9999,-9999,-9999,-9999,-9999,8.81174373626709
"2025-06-19 16:24:22",19.7,19.6,20,20.2,28.1,29.2,20.3,20.3,20,19.8,19.8,-9999,-9999,-9999,-9999,-9999,-9999,-9999,-9999,-9999,8.812206268310547
"2025-06-19 16:24:29",19.7,19.6,20,20.1,28.1,29.2,20.3,20.3,20,19.9,19.8,-9999,-9999,-9999,-9999,-9999,-9999,-9999,-9999,-9999,8.812118530273438
"2025-06-19 16:24:33",19.7,19.6,20,20.2,28.1,29.2,20.3,20.3,20,19.9,19.8,-9999,-9999,-9999,-9999,-9999,-9999,-9999,-9999,-9999,8.811750411987305
"2025-06-19 16:24:40",19.7,19.6,20,20.2,28.1,29.3,20.3,20.3,20,19.8,19.8,-9999,-9999,-9999,-9999,-9999,-9999,-9999,-9999,-9999,8.81179428100586
"2025-06-19 16:24:43",19.6,19.6,20,20.2,28.1,29.3,20.3,20.3,20,19.9,19.8,-9999,-9999,-9999,-9999,-9999,-9999,-9999,-9999,-9999,8.811844825744629
"2025-06-19 16:24:50",19.7,19.7,20,20.1,28.1,29.3,20.3,20.3,20,19.8,19.8,-9999,-9999,-9999,-9999,-9999,-9999,-9999,-9999,-9999,8.812077522277832
"2025-06-19 16:24:54",19.7,19.7,20,20.2,28.1,29.3,20.3,20.3,20,19.8,19.8,-9999,-9999,-9999,-9999,-9999,-9999,-9999,-9999,-9999,8.812228202819824
"2025-06-19 16:25:00",19.7,19.7,20,20.1,28.1,29.3,20.3,20.3,20,19.8,19.8,-9999,-9999,-9999,-9999,-9999,-9999,-9999,-9999,-9999,8.81235122680664
"2025-06-19 16:25:04",19.7,19.7,20,20.1,28.1,29.3,20.3,20.3,20,19.8,19.8,-9999,-9999,-9999,-9999,-9999,-9999,-9999,-9999,-9999,8.812206268310547
"2025-06-19 16:25:11",19.7,19.6,20,20.2,28.1,29.3,20.3,20.3,20,19.9,19.8,-9999,-9999,-9999,-9999,-9999,-9999,-9999,-9999,-9999,8.812678337097168
"2025-06-19 16:25:14",19.7,19.6,20,20.1,28.1,29.3,20.3,20.3,20,19.8,19.8,-9999,-9999,-9999,-9999,-9999,-9999,-9999,-9999,-9999,8.812474250793457
"2025-06-19 16:25:21",19.7,19.6,20,20.2,28.1,29.3,20.3,20.3,20,19.8,19.8,-9999,-9999,-9999,-9999,-9999,-9999,-9999,-9999,-9999,8.812938690185547
"2025-06-19 16:25:25",19.6,19.6,20,20.2,28.1,29.3,20.3,20.3,20,19.9,19.8,-9999,-9999,-9999,-9999,-9999,-9999,-9999,-9999,-9999,8.812734603881836
"2025-06-19 16:25:32",19.7,19.6,20,20.2,28.1,29.3,20.3,20.3,20,19.8,19.8,-9999,-9999,-9999,-9999,-9999,-9999,-9999,-9999,-9999,8.812474250793457
"2025-06-19 16:25:35",19.6,19.6,20,20.1,28.1,29.3,20.3,20.3,20,19.8,19.8,-9999,-9999,-9999,-9999,-9999,-9999,-9999,-9999,-9999,8.812555313110352
"2025-06-19 16:25:42",19.7,19.6,20,20.1,28.1,29.3,20.3,20.3,20,19.8,19.8,-9999,-9999,-9999,-9999,-9999,-9999,-9999,-9999,-9999,8.812722206115723
"2025-06-19 16:25:45",19.6,19.7,20,20.1,28.1,29.3,20.3,20.3,20,19.8,19.8,-9999,-9999,-9999,-9999,-9999,-9999,-9999,-9999,-9999,8.812850952148438
"2025-06-19 16:25:52",19.7,19.7,20,20.1,28.1,29.3,20.3,20.3,20,19.8,19.8,-9999,-9999,-9999,-9999,-9999,-9999,-9999,-9999,-9999,8.812467575073242
"2025-06-19 16:25:56",19.7,19.7,20,20.2,28.1,29.3,20.3,20.3,20,19.8,19.8,-9999,-9999,-9999,-9999,-9999,-9999,-9999,-9999,-9999,8.812684059143066
"2025-06-19 16:26:03",19.7,19.7,20,20.2,28.1,29.3,20.3,20.3,20,19.8,19.8,-9999,-9999,-9999,-9999,-9999,-9999,-9999,-9999,-9999,8.813488960266113
"2025-06-19 16:26:06",19.7,19.7,20,20.1,28.1,29.3,20.3,20.3,20,19.8,19.8,-9999,-9999,-9999,-9999,-9999,-9999,-9999,-9999,-9999,8.813033103942871
"2025-06-19 16:26:13",19.7,19.7,20,20.1,28.1,29.3,20.3,20.3,20,19.9,19.8,-9999,-9999,-9999,-9999,-9999,-9999,-9999,-9999,-9999,8.812084197998047
"2025-06-19 16:26:17",19.7,19.6,20,20.1,28.1,29.3,20.3,20.3,20,19.8,19.8,-9999,-9999,-9999,-9999,-9999,-9999,-9999,-9999,-9999,8.812212944030762
"2025-06-19 16:26:23",19.6,19.6,20,20.1,28,29.2,20.3,20.3,20,19.8,19.8,-9999,-9999,-9999,-9999,-9999,-9999,-9999,-9999,-9999,8.812546730041504
"2025-06-19 16:26:27",19.7,19.7,20,20.2,28.1,29.2,20.3,20.3,20,19.8,19.8,-9999,-9999,-9999,-9999,-9999,-9999,-9999,-9999,-9999,8.812641143798828
"2025-06-19 16:26:34",19.7,19.7,20,20.2,28.1,29.3,20.3,20.3,20,19.8,19.8,-9999,-9999,-9999,-9999,-9999,-9999,-9999,-9999,-9999,8.8129301071167
"2025-06-19 16:26:37",19.6,19.7,20,20.1,28.1,29.3,20.3,20.3,20,19.8,19.8,-9999,-9999,-9999,-9999,-9999,-9999,-9999,-9999,-9999,8.812555313110352
"2025-06-19 16:26:44",19.6,19.7,20,20.1,28.1,29.3,20.3,20.3,20,19.8,19.8,-9999,-9999,-9999,-9999,-9999,-9999,-9999,-9999,-9999,8.813596725463867
"2025-06-19 16:26:48",19.7,19.6,20,20.1,28.1,29.3,20.3,20.3,20,19.8,19.8,-9999,-9999,-9999,-9999,-9999,-9999,-9999,-9999,-9999,8.81379222869873
"2025-06-19 16:26:55",19.7,19.7,20,20.1,28.1,29.3,20.3,20.3,20,19.9,19.8,-9999,-9999,-9999,-9999,-9999,-9999,-9999,-9999,-9999,8.813807487487793
"2025-06-19 16:26:58",19.6,19.7,20,20.1,28.1,29.3,20.3,20.3,20,19.9,19.8,-9999,-9999,-9999,-9999,-9999,-9999,-9999,-9999,-9999,8.812844276428223
"2025-06-19 16:27:05",19.7,19.6,20,20.1,28.1,29.2,20.3,20.3,20,19.9,19.8,-9999,-9999,-9999,-9999,-9999,-9999,-9999,-9999,-9999,8.813445091247559
"2025-06-19 16:27:08",19.7,19.6,20,20.1,28.1,29.2,20.3,20.3,20,19.8,19.8,-9999,-9999,-9999,-9999,-9999,-9999,-9999,-9999,-9999,8.813191413879395
"2025-06-19 16:27:15",19.7,19.7,20,20.1,28.1,29.3,20.3,20.3,20,19.8,19.8,-9999,-9999,-9999,-9999,-9999,-9999,-9999,-9999,-9999,8.813517570495605
"2025-06-19 16:27:19",19.7,19.7,20,20.1,28.1,29.3,20.3,20.3,20,19.8,19.8,-9999,-9999,-9999,-9999,-9999,-9999,-9999,-9999,-9999,8.813590049743652
"2025-06-19 16:27:26",19.6,19.6,20,20.1,28.1,29.2,20.3,20.3,20,19.8,19.8,-9999,-9999,-9999,-9999,-9999,-9999,-9999,-9999,-9999,8.813272476196289
"2025-06-19 16:27:29",19.6,19.6,20,20.1,28.1,29.2,20.3,20.3,20,19.9,19.8,-9999,-9999,-9999,-9999,-9999,-9999,-9999,-9999,-9999,8.813335418701172
"2025-06-19 16:27:36",19.6,19.6,20,20.1,28.1,29.2,20.3,20.3,20,19.8,19.8,-9999,-9999,-9999,-9999,-9999,-9999,-9999,-9999,-9999,8.813350677490234
"2025-06-19 16:27:40",19.7,19.7,20,20.1,28.1,29.3,20.3,20.3,20.1,19.9,19.8,-9999,-9999,-9999,-9999,-9999,-9999,-9999,-9999,-9999,8.813112258911133
"2025-06-19 16:27:47",19.7,19.6,20,20.1,28.1,29.2,20.3,20.3,20,19.9,19.8,-9999,-9999,-9999,-9999,-9999,-9999,-9999,-9999,-9999,8.813480377197266
"2025-06-19 16:27:50",19.7,19.6,20,20.1,28.1,29.2,20.3,20.3,20.1,19.9,19.8,-9999,-9999,-9999,-9999,-9999,-9999,-9999,-9999,-9999,8.813156127929688
"2025-06-19 16:27:57",19.7,19.7,20,20.1,28.1,29.2,20.3,20.3,20.1,19.8,19.8,-9999,-9999,-9999,-9999,-9999,-9999,-9999,-9999,-9999,8.813169479370117
"2025-06-19 16:28:00",19.6,19.6,20,20.1,28.1,29.3,20.3,20.3,20.1,19.8,19.8,-9999,-9999,-9999,-9999,-9999,-9999,-9999,-9999,-9999,8.813907623291016
"2025-06-19 16:28:07",19.7,19.6,20,20.1,28.1,29.3,20.3,20.3,20,19.8,19.8,-9999,-9999,-9999,-9999,-9999,-9999,-9999,-9999,-9999,8.814386367797852
"2025-06-19 16:28:11",19.7,19.7,20,20.1,28.1,29.3,20.3,20.3,20,19.9,19.8,-9999,-9999,-9999,-9999,-9999,-9999,-9999,-9999,-9999,8.814386367797852
"2025-06-19 16:28:18",19.7,19.6,20,20.1,28.1,29.3,20.3,20.3,20.1,19.9,19.8,-9999,-9999,-9999,-9999,-9999,-9999,-9999,-9999,-9999,8.814445495605469
"2025-06-19 16:28:21",19.7,19.6,20,20.1,28.1,29.2,20.3,20.3,20.1,19.8,19.8,-9999,-9999,-9999,-9999,-9999,-9999,-9999,-9999,-9999,8.814067840576172
"2025-06-19 16:28:28",19.7,19.6,20,20.1,28.1,29.2,20.3,20.3,20,19.8,19.8,-9999,-9999,-9999,-9999,-9999,-9999,-9999,-9999,-9999,8.813901901245117
"2025-06-19 16:28:31",19.7,19.6,20,20.1,28.1,29.2,20.3,20.3,20,19.8,19.8,-9999,-9999,-9999,-9999,-9999,-9999,-9999,-9999,-9999,8.813885688781738
"2025-06-19 16:28:38",19.7,19.7,20,20.1,28.1,29.2,20.3,20.3,20,19.8,19.8,-9999,-9999,-9999,-9999,-9999,-9999,-9999,-9999,-9999,8.813785552978516
"2025-06-19 16:28:42",19.7,19.6,20,20.1,28.1,29.2,20.3,20.3,20,19.8,19.8,-9999,-9999,-9999,-9999,-9999,-9999,-9999,-9999,-9999,8.814162254333496
"2025-06-19 16:28:49",19.7,19.6,20,20.1,28.1,29.3,20.3,20.3,20,19.8,19.8,-9999,-9999,-9999,-9999,-9999,-9999,-9999,-9999,-9999,8.814140319824219
"2025-06-19 16:28:52",19.7,19.7,20,20.1,28.1,29.2,20.3,20.3,20,19.8,19.8,-9999,-9999,-9999,-9999,-9999,-9999,-9999,-9999,-9999,8.814263343811035
"2025-06-19 16:28:59",19.7,19.6,20,20.1,28.1,29.2,20.3,20.3,20,19.8,19.8,-9999,-9999,-9999,-9999,-9999,-9999,-9999,-9999,-9999,8.813929557800293
"2025-06-19 16:29:03",19.6,19.6,20,20.1,28.1,29.2,20.3,20.3,20,19.9,19.8,-9999,-9999,-9999,-9999,-9999,-9999,-9999,-9999,-9999,8.81391716003418
"2025-06-19 16:29:10",19.6,19.6,20,20.1,28.1,29.3,20.3,20.3,20,19.9,19.8,-9999,-9999,-9999,-9999,-9999,-9999,-9999,-9999,-9999,8.814168930053711
"2025-06-19 16:29:13",19.6,19.6,20,20.1,28.1,29.3,20.3,20.3,20,19.9,19.8,-9999,-9999,-9999,-9999,-9999,-9999,-9999,-9999,-9999,8.814458847045898
"2025-06-19 16:29:20",19.7,19.7,20,20.1,28.1,29.2,20.3,20.3,20,19.8,19.8,-9999,-9999,-9999,-9999,-9999,-9999,-9999,-9999,-9999,8.814162254333496
"2025-06-19 16:29:23",19.7,19.7,20,20.2,28.1,29.3,20.3,20.3,20,19.9,19.8,-9999,-9999,-9999,-9999,-9999,-9999,-9999,-9999,-9999,8.814668655395508
"2025-06-19 16:29:30",19.6,19.7,20,20.1,28.1,29.2,20.3,20.3,20,19.8,19.8,-9999,-9999,-9999,-9999,-9999,-9999,-9999,-9999,-9999,8.814458847045898
"2025-06-19 16:29:34",19.7,19.7,20,20.1,28.1,29.2,20.3,20.3,20,19.8,19.8,-9999,-9999,-9999,-9999,-9999,-9999,-9999,-9999,-9999,8.814602851867676
"2025-06-19 16:29:41",19.7,19.7,20,20.1,28.1,29.3,20.3,20.3,20,19.8,19.8,-9999,-9999,-9999,-9999,-9999,-9999,-9999,-9999,-9999,8.814125061035156
"2025-06-19 16:29:44",19.6,19.6,20,20.1,28.1,29.3,20.3,20.3,20,19.8,19.8,-9999,-9999,-9999,-9999,-9999,-9999,-9999,-9999,-9999,8.813750267028809
"2025-06-19 16:29:51",19.7,19.7,20,20.1,28.1,29.2,20.3,20.3,20,19.8,19.8,-9999,-9999,-9999,-9999,-9999,-9999,-9999,-9999,-9999,8.814452171325684
"2025-06-19 16:29:55",19.7,19.7,20,20.1,28.1,29.2,20.3,20.3,20,19.8,19.8,-9999,-9999,-9999,-9999,-9999,-9999,-9999,-9999,-9999,8.81478500366211
"2025-06-19 16:30:01",19.7,19.7,20,20.1,28.1,29.2,20.3,20.3,20,19.9,19.8,-9999,-9999,-9999,-9999,-9999,-9999,-9999,-9999,-9999,8.814850807189941
"2025-06-19 16:30:05",19.6,19.7,20,20.1,28.1,29.2,20.3,20.3,20,19.8,19.8,-9999,-9999,-9999,-9999,-9999,-9999,-9999,-9999,-9999,8.814624786376953
"2025-06-19 16:30:12",19.7,19.7,20,20.1,28.1,29.2,20.3,20.3,20,19.8,19.8,-9999,-9999,-9999,-9999,-9999,-9999,-9999,-9999,-9999,8.81548023223877
"2025-06-19 16:30:15",19.7,19.7,20,20.1,28.1,29.2,20.3,20.3,20,19.8,19.8,-9999,-9999,-9999,-9999,-9999,-9999,-9999,-9999,-9999,8.815444946289062
"2025-06-19 16:30:22",19.7,19.7,20,20.1,28.1,29.2,20.3,20.3,20,19.8,19.8,-9999,-9999,-9999,-9999,-9999,-9999,-9999,-9999,-9999,8.815473556518555
"2025-06-19 16:30:26",19.7,19.7,20,20.1,28.1,29.2,20.3,20.3,20,19.8,19.8,-9999,-9999,-9999,-9999,-9999,-9999,-9999,-9999,-9999,8.815690994262695
"2025-06-19 16:30:33",19.7,19.6,20,20.1,28.1,29.3,20.3,20.3,20,19.9,19.8,-9999,-9999,-9999,-9999,-9999,-9999,-9999,-9999,-9999,8.815567970275879
"2025-06-19 16:30:36",19.7,19.6,20,20.1,28,29.3,20.3,20.3,20,19.9,19.8,-9999,-9999,-9999,-9999,-9999,-9999,-9999,-9999,-9999,8.815725326538086
"2025-06-19 16:30:43",19.7,19.6,20,20.1,28.1,29.2,20.3,20.3,20,19.8,19.8,-9999,-9999,-9999,-9999,-9999,-9999,-9999,-9999,-9999,8.81569766998291
"2025-06-19 16:30:46",19.7,19.6,20,20.1,28.1,29.2,20.3,20.3,20,19.9,19.8,-9999,-9999,-9999,-9999,-9999,-9999,-9999,-9999,-9999,8.816168785095215
"2025-06-19 16:30:53",19.6,19.6,20,20.1,28.1,29.2,20.3,20.3,20,19.9,19.8,-9999,-9999,-9999,-9999,-9999,-9999,-9999,-9999,-9999,8.816401481628418
"2025-06-19 16:30:57",19.7,19.6,20,20.1,28.1,29.3,20.3,20.3,20,19.8,19.8,-9999,-9999,-9999,-9999,-9999,-9999,-9999,-9999,-9999,8.815763473510742
"2025-06-19 16:31:04",19.6,19.7,20,20.2,28.1,29.3,20.3,20.3,20,19.9,19.8,-9999,-9999,-9999,-9999,-9999,-9999,-9999,-9999,-9999,8.815775871276855
"2025-06-19 16:31:07",19.6,19.7,20,20.2,28.1,29.3,20.3,20.3,20,19.8,19.8,-9999,-9999,-9999,-9999,-9999,-9999,-9999,-9999,-9999,8.815973281860352
"2025-06-19 16:31:14",19.7,19.6,20,20.1,28.1,29.3,20.3,20.3,20.1,19.8,19.8,-9999,-9999,-9999,-9999,-9999,-9999,-9999,-9999,-9999,8.816329002380371
"2025-06-19 16:31:18",19.6,19.6,20,20.1,28.1,29.3,20.3,20.3,20,19.8,19.8,-9999,-9999,-9999,-9999,-9999,-9999,-9999,-9999,-9999,8.815675735473633
"2025-06-19 16:31:25",19.7,19.6,20,20.2,28.1,29.3,20.3,20.3,20.1,19.9,19.8,-9999,-9999,-9999,-9999,-9999,-9999,-9999,-9999,-9999,8.816269874572754
"2025-06-19 16:31:28",19.6,19.6,20,20.1,28.1,29.3,20.3,20.3,20.1,19.8,19.8,-9999,-9999,-9999,-9999,-9999,-9999,-9999,-9999,-9999,8.816153526306152
"2025-06-19 16:31:35",19.6,19.6,20,20.1,28.1,29.3,20.3,20.3,20,19.8,19.8,-9999,-9999,-9999,-9999,-9999,-9999,-9999,-9999,-9999,8.8163480758667
"2025-06-19 16:31:38",19.6,19.7,20,20.1,28.1,29.2,20.3,20.3,20,19.8,19.8,-9999,-9999,-9999,-9999,-9999,-9999,-9999,-9999,-9999,8.816357612609863
"2025-06-19 16:31:45",19.6,19.7,20,20.1,28.1,29.2,20.3,20.3,20,19.8,19.8,-9999,-9999,-9999,-9999,-9999,-9999,-9999,-9999,-9999,8.816102981567383
"2025-06-19 16:31:49",19.6,19.7,20,20.1,28.1,29.2,20.3,20.3,20,19.9,19.8,-9999,-9999,-9999,-9999,-9999,-9999,-9999,-9999,-9999,8.816298484802246
"2025-06-19 16:31:56",19.6,19.6,20,20.1,28.1,29.3,20.3,20.3,20,19.8,19.8,-9999,-9999,-9999,-9999,-9999,-9999,-9999,-9999,-9999,8.816131591796875
"2025-06-19 16:31:59",19.6,19.6,20,20.1,28.1,29.3,20.3,20.3,20,19.8,19.8,-9999,-9999,-9999,-9999,-9999,-9999,-9999,-9999,-9999,8.816241264343262
"2025-06-19 16:32:06",19.6,19.6,20,20.1,28,29.3,20.3,20.3,20,19.8,19.8,-9999,-9999,-9999,-9999,-9999,-9999,-9999,-9999,-9999,8.816690444946289
"2025-06-19 16:32:09",19.6,19.6,20,20.1,28.1,29.2,20.3,20.3,20,19.8,19.8,-9999,-9999,-9999,-9999,-9999,-9999,-9999,-9999,-9999,8.816631317138672
"2025-06-19 16:32:16",19.6,19.6,20,20.1,28.1,29.2,20.3,20.3,20,19.8,19.8,-9999,-9999,-9999,-9999,-9999,-9999,-9999,-9999,-9999,8.816574096679688
"2025-06-19 16:32:20",19.6,19.6,20,20.1,28.1,29.2,20.3,20.3,20,19.8,19.8,-9999,-9999,-9999,-9999,-9999,-9999,-9999,-9999,-9999,8.817203521728516
"2025-06-19 16:32:27",19.7,19.6,20,20.1,28.1,29.2,20.3,20.3,20,19.9,19.8,-9999,-9999,-9999,-9999,-9999,-9999,-9999,-9999,-9999,8.817117691040039
"2025-06-19 16:32:30",19.7,19.6,20,20.1,28,29.2,20.3,20.3,20,19.8,19.8,-9999,-9999,-9999,-9999,-9999,-9999,-9999,-9999,-9999,8.816848754882812
"2025-06-19 16:32:37",19.7,19.6,20,20.1,28,29.2,20.3,20.3,20,19.8,19.8,-9999,-9999,-9999,-9999,-9999,-9999,-9999,-9999,-9999,8.816703796386719
"2025-06-19 16:32:41",19.7,19.6,20,20.1,28,29.2,20.3,20.3,20,19.8,19.8,-9999,-9999,-9999,-9999,-9999,-9999,-9999,-9999,-9999,8.816681861877441
"2025-06-19 16:32:48",19.6,19.6,20,20.1,28,29.2,20.3,20.3,20,19.8,19.8,-9999,-9999,-9999,-9999,-9999,-9999,-9999,-9999,-9999,8.816826820373535
"2025-06-19 16:32:51",19.6,19.6,20,20.1,28,29.2,20.3,20.3,20,19.8,19.8,-9999,-9999,-9999,-9999,-9999,-9999,-9999,-9999,-9999,8.816508293151855
"2025-06-19 16:32:58",19.7,19.6,20,20.1,28.1,29.2,20.3,20.3,20,19.8,19.8,-9999,-9999,-9999,-9999,-9999,-9999,-9999,-9999,-9999,8.816703796386719
"2025-06-19 16:33:01",19.6,19.6,20,20.1,28.1,29.2,20.3,20.3,20,19.8,19.8,-9999,-9999,-9999,-9999,-9999,-9999,-9999,-9999,-9999,8.81680679321289
"2025-06-19 16:33:08",19.6,19.6,20,20.1,28,29.2,20.3,20.3,20,19.8,19.8,-9999,-9999,-9999,-9999,-9999,-9999,-9999,-9999,-9999,8.817146301269531
"2025-06-19 16:33:12",19.6,19.6,20,20.1,28.1,29.2,20.3,20.3,20,19.8,19.8,-9999,-9999,-9999,-9999,-9999,-9999,-9999,-9999,-9999,8.817218780517578
"2025-06-19 16:33:19",19.7,19.7,20,20.1,28.1,29.2,20.3,20.3,20,19.8,19.8,-9999,-9999,-9999,-9999,-9999,-9999,-9999,-9999,-9999,8.817181587219238
"2025-06-19 16:33:22",19.7,19.7,20,20.1,28.1,29.2,20.3,20.3,20,19.8,19.8,-9999,-9999,-9999,-9999,-9999,-9999,-9999,-9999,-9999,8.817087173461914
"2025-06-19 16:33:29",19.6,19.7,20,20.1,28.1,29.2,20.3,20.3,20,19.8,19.8,-9999,-9999,-9999,-9999,-9999,-9999,-9999,-9999,-9999,8.81755256652832
"2025-06-19 16:33:33",19.6,19.7,20,20.1,28.1,29.2,20.3,20.3,20,19.8,19.8,-9999,-9999,-9999,-9999,-9999,-9999,-9999,-9999,-9999,8.817681312561035
"2025-06-19 16:33:40",19.6,19.6,20,20.1,28.1,29.2,20.3,20.3,20,19.8,19.8,-9999,-9999,-9999,-9999,-9999,-9999,-9999,-9999,-9999,8.817907333374023
"2025-06-19 16:33:43",19.6,19.6,20,20.1,28.1,29.2,20.3,20.3,20,19.8,19.8,-9999,-9999,-9999,-9999,-9999,-9999,-9999,-9999,-9999,8.817326545715332
"2025-06-19 16:33:50",19.6,19.7,20,20.1,28,29.2,20.3,20.3,20,19.8,19.8,-9999,-9999,-9999,-9999,-9999,-9999,-9999,-9999,-9999,8.817854881286621
"2025-06-19 16:33:53",19.6,19.6,20,20.1,28,29.2,20.3,20.3,20,19.8,19.8,-9999,-9999,-9999,-9999,-9999,-9999,-9999,-9999,-9999,8.81776237487793
"2025-06-19 16:34:00",19.6,19.7,20,20.1,28,29.2,20.3,20.3,20,19.8,19.8,-9999,-9999,-9999,-9999,-9999,-9999,-9999,-9999,-9999,8.81808090209961
"2025-06-19 16:34:04",19.6,19.6,20,20.1,28,29.2,20.3,20.3,20,19.8,19.8,-9999,-9999,-9999,-9999,-9999,-9999,-9999,-9999,-9999,8.818109512329102
"2025-06-19 16:34:11",19.7,19.6,20,20.1,28.1,29.2,20.3,20.3,20,19.8,19.8,-9999,-9999,-9999,-9999,-9999,-9999,-9999,-9999,-9999,8.81772518157959
"2025-06-19 16:34:14",19.6,19.6,20,20.1,28.1,29.2,20.3,20.3,20,19.8,19.8,-9999,-9999,-9999,-9999,-9999,-9999,-9999,-9999,-9999,8.817659378051758
"2025-06-19 16:34:21",19.7,19.6,20,20.1,28,29.2,20.3,20.3,20,19.8,19.8,-9999,-9999,-9999,-9999,-9999,-9999,-9999,-9999,-9999,8.817740440368652
"2025-06-19 16:34:24",19.6,19.6,20,20.1,28,29.2,20.3,20.3,20,19.9,19.8,-9999,-9999,-9999,-9999,-9999,-9999,-9999,-9999,-9999,8.818065643310547
"2025-06-19 16:34:31",19.7,19.6,20,20.1,28.1,29.2,20.3,20.3,20,19.8,19.8,-9999,-9999,-9999,-9999,-9999,-9999,-9999,-9999,-9999,8.818442344665527
"2025-06-19 16:34:35",19.6,19.6,20,20.1,28,29.2,20.3,20.3,20,19.8,19.8,-9999,-9999,-9999,-9999,-9999,-9999,-9999,-9999,-9999,8.818138122558594
"2025-06-19 16:34:42",19.6,19.6,20,20.1,28.1,29.2,20.3,20.3,20,19.9,19.8,-9999,-9999,-9999,-9999,-9999,-9999,-9999,-9999,-9999,8.817718505859375
"2025-06-19 16:34:45",19.6,19.6,20,20.1,28.1,29.2,20.3,20.3,20,19.8,19.8,-9999,-9999,-9999,-9999,-9999,-9999,-9999,-9999,-9999,8.818094253540039
"2025-06-19 16:34:52",19.6,19.6,20,20.1,28.1,29.2,20.3,20.3,20,19.8,19.8,-9999,-9999,-9999,-9999,-9999,-9999,-9999,-9999,-9999,8.818593978881836
"2025-06-19 16:34:56",19.6,19.6,20,20.1,28.1,29.2,20.3,20.3,20,19.9,19.8,-9999,-9999,-9999,-9999,-9999,-9999,-9999,-9999,-9999,8.81845760345459
"2025-06-19 16:35:03",19.6,19.6,20,20.1,28,29.2,20.3,20.3,20,19.8,19.8,-9999,-9999,-9999,-9999,-9999,-9999,-9999,-9999,-9999,8.818819999694824
"2025-06-19 16:35:06",19.6,19.6,20,20.1,28,29.2,20.3,20.3,20,19.8,19.8,-9999,-9999,-9999,-9999,-9999,-9999,-9999,-9999,-9999,8.819058418273926
"2025-06-19 16:35:13",19.7,19.6,20,20.1,28,29.2,20.3,20.3,20,19.8,19.8,-9999,-9999,-9999,-9999,-9999,-9999,-9999,-9999,-9999,8.818653106689453
"2025-06-19 16:35:16",19.6,19.6,20,20.1,28,29.2,20.3,20.3,20,19.8,19.8,-9999,-9999,-9999,-9999,-9999,-9999,-9999,-9999,-9999,8.818666458129883
"2025-06-19 16:35:23",19.6,19.7,20,20.1,28.1,29.2,20.3,20.3,20,19.8,19.8,-9999,-9999,-9999,-9999,-9999,-9999,-9999,-9999,-9999,8.81921672821045
"2025-06-19 16:35:27",19.6,19.6,20,20.1,28,29.2,20.3,20.3,20,19.8,19.8,-9999,-9999,-9999,-9999,-9999,-9999,-9999,-9999,-9999,8.818832397460938
"2025-06-19 16:35:34",19.6,19.6,20,20.1,28,29.2,20.3,20.3,20,19.8,19.8,-9999,-9999,-9999,-9999,-9999,-9999,-9999,-9999,-9999,8.818970680236816
"2025-06-19 16:35:37",19.6,19.7,20,20.1,28,29.2,20.3,20.3,20,19.8,19.8,-9999,-9999,-9999,-9999,-9999,-9999,-9999,-9999,-9999,8.818913459777832
"2025-06-19 16:35:44",19.6,19.7,20,20.1,28.1,29.2,20.3,20.3,20,19.8,19.8,-9999,-9999,-9999,-9999,-9999,-9999,-9999,-9999,-9999,8.819238662719727
"2025-06-19 16:35:47",19.7,19.7,20,20.1,28.1,29.2,20.3,20.3,20,19.8,19.8,-9999,-9999,-9999,-9999,-9999,-9999,-9999,-9999,-9999,8.819311141967773
"2025-06-19 16:35:54",19.6,19.7,20,20.1,28.1,29.2,20.3,20.3,20,19.8,19.8,-9999,-9999,-9999,-9999,-9999,-9999,-9999,-9999,-9999,8.819326400756836
"2025-06-19 16:35:58",19.6,19.7,20,20.1,28.1,29.2,20.3,20.3,20,19.9,19.8,-9999,-9999,-9999,-9999,-9999,-9999,-9999,-9999,-9999,8.819275856018066
"2025-06-19 16:36:05",19.6,19.6,20,20.1,28.1,29.2,20.3,20.3,20,19.8,19.8,-9999,-9999,-9999,-9999,-9999,-9999,-9999,-9999,-9999,8.819571495056152
"2025-06-19 16:36:08",19.6,19.6,20,20.1,28.1,29.2,20.3,20.3,20,19.9,19.8,-9999,-9999,-9999,-9999,-9999,-9999,-9999,-9999,-9999,8.819363594055176
"2025-06-19 16:36:15",19.6,19.7,20,20.1,28.1,29.2,20.3,20.3,20,19.8,19.8,-9999,-9999,-9999,-9999,-9999,-9999,-9999,-9999,-9999,8.819709777832031
"2025-06-19 16:36:19",19.6,19.6,20,20.1,28.1,29.2,20.3,20.3,20,19.9,19.8,-9999,-9999,-9999,-9999,-9999,-9999,-9999,-9999,-9999,8.819181442260742
"2025-06-19 16:36:26",19.7,19.7,20,20.1,28,29.2,20.3,20.3,20,19.8,19.8,-9999,-9999,-9999,-9999,-9999,-9999,-9999,-9999,-9999,8.819549560546875
"2025-06-19 16:36:29",19.7,19.7,20,20.1,28.1,29.2,20.3,20.3,20,19.9,19.8,-9999,-9999,-9999,-9999,-9999,-9999,-9999,-9999,-9999,8.819442749023438
"2025-06-19 16:36:36",19.7,19.7,20,20.1,28.1,29.2,20.3,20.3,20,19.9,19.8,-9999,-9999,-9999,-9999,-9999,-9999,-9999,-9999,-9999,8.819659233093262
"2025-06-19 16:36:39",19.7,19.7,20,20.1,28,29.2,20.3,20.3,20,19.8,19.8,-9999,-9999,-9999,-9999,-9999,-9999,-9999,-9999,-9999,8.819253921508789
"2025-06-19 16:36:46",19.6,19.7,20,20.1,28.1,29.2,20.3,20.3,20,19.8,19.8,-9999,-9999,-9999,-9999,-9999,-9999,-9999,-9999,-9999,8.819986343383789
"2025-06-19 16:36:50",19.6,19.7,20,20.1,28.1,29.2,20.3,20.3,20,19.9,19.8,-9999,-9999,-9999,-9999,-9999,-9999,-9999,-9999,-9999,8.82018756866455
"2025-06-19 16:36:57",19.7,19.7,20,20.1,28,29.2,20.3,20.3,20,19.9,19.8,-9999,-9999,-9999,-9999,-9999,-9999,-9999,-9999,-9999,8.820021629333496
"2025-06-19 16:37:00",19.6,19.7,20,20.1,28.1,29.2,20.3,20.3,20,19.8,19.8,-9999,-9999,-9999,-9999,-9999,-9999,-9999,-9999,-9999,8.819841384887695
"2025-06-19 16:37:07",19.7,19.7,20,20.1,28,29.2,20.4,20.3,20,19.8,19.8,-9999,-9999,-9999,-9999,-9999,-9999,-9999,-9999,-9999,8.820442199707031
"2025-06-19 16:37:11",19.7,19.7,20,20.1,28.1,29.2,20.3,20.3,20,19.8,19.8,-9999,-9999,-9999,-9999,-9999,-9999,-9999,-9999,-9999,8.81986141204834
"2025-06-19 16:37:18",19.7,19.7,20,20.1,28,29.2,20.3,20.3,20,19.8,19.8,-9999,-9999,-9999,-9999,-9999,-9999,-9999,-9999,-9999,8.82018756866455
"2025-06-19 16:37:21",19.7,19.7,20,20.1,28,29.2,20.3,20.3,20,19.8,19.8,-9999,-9999,-9999,-9999,-9999,-9999,-9999,-9999,-9999,8.820202827453613
"2025-06-19 16:37:28",19.7,19.7,20,20.1,28,29.2,20.3,20.3,20,19.8,19.8,-9999,-9999,-9999,-9999,-9999,-9999,-9999,-9999,-9999,8.82023811340332
"2025-06-19 16:37:31",19.6,19.6,20,20.1,28,29.2,20.3,20.3,20,19.8,19.8,-9999,-9999,-9999,-9999,-9999,-9999,-9999,-9999,-9999,8.820310592651367
"2025-06-19 16:37:38",19.7,19.7,20,20.1,28.1,29.2,20.3,20.3,20,19.9,19.8,-9999,-9999,-9999,-9999,-9999,-9999,-9999,-9999,-9999,8.820137023925781
"2025-06-19 16:37:42",19.7,19.6,20,20.1,28,29.2,20.3,20.3,20,19.9,19.8,-9999,-9999,-9999,-9999,-9999,-9999,-9999,-9999,-9999,8.820941925048828
"2025-06-19 16:37:49",19.6,19.6,20,20.1,28,29.2,20.3,20.3,20,19.9,19.8,-9999,-9999,-9999,-9999,-9999,-9999,-9999,-9999,-9999,8.820911407470703
"2025-06-19 16:37:52",19.6,19.7,20,20.1,28.1,29.2,20.3,20.3,20,19.9,19.8,-9999,-9999,-9999,-9999,-9999,-9999,-9999,-9999,-9999,8.821049690246582
"2025-06-19 16:37:59",19.7,19.7,20,20.1,28,29.2,20.3,20.3,20,19.9,19.8,-9999,-9999,-9999,-9999,-9999,-9999,-9999,-9999,-9999,8.821476936340332
"2025-06-19 16:38:02",19.7,19.7,20,20.1,28.1,29.2,20.3,20.3,20,19.8,19.8,-9999,-9999,-9999,-9999,-9999,-9999,-9999,-9999,-9999,8.821294784545898
"2025-06-19 16:38:09",19.7,19.7,20,20.2,28.1,29.2,20.3,20.3,20,19.9,19.8,-9999,-9999,-9999,-9999,-9999,-9999,-9999,-9999,-9999,8.821738243103027
"2025-06-19 16:38:13",19.6,19.7,20,20.1,28,29.2,20.3,20.3,20,19.9,19.8,-9999,-9999,-9999,-9999,-9999,-9999,-9999,-9999,-9999,8.821744918823242
"2025-06-19 16:38:20",19.7,19.7,20,20.1,28.1,29.2,20.3,20.3,20,19.8,19.8,-9999,-9999,-9999,-9999,-9999,-9999,-9999,-9999,-9999,8.821144104003906
"2025-06-19 16:38:23",19.7,19.7,20,20.1,28.1,29.2,20.3,20.3,20,19.8,19.8,-9999,-9999,-9999,-9999,-9999,-9999,-9999,-9999,-9999,8.821441650390625
"2025-06-19 16:38:30",19.7,19.7,20,20.1,28.1,29.2,20.3,20.3,20,19.8,19.8,-9999,-9999,-9999,-9999,-9999,-9999,-9999,-9999,-9999,8.821599960327148
"2025-06-19 16:38:34",19.7,19.7,20,20.1,28.1,29.2,20.3,20.3,20,19.8,19.8,-9999,-9999,-9999,-9999,-9999,-9999,-9999,-9999,-9999,8.821014404296875
"2025-06-19 16:38:41",19.7,19.7,20,20.1,28,29.2,20.3,20.3,20,19.8,19.8,-9999,-9999,-9999,-9999,-9999,-9999,-9999,-9999,-9999,8.8214111328125
"2025-06-19 16:38:44",19.7,19.7,20,20.1,28,29.2,20.3,20.3,20,19.8,19.8,-9999,-9999,-9999,-9999,-9999,-9999,-9999,-9999,-9999,8.821637153625488
"2025-06-19 16:38:51",19.7,19.7,20,20.1,28.1,29.2,20.3,20.3,20,19.8,19.8,-9999,-9999,-9999,-9999,-9999,-9999,-9999,-9999,-9999,8.821744918823242
"2025-06-19 16:38:54",19.7,19.7,20,20.1,28.1,29.2,20.3,20.3,20,19.8,19.8,-9999,-9999,-9999,-9999,-9999,-9999,-9999,-9999,-9999,8.822077751159668
"2025-06-19 16:39:01",19.7,19.7,20,20.1,28,29.2,20.3,20.3,20,19.8,19.8,-9999,-9999,-9999,-9999,-9999,-9999,-9999,-9999,-9999,8.821817398071289
"2025-06-19 16:39:05",19.7,19.7,20,20.1,28,29.2,20.3,20.3,20,19.8,19.8,-9999,-9999,-9999,-9999,-9999,-9999,-9999,-9999,-9999,8.822404861450195
"2025-06-19 16:39:12",19.6,19.7,20,20.1,28,29.2,20.3,20.3,20,19.8,19.8,-9999,-9999,-9999,-9999,-9999,-9999,-9999,-9999,-9999,8.822121620178223
"2025-06-19 16:39:15",19.6,19.7,20,20.1,28,29.2,20.3,20.3,20,19.8,19.8,-9999,-9999,-9999,-9999,-9999,-9999,-9999,-9999,-9999,8.822382926940918
"2025-06-19 16:39:22",19.7,19.7,20,20.1,28.1,29.2,20.3,20.3,20,19.8,19.8,-9999,-9999,-9999,-9999,-9999,-9999,-9999,-9999,-9999,8.822636604309082
"2025-06-19 16:39:25",19.7,19.7,20,20.1,28.1,29.2,20.3,20.3,20,19.8,19.8,-9999,-9999,-9999,-9999,-9999,-9999,-9999,-9999,-9999,8.82253360748291
"2025-06-19 16:39:32",19.7,19.7,20,20.1,28.1,29.2,20.3,20.3,20,19.8,19.8,-9999,-9999,-9999,-9999,-9999,-9999,-9999,-9999,-9999,8.822543144226074
"2025-06-19 16:39:36",19.7,19.7,20,20.1,28.1,29.2,20.3,20.3,20,19.8,19.8,-9999,-9999,-9999,-9999,-9999,-9999,-9999,-9999,-9999,8.822744369506836
"2025-06-19 16:39:43",19.7,19.7,20,20.1,28,29.2,20.3,20.3,20,19.8,19.8,-9999,-9999,-9999,-9999,-9999,-9999,-9999,-9999,-9999,8.822376251220703
"2025-06-19 16:39:46",19.7,19.7,20,20.1,28,29.2,20.3,20.3,20,19.8,19.8,-9999,-9999,-9999,-9999,-9999,-9999,-9999,-9999,-9999,8.822281837463379
"2025-06-19 16:39:53",19.7,19.7,20,20.1,28.1,29.2,20.3,20.3,20,19.8,19.8,-9999,-9999,-9999,-9999,-9999,-9999,-9999,-9999,-9999,8.822555541992188
"2025-06-19 16:39:57",19.7,19.7,20,20.1,28,29.2,20.3,20.3,20,19.8,19.8,-9999,-9999,-9999,-9999,-9999,-9999,-9999,-9999,-9999,8.822656631469727
"2025-06-19 16:40:04",19.7,19.7,20,20.1,28,29.2,20.3,20.3,20,19.8,19.8,-9999,-9999,-9999,-9999,-9999,-9999,-9999,-9999,-9999,8.822606086730957
"2025-06-19 16:40:07",19.7,19.7,20,20.1,28.1,29.2,20.3,20.3,20,19.8,19.8,-9999,-9999,-9999,-9999,-9999,-9999,-9999,-9999,-9999,8.822794914245605
"2025-06-19 16:40:14",19.7,19.7,20,20.1,28,29.2,20.3,20.3,20,19.8,19.8,-9999,-9999,-9999,-9999,-9999,-9999,-9999,-9999,-9999,8.823105812072754
"2025-06-19 16:40:17",19.7,19.7,20,20.1,28.1,29.2,20.3,20.3,20,19.8,19.8,-9999,-9999,-9999,-9999,-9999,-9999,-9999,-9999,-9999,8.823149681091309
"2025-06-19 16:40:24",19.7,19.7,20,20.1,28,29.2,20.3,20.3,20,19.9,19.8,-9999,-9999,-9999,-9999,-9999,-9999,-9999,-9999,-9999,8.823628425598145
"2025-06-19 16:40:28",19.7,19.7,20,20.1,28.1,29.2,20.3,20.3,20,19.8,19.8,-9999,-9999,-9999,-9999,-9999,-9999,-9999,-9999,-9999,8.823694229125977
"2025-06-19 16:40:35",19.7,19.7,20,20.1,28,29.2,20.3,20.3,20,19.8,19.8,-9999,-9999,-9999,-9999,-9999,-9999,-9999,-9999,-9999,8.823360443115234
"2025-06-19 16:40:38",19.7,19.7,20,20.1,28,29.2,20.3,20.3,20,19.8,19.8,-9999,-9999,-9999,-9999,-9999,-9999,-9999,-9999,-9999,8.823476791381836
"2025-06-19 16:40:45",19.7,19.7,20,20.1,28,29.2,20.3,20.3,20,19.8,19.8,-9999,-9999,-9999,-9999,-9999,-9999,-9999,-9999,-9999,8.823716163635254
"2025-06-19 16:40:49",19.7,19.6,20,20.1,28,29.2,20.3,20.3,20,19.8,19.8,-9999,-9999,-9999,-9999,-9999,-9999,-9999,-9999,-9999,8.823272705078125
"2025-06-19 16:40:56",19.7,19.6,20,20.1,28,29.2,20.3,20.3,20,19.8,19.8,-9999,-9999,-9999,-9999,-9999,-9999,-9999,-9999,-9999,8.823165893554688
"2025-06-19 16:40:59",19.7,19.7,20,20.1,28,29.2,20.3,20.3,20,19.8,19.8,-9999,-9999,-9999,-9999,-9999,-9999,-9999,-9999,-9999,8.822854042053223
"2025-06-19 16:41:06",19.7,19.7,20,20.1,28,29.2,20.3,20.3,20,19.8,19.8,-9999,-9999,-9999,-9999,-9999,-9999,-9999,-9999,-9999,8.823766708374023
"2025-06-19 16:41:09",19.7,19.7,20,20.1,28,29.2,20.3,20.3,20,19.9,19.8,-9999,-9999,-9999,-9999,-9999,-9999,-9999,-9999,-9999,8.823281288146973
"2025-06-19 16:41:16",19.7,19.7,20,20.1,28,29.2,20.3,20.3,20,19.8,19.8,-9999,-9999,-9999,-9999,-9999,-9999,-9999,-9999,-9999,8.823816299438477
"2025-06-19 16:41:20",19.6,19.7,20,20.1,28,29.2,20.3,20.3,20,19.8,19.8,-9999,-9999,-9999,-9999,-9999,-9999,-9999,-9999,-9999,8.823816299438477
"2025-06-19 16:41:27",19.7,19.7,20,20.1,28,29.2,20.3,20.3,20,19.8,19.8,-9999,-9999,-9999,-9999,-9999,-9999,-9999,-9999,-9999,8.823816299438477
"2025-06-19 16:41:30",19.7,19.7,20,20.1,28,29.2,20.3,20.3,20,19.8,19.8,-9999,-9999,-9999,-9999,-9999,-9999,-9999,-9999,-9999,8.823694229125977
"2025-06-19 16:41:37",19.7,19.7,20,20.1,28,29.2,20.3,20.3,20,19.8,19.8,-9999,-9999,-9999,-9999,-9999,-9999,-9999,-9999,-9999,8.824040412902832
"2025-06-19 16:41:40",19.7,19.7,20,20.1,28,29.2,20.3,20.3,20,19.9,19.8,-9999,-9999,-9999,-9999,-9999,-9999,-9999,-9999,-9999,8.823895454406738
"2025-06-19 16:41:47",19.7,19.7,20,20.1,28,29.2,20.3,20.3,20,19.9,19.8,-9999,-9999,-9999,-9999,-9999,-9999,-9999,-9999,-9999,8.823945999145508
"2025-06-19 16:41:51",19.7,19.7,20,20.1,28,29.2,20.3,20.3,20,19.8,19.8,-9999,-9999,-9999,-9999,-9999,-9999,-9999,-9999,-9999,8.82406234741211
"2025-06-19 16:41:58",19.7,19.7,20,20.1,28,29.2,20.3,20.3,20,19.8,19.8,-9999,-9999,-9999,-9999,-9999,-9999,-9999,-9999,-9999,8.823844909667969
"2025-06-19 16:42:01",19.7,19.7,20,20.1,28,29.2,20.3,20.3,20,19.9,19.8,-9999,-9999,-9999,-9999,-9999,-9999,-9999,-9999,-9999,8.823945999145508
"2025-06-19 16:42:08",19.7,19.7,20,20.1,28,29.2,20.3,20.3,20,19.8,19.8,-9999,-9999,-9999,-9999,-9999,-9999,-9999,-9999,-9999,8.823925971984863
"2025-06-19 16:42:12",19.7,19.7,20,20.1,28,29.2,20.3,20.3,20,19.8,19.8,-9999,-9999,-9999,-9999,-9999,-9999,-9999,-9999,-9999,8.824310302734375
"2025-06-19 16:42:19",19.7,19.7,20,20.1,28,29.2,20.3,20.3,20,19.8,19.8,-9999,-9999,-9999,-9999,-9999,-9999,-9999,-9999,-9999,8.82470703125
"2025-06-19 16:42:22",19.7,19.7,20,20.1,28,29.2,20.3,20.3,20,19.8,19.8,-9999,-9999,-9999,-9999,-9999,-9999,-9999,-9999,-9999,8.825257301330566
"2025-06-19 16:42:29",19.7,19.7,20,20.1,28,29.2,20.3,20.3,20,19.8,19.8,-9999,-9999,-9999,-9999,-9999,-9999,-9999,-9999,-9999,8.825206756591797
"2025-06-19 16:42:32",19.7,19.7,20,20.1,28,29.2,20.3,20.3,20,19.8,19.8,-9999,-9999,-9999,-9999,-9999,-9999,-9999,-9999,-9999,8.824995994567871
"2025-06-19 16:42:39",19.7,19.7,20,20.1,28,29.2,20.3,20.3,20,19.8,19.8,-9999,-9999,-9999,-9999,-9999,-9999,-9999,-9999,-9999,8.825098991394043
"2025-06-19 16:42:43",19.7,19.7,20,20.1,28.1,29.2,20.3,20.3,20,19.8,19.8,-9999,-9999,-9999,-9999,-9999,-9999,-9999,-9999,-9999,8.82465648651123
"2025-06-19 16:42:50",19.7,19.7,20,20.1,28.1,29.2,20.3,20.3,20,19.8,19.8,-9999,-9999,-9999,-9999,-9999,-9999,-9999,-9999,-9999,8.825090408325195
"2025-06-19 16:42:53",19.7,19.7,20,20.1,28,29.2,20.3,20.3,20,19.8,19.8,-9999,-9999,-9999,-9999,-9999,-9999,-9999,-9999,-9999,8.825474739074707
"2025-06-19 16:43:00",19.7,19.7,20,20.1,28,29.2,20.3,20.3,20,19.8,19.8,-9999,-9999,-9999,-9999,-9999,-9999,-9999,-9999,-9999,8.825294494628906
"2025-06-19 16:43:03",19.7,19.7,20,20.1,28,29.2,20.3,20.3,20,19.8,19.8,-9999,-9999,-9999,-9999,-9999,-9999,-9999,-9999,-9999,8.825360298156738
"2025-06-19 16:43:11",19.7,19.7,20,20.1,28,29.2,20.3,20.3,20,19.8,19.8,-9999,-9999,-9999,-9999,-9999,-9999,-9999,-9999,-9999,8.825410842895508
"2025-06-19 16:43:14",19.7,19.6,20,20.1,28,29.2,20.3,20.3,20,19.9,19.8,-9999,-9999,-9999,-9999,-9999,-9999,-9999,-9999,-9999,8.825098991394043
"2025-06-19 16:43:21",19.7,19.7,20,20.1,28,29.2,20.3,20.3,20,19.8,19.8,-9999,-9999,-9999,-9999,-9999,-9999,-9999,-9999,-9999,8.825757026672363
"2025-06-19 16:43:24",19.7,19.7,20,20.1,28,29.2,20.3,20.3,20,19.8,19.8,-9999,-9999,-9999,-9999,-9999,-9999,-9999,-9999,-9999,8.825983047485352
"2025-06-19 16:43:31",19.7,19.7,20,20.1,28,29.2,20.3,20.3,20,19.8,19.8,-9999,-9999,-9999,-9999,-9999,-9999,-9999,-9999,-9999,8.825606346130371
"2025-06-19 16:43:35",19.7,19.7,20,20.1,28,29.2,20.3,20.3,20,19.8,19.8,-9999,-9999,-9999,-9999,-9999,-9999,-9999,-9999,-9999,8.825533866882324
"2025-06-19 16:43:42",19.7,19.7,20,20.1,28,29.2,20.3,20.3,20,19.8,19.8,-9999,-9999,-9999,-9999,-9999,-9999,-9999,-9999,-9999,8.825721740722656
"2025-06-19 16:43:45",19.7,19.7,20,20.1,28,29.2,20.3,20.3,20,19.8,19.8,-9999,-9999,-9999,-9999,-9999,-9999,-9999,-9999,-9999,8.824867248535156
"2025-06-19 16:43:52",19.7,19.7,20,20.1,28.1,29.2,20.3,20.3,20,19.8,19.8,-9999,-9999,-9999,-9999,-9999,-9999,-9999,-9999,-9999,8.825577735900879
"2025-06-19 16:43:55",19.7,19.7,20,20.1,28.1,29.2,20.3,20.3,20,19.8,19.8,-9999,-9999,-9999,-9999,-9999,-9999,-9999,-9999,-9999,8.82582950592041
"2025-06-19 16:44:02",19.7,19.7,20,20.1,28,29.2,20.3,20.3,20,19.8,19.8,-9999,-9999,-9999,-9999,-9999,-9999,-9999,-9999,-9999,8.825910568237305
"2025-06-19 16:44:06",19.7,19.7,20,20.1,28,29.2,20.3,20.3,20,19.8,19.8,-9999,-9999,-9999,-9999,-9999,-9999,-9999,-9999,-9999,8.825640678405762
"2025-06-19 16:44:13",19.6,19.7,20,20.1,28,29.2,20.3,20.3,20,19.8,19.8,-9999,-9999,-9999,-9999,-9999,-9999,-9999,-9999,-9999,8.826062202453613
"2025-06-19 16:44:16",19.7,19.7,20.1,20.1,28,29.2,20.3,20.3,20,19.8,19.8,-9999,-9999,-9999,-9999,-9999,-9999,-9999,-9999,-9999,8.825858116149902
"2025-06-19 16:44:23",19.7,19.7,20,20.1,28,29.2,20.3,20.3,20,19.8,19.8,-9999,-9999,-9999,-9999,-9999,-9999,-9999,-9999,-9999,8.826200485229492
"2025-06-19 16:44:27",19.7,19.7,20,20.1,28,29.2,20.3,20.3,20,19.8,19.8,-9999,-9999,-9999,-9999,-9999,-9999,-9999,-9999,-9999,8.826128005981445
"2025-06-19 16:44:34",19.7,19.7,20,20.1,28,29.2,20.3,20.3,20,19.8,19.8,-9999,-9999,-9999,-9999,-9999,-9999,-9999,-9999,-9999,8.826641082763672
"2025-06-19 16:44:37",19.7,19.7,20,20.1,28,29.2,20.3,20.3,20,19.8,19.8,-9999,-9999,-9999,-9999,-9999,-9999,-9999,-9999,-9999,8.826619148254395
"2025-06-19 16:44:44",19.7,19.7,20.1,20.1,28,29.2,20.3,20.3,20,19.8,19.8,-9999,-9999,-9999,-9999,-9999,-9999,-9999,-9999,-9999,8.82695198059082
"2025-06-19 16:44:47",19.7,19.7,20,20.1,28,29.2,20.3,20.3,20,19.8,19.8,-9999,-9999,-9999,-9999,-9999,-9999,-9999,-9999,-9999,8.827322959899902
"2025-06-19 16:44:54",19.7,19.7,20,20.1,28.1,29.2,20.3,20.3,20,19.8,19.8,-9999,-9999,-9999,-9999,-9999,-9999,-9999,-9999,-9999,8.82700252532959
"2025-06-19 16:44:58",19.7,19.7,20,20.1,28.1,29.2,20.3,20.3,20,19.8,19.8,-9999,-9999,-9999,-9999,-9999,-9999,-9999,-9999,-9999,8.827118873596191
"2025-06-19 16:45:05",19.7,19.7,20,20.1,28,29.2,20.3,20.3,20,19.8,19.7,-9999,-9999,-9999,-9999,-9999,-9999,-9999,-9999,-9999,8.827169418334961
"2025-06-19 16:45:08",19.7,19.7,20,20.1,28,29.2,20.3,20.3,20,19.8,19.8,-9999,-9999,-9999,-9999,-9999,-9999,-9999,-9999,-9999,8.827625274658203
"2025-06-19 16:45:15",19.7,19.7,20.1,20.1,28,29.2,20.3,20.3,20,19.8,19.7,-9999,-9999,-9999,-9999,-9999,-9999,-9999,-9999,-9999,8.827605247497559
"2025-06-19 16:45:18",19.7,19.7,20,20.1,28,29.2,20.3,20.3,20,19.8,19.8,-9999,-9999,-9999,-9999,-9999,-9999,-9999,-9999,-9999,8.827263832092285
"2025-06-19 16:45:25",19.7,19.7,20,20.1,28,29.2,20.3,20.3,20,19.8,19.7,-9999,-9999,-9999,-9999,-9999,-9999,-9999,-9999,-9999,8.827451705932617
"2025-06-19 16:45:29",19.7,19.7,20,20.1,28,29.2,20.3,20.3,20,19.8,19.7,-9999,-9999,-9999,-9999,-9999,-9999,-9999,-9999,-9999,8.827467918395996
"2025-06-19 16:45:36",19.7,19.7,20,20.1,28,29.2,20.3,20.3,20,19.8,19.8,-9999,-9999,-9999,-9999,-9999,-9999,-9999,-9999,-9999,8.827241897583008
"2025-06-19 16:45:39",19.7,19.7,20.1,20.1,28,29.2,20.3,20.3,20,19.8,19.7,-9999,-9999,-9999,-9999,-9999,-9999,-9999,-9999,-9999,8.82748031616211
"2025-06-19 16:45:46",19.7,19.7,20,20.1,28,29.2,20.3,20.3,20,19.8,19.8,-9999,-9999,-9999,-9999,-9999,-9999,-9999,-9999,-9999,8.82795238494873
"2025-06-19 16:45:50",19.7,19.7,20,20.1,28,29.2,20.3,20.3,20,19.8,19.7,-9999,-9999,-9999,-9999,-9999,-9999,-9999,-9999,-9999,8.827706336975098
"2025-06-19 16:45:57",19.7,19.7,20,20.1,28,29.2,20.3,20.3,20,19.8,19.7,-9999,-9999,-9999,-9999,-9999,-9999,-9999,-9999,-9999,8.82834243774414
"2025-06-19 16:46:00",19.7,19.7,20,20.1,28,29.2,20.3,20.3,20,19.8,19.7,-9999,-9999,-9999,-9999,-9999,-9999,-9999,-9999,-9999,8.827750205993652
"2025-06-19 16:46:07",19.7,19.7,20.1,20.1,28,29.2,20.3,20.3,20,19.8,19.7,-9999,-9999,-9999,-9999,-9999,-9999,-9999,-9999,-9999,8.827901840209961
"2025-06-19 16:46:10",19.7,19.7,20,20.1,28,29.2,20.3,20.3,20,19.8,19.7,-9999,-9999,-9999,-9999,-9999,-9999,-9999,-9999,-9999,8.82768440246582
"2025-06-19 16:46:17",19.7,19.7,20,20.1,28,29.2,20.3,20.3,20,19.8,19.7,-9999,-9999,-9999,-9999,-9999,-9999,-9999,-9999,-9999,8.827930450439453
"2025-06-19 16:46:21",19.7,19.7,20,20.1,28,29.2,20.3,20.3,20,19.8,19.7,-9999,-9999,-9999,-9999,-9999,-9999,-9999,-9999,-9999,8.82880687713623
"2025-06-19 16:46:28",19.7,19.6,20,20.1,28,29.2,20.3,20.3,20,19.8,19.8,-9999,-9999,-9999,-9999,-9999,-9999,-9999,-9999,-9999,8.827864646911621
"2025-06-19 16:46:31",19.7,19.7,20,20.1,28,29.2,20.3,20.3,20,19.8,19.7,-9999,-9999,-9999,-9999,-9999,-9999,-9999,-9999,-9999,8.828190803527832
"2025-06-19 16:46:38",19.7,19.7,20,20.1,28,29.2,20.3,20.3,20,19.8,19.7,-9999,-9999,-9999,-9999,-9999,-9999,-9999,-9999,-9999,8.829140663146973
"2025-06-19 16:46:41",19.7,19.7,20,20.1,28,29.2,20.3,20.3,20,19.8,19.7,-9999,-9999,-9999,-9999,-9999,-9999,-9999,-9999,-9999,8.828828811645508
"2025-06-19 16:46:49",19.7,19.7,20,20.1,28,29.2,20.3,20.3,20,19.8,19.8,-9999,-9999,-9999,-9999,-9999,-9999,-9999,-9999,-9999,8.828597068786621
"2025-06-19 16:46:52",19.7,19.7,20,20.1,28,29.2,20.3,20.3,20,19.8,19.7,-9999,-9999,-9999,-9999,-9999,-9999,-9999,-9999,-9999,8.82876968383789
"2025-06-19 16:46:59",19.6,19.7,20,20.1,28,29.2,20.3,20.3,20,19.8,19.8,-9999,-9999,-9999,-9999,-9999,-9999,-9999,-9999,-9999,8.828241348266602
"2025-06-19 16:47:02",19.7,19.7,20.1,20.1,28,29.2,20.3,20.3,20,19.8,19.7,-9999,-9999,-9999,-9999,-9999,-9999,-9999,-9999,-9999,8.82851791381836
"2025-06-19 16:47:09",19.7,19.7,20,20.1,28,29.2,20.3,20.3,20,19.8,19.8,-9999,-9999,-9999,-9999,-9999,-9999,-9999,-9999,-9999,8.828646659851074
"2025-06-19 16:47:13",19.7,19.7,20,20.1,28,29.2,20.3,20.3,20,19.8,19.8,-9999,-9999,-9999,-9999,-9999,-9999,-9999,-9999,-9999,8.828524589538574
"2025-06-19 16:47:20",19.7,19.7,20,20.1,28,29.2,20.3,20.3,20,19.8,19.8,-9999,-9999,-9999,-9999,-9999,-9999,-9999,-9999,-9999,8.828675270080566
"2025-06-19 16:47:23",19.7,19.7,20,20.1,28,29.2,20.3,20.3,20,19.8,19.8,-9999,-9999,-9999,-9999,-9999,-9999,-9999,-9999,-9999,8.82890796661377
"2025-06-19 16:47:30",19.7,19.7,20,20.1,28,29.2,20.3,20.3,20,19.8,19.8,-9999,-9999,-9999,-9999,-9999,-9999,-9999,-9999,-9999,8.829030990600586
"2025-06-19 16:47:33",19.7,19.7,20.1,20.1,28,29.2,20.3,20.3,20,19.8,19.8,-9999,-9999,-9999,-9999,-9999,-9999,-9999,-9999,-9999,8.828879356384277
"2025-06-19 16:47:41",19.7,19.7,20,20.1,28,29.2,20.3,20.3,20,19.8,19.8,-9999,-9999,-9999,-9999,-9999,-9999,-9999,-9999,-9999,8.8297700881958
"2025-06-19 16:47:44",19.7,19.7,20,20.1,28,29.2,20.3,20.3,20,19.9,19.8,-9999,-9999,-9999,-9999,-9999,-9999,-9999,-9999,-9999,8.8298921585083
"2025-06-19 16:47:51",19.7,19.7,20,20.1,28,29.2,20.3,20.3,20,19.8,19.8,-9999,-9999,-9999,-9999,-9999,-9999,-9999,-9999,-9999,8.829436302185059
"2025-06-19 16:47:54",19.7,19.7,20,20.1,28,29.2,20.3,20.3,20,19.8,19.8,-9999,-9999,-9999,-9999,-9999,-9999,-9999,-9999,-9999,8.829219818115234
"2025-06-19 16:48:01",19.7,19.7,20,20.1,28,29.2,20.3,20.3,20,19.9,19.8,-9999,-9999,-9999,-9999,-9999,-9999,-9999,-9999,-9999,8.828901290893555
"2025-06-19 16:48:05",19.7,19.7,20,20.1,28,29.2,20.3,20.3,20,19.8,19.8,-9999,-9999,-9999,-9999,-9999,-9999,-9999,-9999,-9999,8.829140663146973
"2025-06-19 16:48:12",19.7,19.7,20,20.1,28,29.2,20.3,20.3,20,19.8,19.8,-9999,-9999,-9999,-9999,-9999,-9999,-9999,-9999,-9999,8.83028507232666
"2025-06-19 16:48:15",19.7,19.7,20,20.1,28,29.2,20.3,20.3,20,19.9,19.8,-9999,-9999,-9999,-9999,-9999,-9999,-9999,-9999,-9999,8.829690933227539
"2025-06-19 16:48:22",19.7,19.7,20,20.1,28,29.2,20.3,20.3,20,19.8,19.8,-9999,-9999,-9999,-9999,-9999,-9999,-9999,-9999,-9999,8.830848693847656
"2025-06-19 16:48:25",19.7,19.7,20,20.1,28,29.2,20.3,20.3,20,19.8,19.8,-9999,-9999,-9999,-9999,-9999,-9999,-9999,-9999,-9999,8.83029842376709
"2025-06-19 16:48:32",19.7,19.7,20,20.1,28,29.2,20.3,20.3,20,19.8,19.8,-9999,-9999,-9999,-9999,-9999,-9999,-9999,-9999,-9999,8.830212593078613
"2025-06-19 16:48:36",19.6,19.7,20,20.1,28,29.2,20.3,20.3,20,19.8,19.8,-9999,-9999,-9999,-9999,-9999,-9999,-9999,-9999,-9999,8.830857276916504
"2025-06-19 16:48:43",19.7,19.7,20,20.1,28,29.2,20.3,20.3,20,19.9,19.8,-9999,-9999,-9999,-9999,-9999,-9999,-9999,-9999,-9999,8.829870223999023
"2025-06-19 16:48:46",19.7,19.7,20,20.1,28,29.2,20.3,20.3,20,19.9,19.8,-9999,-9999,-9999,-9999,-9999,-9999,-9999,-9999,-9999,8.830096244812012
"2025-06-19 16:48:53",19.7,19.7,20,20.1,28,29.2,20.3,20.3,20,19.8,19.8,-9999,-9999,-9999,-9999,-9999,-9999,-9999,-9999,-9999,8.83042049407959
"2025-06-19 16:48:56",19.7,19.7,20,20.1,28,29.2,20.3,20.3,20,19.9,19.8,-9999,-9999,-9999,-9999,-9999,-9999,-9999,-9999,-9999,8.830175399780273
"2025-06-19 16:49:04",19.6,19.7,20,20.1,28,29.2,20.3,20.3,20,19.8,19.8,-9999,-9999,-9999,-9999,-9999,-9999,-9999,-9999,-9999,8.830530166625977
"2025-06-19 16:49:07",19.7,19.7,20,20.1,28,29.2,20.3,20.3,20,19.8,19.8,-9999,-9999,-9999,-9999,-9999,-9999,-9999,-9999,-9999,8.830087661743164
"2025-06-19 16:49:14",19.7,19.7,20,20.1,28,29.2,20.3,20.3,20,19.8,19.8,-9999,-9999,-9999,-9999,-9999,-9999,-9999,-9999,-9999,8.8303861618042
"2025-06-19 16:49:17",19.7,19.7,20,20.1,28,29.2,20.3,20.3,20,19.8,19.8,-9999,-9999,-9999,-9999,-9999,-9999,-9999,-9999,-9999,8.830718994140625
"2025-06-19 16:49:24",19.7,19.7,20,20.1,28,29.2,20.3,20.3,20,19.9,19.8,-9999,-9999,-9999,-9999,-9999,-9999,-9999,-9999,-9999,8.830769538879395
"2025-06-19 16:49:28",19.7,19.7,20,20.1,28,29.2,20.3,20.3,20,19.9,19.8,-9999,-9999,-9999,-9999,-9999,-9999,-9999,-9999,-9999,8.830357551574707
"2025-06-19 16:49:35",19.7,19.7,20,20.1,28,29.2,20.3,20.3,20,19.9,19.8,-9999,-9999,-9999,-9999,-9999,-9999,-9999,-9999,-9999,8.830392837524414
"2025-06-19 16:49:38",19.7,19.7,20,20.1,28,29.2,20.3,20.3,20,19.8,19.8,-9999,-9999,-9999,-9999,-9999,-9999,-9999,-9999,-9999,8.829631805419922
"2025-06-19 16:49:45",19.7,19.7,20,20.1,28,29.2,20.3,20.3,20,19.8,19.8,-9999,-9999,-9999,-9999,-9999,-9999,-9999,-9999,-9999,8.830863952636719
"2025-06-19 16:49:48",19.7,19.7,20,20.1,28,29.2,20.3,20.3,20,19.8,19.8,-9999,-9999,-9999,-9999,-9999,-9999,-9999,-9999,-9999,8.8313570022583
"2025-06-19 16:49:55",19.7,19.7,20,20.1,28,29.2,20.3,20.3,20,19.8,19.8,-9999,-9999,-9999,-9999,-9999,-9999,-9999,-9999,-9999,8.831297874450684
"2025-06-19 16:49:59",19.7,19.7,20,20.1,28,29.2,20.3,20.3,20,19.8,19.8,-9999,-9999,-9999,-9999,-9999,-9999,-9999,-9999,-9999,8.831297874450684
"2025-06-19 16:50:06",19.7,19.7,20,20.1,28,29.2,20.3,20.3,20,19.8,19.8,-9999,-9999,-9999,-9999,-9999,-9999,-9999,-9999,-9999,8.831137657165527
"2025-06-19 16:50:09",19.6,19.7,20,20.1,28,29.2,20.3,20.3,20,19.8,19.8,-9999,-9999,-9999,-9999,-9999,-9999,-9999,-9999,-9999,8.831291198730469
"2025-06-19 16:50:16",19.7,19.7,20.1,20.1,28,29.2,20.3,20.3,20,19.8,19.8,-9999,-9999,-9999,-9999,-9999,-9999,-9999,-9999,-9999,8.831392288208008
"2025-06-19 16:50:19",19.7,19.7,20,20.1,28,29.2,20.3,20.3,20,19.8,19.8,-9999,-9999,-9999,-9999,-9999,-9999,-9999,-9999,-9999,8.831024169921875
"2025-06-19 16:50:27",19.7,19.7,20,20.1,28,29.2,20.3,20.3,20,19.8,19.8,-9999,-9999,-9999,-9999,-9999,-9999,-9999,-9999,-9999,8.831414222717285
"2025-06-19 16:50:30",19.7,19.7,20,20.1,28,29.2,20.3,20.3,20,19.8,19.8,-9999,-9999,-9999,-9999,-9999,-9999,-9999,-9999,-9999,8.831174850463867
"2025-06-19 16:50:37",19.7,19.7,20,20.1,28,29.2,20.3,20.3,20,19.8,19.8,-9999,-9999,-9999,-9999,-9999,-9999,-9999,-9999,-9999,8.831731796264648
"2025-06-19 16:50:40",19.7,19.7,20,20.1,28,29.2,20.3,20.3,20,19.8,19.8,-9999,-9999,-9999,-9999,-9999,-9999,-9999,-9999,-9999,8.83140754699707
"2025-06-19 16:50:47",19.7,19.7,20,20.1,28,29.2,20.3,20.3,20,19.8,19.8,-9999,-9999,-9999,-9999,-9999,-9999,-9999,-9999,-9999,8.83224105834961
"2025-06-19 16:50:51",19.7,19.7,20,20.1,28,29.2,20.3,20.3,20,19.8,19.8,-9999,-9999,-9999,-9999,-9999,-9999,-9999,-9999,-9999,8.832587242126465
"2025-06-19 16:50:58",19.7,19.7,20,20.1,28,29.2,20.3,20.3,20,19.8,19.8,-9999,-9999,-9999,-9999,-9999,-9999,-9999,-9999,-9999,8.832926750183105
"2025-06-19 16:51:01",19.7,19.7,20,20.1,28,29.2,20.3,20.3,20,19.8,19.8,-9999,-9999,-9999,-9999,-9999,-9999,-9999,-9999,-9999,8.832571983337402
"2025-06-19 16:51:08",19.7,19.7,20,20.1,28,29.2,20.3,20.3,20,19.8,19.8,-9999,-9999,-9999,-9999,-9999,-9999,-9999,-9999,-9999,8.831768989562988
"2025-06-19 16:51:11",19.7,19.7,20,20.1,28,29.2,20.3,20.3,20,19.8,19.8,-9999,-9999,-9999,-9999,-9999,-9999,-9999,-9999,-9999,8.831920623779297
"2025-06-19 16:51:19",19.7,19.7,20,20.1,28,29.2,20.3,20.3,20,19.8,19.8,-9999,-9999,-9999,-9999,-9999,-9999,-9999,-9999,-9999,8.831841468811035
"2025-06-19 16:51:22",19.7,19.7,20,20.1,28,29.2,20.3,20.3,20,19.8,19.8,-9999,-9999,-9999,-9999,-9999,-9999,-9999,-9999,-9999,8.832313537597656
"2025-06-19 16:51:29",19.7,19.7,20,20.1,28,29.2,20.3,20.3,20,19.8,19.8,-9999,-9999,-9999,-9999,-9999,-9999,-9999,-9999,-9999,8.833122253417969
"2025-06-19 16:51:32",19.7,19.7,20,20.1,28,29.2,20.3,20.3,20,19.8,19.8,-9999,-9999,-9999,-9999,-9999,-9999,-9999,-9999,-9999,8.832863807678223
"2025-06-19 16:51:39",19.7,19.7,20,20.1,28,29.2,20.3,20.3,20,19.8,19.8,-9999,-9999,-9999,-9999,-9999,-9999,-9999,-9999,-9999,8.832921028137207
"2025-06-19 16:51:42",19.7,19.7,20,20.1,28,29.2,20.3,20.3,20,19.8,19.8,-9999,-9999,-9999,-9999,-9999,-9999,-9999,-9999,-9999,8.83263111114502
"2025-06-19 16:51:50",19.7,19.7,20,20.1,28,29.2,20.3,20.3,20,19.8,19.8,-9999,-9999,-9999,-9999,-9999,-9999,-9999,-9999,-9999,8.83211612701416
"2025-06-19 16:51:53",19.7,19.6,20,20.1,28,29.2,20.3,20.3,20,19.8,19.8,-9999,-9999,-9999,-9999,-9999,-9999,-9999,-9999,-9999,8.832364082336426
"2025-06-19 16:52:00",19.7,19.7,20,20.1,28,29.2,20.3,20.3,20,19.8,19.8,-9999,-9999,-9999,-9999,-9999,-9999,-9999,-9999,-9999,8.833253860473633
"2025-06-19 16:52:03",19.7,19.7,20,20.1,28,29.2,20.3,20.3,20,19.8,19.8,-9999,-9999,-9999,-9999,-9999,-9999,-9999,-9999,-9999,8.83289909362793
"2025-06-19 16:52:10",19.7,19.6,20,20.1,28,29.2,20.3,20.3,20,19.8,19.8,-9999,-9999,-9999,-9999,-9999,-9999,-9999,-9999,-9999,8.833122253417969
"2025-06-19 16:52:14",19.7,19.7,20,20.1,28,29.2,20.3,20.3,20,19.8,19.8,-9999,-9999,-9999,-9999,-9999,-9999,-9999,-9999,-9999,8.83354377746582
"2025-06-19 16:52:21",19.6,19.6,20,20.1,28,29.2,20.3,20.3,20,19.8,19.8,-9999,-9999,-9999,-9999,-9999,-9999,-9999,-9999,-9999,8.832926750183105
"2025-06-19 16:52:24",19.7,19.6,20,20.1,28,29.2,20.3,20.3,20,19.8,19.8,-9999,-9999,-9999,-9999,-9999,-9999,-9999,-9999,-9999,8.8331880569458
"2025-06-19 16:52:31",19.7,19.7,20,20.1,28,29.2,20.3,20.3,20,19.8,19.8,-9999,-9999,-9999,-9999,-9999,-9999,-9999,-9999,-9999,8.833593368530273
"2025-06-19 16:52:34",19.7,19.7,20,20.1,28,29.2,20.3,20.3,20,19.8,19.8,-9999,-9999,-9999,-9999,-9999,-9999,-9999,-9999,-9999,8.833637237548828
"2025-06-19 16:52:42",19.7,19.7,20,20.1,28,29.2,20.3,20.3,20,19.8,19.8,-9999,-9999,-9999,-9999,-9999,-9999,-9999,-9999,-9999,8.834099769592285
"2025-06-19 16:52:45",19.7,19.7,20,20.1,28,29.2,20.3,20.3,20,19.8,19.8,-9999,-9999,-9999,-9999,-9999,-9999,-9999,-9999,-9999,8.834391593933105
"2025-06-19 16:52:52",19.7,19.7,20,20.1,28,29.2,20.3,20.3,20,19.8,19.8,-9999,-9999,-9999,-9999,-9999,-9999,-9999,-9999,-9999,8.833826065063477
"2025-06-19 16:52:55",19.7,19.7,20,20.1,28,29.2,20.3,20.3,20,19.8,19.8,-9999,-9999,-9999,-9999,-9999,-9999,-9999,-9999,-9999,8.833861351013184
"2025-06-19 16:53:02",19.7,19.6,20,20.1,28,29.2,20.3,20.3,20,19.8,19.8,-9999,-9999,-9999,-9999,-9999,-9999,-9999,-9999,-9999,8.833333015441895
"2025-06-19 16:53:06",19.7,19.7,20,20.1,28,29.2,20.3,20.3,20,19.8,19.8,-9999,-9999,-9999,-9999,-9999,-9999,-9999,-9999,-9999,8.83365249633789
"2025-06-19 16:53:13",19.6,19.7,20,20.1,28,29.2,20.3,20.3,20,19.9,19.8,-9999,-9999,-9999,-9999,-9999,-9999,-9999,-9999,-9999,8.833861351013184
"2025-06-19 16:53:16",19.6,19.6,20,20.1,28,29.2,20.3,20.3,20,19.8,19.8,-9999,-9999,-9999,-9999,-9999,-9999,-9999,-9999,-9999,8.834420204162598
"2025-06-19 16:53:23",19.7,19.7,20,20.1,28,29.2,20.3,20.3,20,19.8,19.8,-9999,-9999,-9999,-9999,-9999,-9999,-9999,-9999,-9999,8.834470748901367
"2025-06-19 16:53:26",19.7,19.7,20,20.1,28.1,29.2,20.3,20.3,20,19.8,19.8,-9999,-9999,-9999,-9999,-9999,-9999,-9999,-9999,-9999,8.834275245666504
"2025-06-19 16:53:33",19.6,19.7,20,20.1,28,29.2,20.3,20.3,20,19.9,19.8,-9999,-9999,-9999,-9999,-9999,-9999,-9999,-9999,-9999,8.834826469421387
"2025-06-19 16:53:37",19.7,19.7,20,20.1,28,29.2,20.3,20.3,20,19.8,19.8,-9999,-9999,-9999,-9999,-9999,-9999,-9999,-9999,-9999,8.834165573120117
"2025-06-19 16:53:44",19.7,19.7,20,20.1,28,29.2,20.3,20.3,20,19.9,19.8,-9999,-9999,-9999,-9999,-9999,-9999,-9999,-9999,-9999,8.8348388671875
"2025-06-19 16:53:47",19.7,19.7,20,20.1,28,29.2,20.3,20.3,20,19.9,19.8,-9999,-9999,-9999,-9999,-9999,-9999,-9999,-9999,-9999,8.83470344543457
"2025-06-19 16:53:54",19.7,19.6,20,20.1,28,29.2,20.3,20.3,20,19.8,19.8,-9999,-9999,-9999,-9999,-9999,-9999,-9999,-9999,-9999,8.835078239440918
"2025-06-19 16:53:58",19.7,19.7,20,20.1,28,29.2,20.3,20.3,20,19.9,19.8,-9999,-9999,-9999,-9999,-9999,-9999,-9999,-9999,-9999,8.835439682006836
"2025-06-19 16:54:05",19.7,19.6,20,20.1,28,29.2,20.3,20.3,20,19.8,19.8,-9999,-9999,-9999,-9999,-9999,-9999,-9999,-9999,-9999,8.835348129272461
"2025-06-19 16:54:08",19.7,19.7,20,20.1,28,29.2,20.3,20.3,20,19.9,19.8,-9999,-9999,-9999,-9999,-9999,-9999,-9999,-9999,-9999,8.835049629211426
"2025-06-19 16:54:15",19.7,19.7,20,20.1,28,29.2,20.3,20.3,20,19.8,19.8,-9999,-9999,-9999,-9999,-9999,-9999,-9999,-9999,-9999,8.835817337036133
"2025-06-19 16:54:18",19.6,19.7,20,20.1,28,29.2,20.3,20.3,20,19.8,19.8,-9999,-9999,-9999,-9999,-9999,-9999,-9999,-9999,-9999,8.835637092590332
"2025-06-19 16:54:25",19.6,19.7,20,20.1,28,29.2,20.3,20.3,20,19.9,19.8,-9999,-9999,-9999,-9999,-9999,-9999,-9999,-9999,-9999,8.836382865905762
"2025-06-19 16:54:29",19.6,19.7,20,20.1,28,29.2,20.3,20.3,20,19.9,19.8,-9999,-9999,-9999,-9999,-9999,-9999,-9999,-9999,-9999,8.835549354553223
"2025-06-19 16:54:36",19.7,19.6,20,20.1,28,29.2,20.3,20.3,20,19.8,19.8,-9999,-9999,-9999,-9999,-9999,-9999,-9999,-9999,-9999,8.835260391235352
"2025-06-19 16:54:39",19.6,19.6,20,20.1,28,29.2,20.3,20.3,20,19.8,19.8,-9999,-9999,-9999,-9999,-9999,-9999,-9999,-9999,-9999,8.835304260253906
"2025-06-19 16:54:46",19.6,19.7,20,20.1,28,29.2,20.3,20.3,20,19.8,19.8,-9999,-9999,-9999,-9999,-9999,-9999,-9999,-9999,-9999,8.836043357849121
"2025-06-19 16:54:49",19.7,19.7,20,20.1,28,29.2,20.3,20.3,20,19.8,19.8,-9999,-9999,-9999,-9999,-9999,-9999,-9999,-9999,-9999,8.835983276367188
"2025-06-19 16:54:57",19.7,19.7,20,20.1,28,29.2,20.3,20.3,20,19.8,19.8,-9999,-9999,-9999,-9999,-9999,-9999,-9999,-9999,-9999,8.835782051086426
"2025-06-19 16:55:00",19.7,19.7,20.1,20.1,28,29.2,20.3,20.3,20,19.8,19.8,-9999,-9999,-9999,-9999,-9999,-9999,-9999,-9999,-9999,8.835933685302734
"2025-06-19 16:55:07",19.7,19.7,20,20.1,28,29.2,20.3,20.3,20,19.8,19.8,-9999,-9999,-9999,-9999,-9999,-9999,-9999,-9999,-9999,8.83583927154541
"2025-06-19 16:55:10",19.7,19.7,20,20.1,28,29.2,20.3,20.3,20,19.8,19.8,-9999,-9999,-9999,-9999,-9999,-9999,-9999,-9999,-9999,8.835128784179688
"2025-06-19 16:55:17",19.7,19.7,20,20.1,28,29.2,20.3,20.3,20,19.8,19.8,-9999,-9999,-9999,-9999,-9999,-9999,-9999,-9999,-9999,8.835939407348633
"2025-06-19 16:55:21",19.6,19.7,20,20.1,28,29.2,20.3,20.3,20,19.9,19.8,-9999,-9999,-9999,-9999,-9999,-9999,-9999,-9999,-9999,8.836345672607422
"2025-06-19 16:55:28",19.7,19.7,20,20.1,28,29.2,20.3,20.3,20,19.8,19.8,-9999,-9999,-9999,-9999,-9999,-9999,-9999,-9999,-9999,8.836666107177734
"2025-06-19 16:55:31",19.7,19.7,20,20.1,28,29.2,20.3,20.3,20,19.8,19.8,-9999,-9999,-9999,-9999,-9999,-9999,-9999,-9999,-9999,8.836288452148438
"2025-06-19 16:55:38",19.6,19.7,20,20.1,28,29.2,20.3,20.3,20,19.8,19.8,-9999,-9999,-9999,-9999,-9999,-9999,-9999,-9999,-9999,8.83617877960205
"2025-06-19 16:55:41",19.7,19.7,20,20.1,28,29.2,20.3,20.3,20,19.8,19.8,-9999,-9999,-9999,-9999,-9999,-9999,-9999,-9999,-9999,8.83694839477539
"2025-06-19 16:55:48",19.7,19.7,20,20.1,28,29.2,20.3,20.3,20,19.8,19.8,-9999,-9999,-9999,-9999,-9999,-9999,-9999,-9999,-9999,8.836244583129883
"2025-06-19 16:55:52",19.7,19.7,20,20.1,28,29.2,20.3,20.3,20,19.8,19.8,-9999,-9999,-9999,-9999,-9999,-9999,-9999,-9999,-9999,8.836788177490234
"2025-06-19 16:55:59",19.7,19.7,20,20.1,28,29.2,20.3,20.3,20,19.8,19.8,-9999,-9999,-9999,-9999,-9999,-9999,-9999,-9999,-9999,8.837432861328125
"2025-06-19 16:56:02",19.7,19.7,20,20.1,28,29.2,20.3,20.3,20,19.8,19.8,-9999,-9999,-9999,-9999,-9999,-9999,-9999,-9999,-9999,8.837360382080078
"2025-06-19 16:56:09",19.7,19.7,20,20.1,28,29.2,20.3,20.3,20,19.8,19.8,-9999,-9999,-9999,-9999,-9999,-9999,-9999,-9999,-9999,8.837562561035156
"2025-06-19 16:56:12",19.6,19.7,20,20.1,28,29.2,20.3,20.3,20,19.8,19.8,-9999,-9999,-9999,-9999,-9999,-9999,-9999,-9999,-9999,8.837206840515137
"2025-06-19 16:56:20",19.6,19.7,20,20.1,28,29.2,20.3,20.3,20,19.8,19.8,-9999,-9999,-9999,-9999,-9999,-9999,-9999,-9999,-9999,8.836816787719727
"2025-06-19 16:56:23",19.7,19.7,20,20.1,28,29.2,20.3,20.3,20,19.8,19.8,-9999,-9999,-9999,-9999,-9999,-9999,-9999,-9999,-9999,8.8371000289917
"2025-06-19 16:56:30",19.7,19.7,20,20.1,28,29.2,20.3,20.3,20,19.8,19.8,-9999,-9999,-9999,-9999,-9999,-9999,-9999,-9999,-9999,8.836810111999512
"2025-06-19 16:56:33",19.7,19.7,20,20.1,28,29.2,20.3,20.3,20,19.8,19.8,-9999,-9999,-9999,-9999,-9999,-9999,-9999,-9999,-9999,8.837150573730469
"2025-06-19 16:56:40",19.7,19.7,20,20.1,28,29.2,20.3,20.3,20,19.8,19.8,-9999,-9999,-9999,-9999,-9999,-9999,-9999,-9999,-9999,8.837331771850586
"2025-06-19 16:56:44",19.7,19.7,20,20.1,28,29.2,20.3,20.3,20,19.8,19.8,-9999,-9999,-9999,-9999,-9999,-9999,-9999,-9999,-9999,8.837766647338867
"2025-06-19 16:56:51",19.7,19.7,20,20.1,28,29.2,20.3,20.3,20,19.9,19.8,-9999,-9999,-9999,-9999,-9999,-9999,-9999,-9999,-9999,8.837817192077637
"2025-06-19 16:56:54",19.7,19.7,20,20.1,28,29.2,20.3,20.3,20,19.8,19.8,-9999,-9999,-9999,-9999,-9999,-9999,-9999,-9999,-9999,8.838005065917969
"2025-06-19 16:57:01",19.7,19.7,20,20.1,28,29.2,20.3,20.3,20,19.9,19.8,-9999,-9999,-9999,-9999,-9999,-9999,-9999,-9999,-9999,8.837260246276855
"2025-06-19 16:57:04",19.7,19.7,20,20.1,28,29.2,20.3,20.3,20,19.8,19.8,-9999,-9999,-9999,-9999,-9999,-9999,-9999,-9999,-9999,8.837773323059082
"2025-06-19 16:57:12",19.6,19.7,20,20.1,28,29.2,20.3,20.3,20,19.9,19.8,-9999,-9999,-9999,-9999,-9999,-9999,-9999,-9999,-9999,8.837976455688477
"2025-06-19 16:57:15",19.6,19.7,20,20.1,28,29.2,20.3,20.3,20,19.9,19.8,-9999,-9999,-9999,-9999,-9999,-9999,-9999,-9999,-9999,8.838143348693848
"2025-06-19 16:57:22",19.7,19.7,20,20.1,28,29.2,20.3,20.3,20,19.8,19.8,-9999,-9999,-9999,-9999,-9999,-9999,-9999,-9999,-9999,8.83847713470459
"2025-06-19 16:57:25",19.7,19.7,20,20.1,28,29.2,20.3,20.3,20,19.9,19.8,-9999,-9999,-9999,-9999,-9999,-9999,-9999,-9999,-9999,8.83843994140625
"2025-06-19 16:57:32",19.6,19.7,20,20.1,28,29.2,20.3,20.3,20,19.9,19.8,-9999,-9999,-9999,-9999,-9999,-9999,-9999,-9999,-9999,8.838483810424805
"2025-06-19 16:57:36",19.7,19.7,20,20.1,28,29.2,20.3,20.3,20,19.9,19.8,-9999,-9999,-9999,-9999,-9999,-9999,-9999,-9999,-9999,8.838590621948242
"2025-06-19 16:57:43",19.6,19.7,20,20.1,28,29.2,20.3,20.3,20,19.9,19.8,-9999,-9999,-9999,-9999,-9999,-9999,-9999,-9999,-9999,8.838193893432617
"2025-06-19 16:57:46",19.6,19.7,20,20.1,28,29.2,20.3,20.3,20,19.8,19.8,-9999,-9999,-9999,-9999,-9999,-9999,-9999,-9999,-9999,8.837822914123535
"2025-06-19 16:57:53",19.6,19.7,20,20.1,28,29.2,20.3,20.3,20,19.8,19.8,-9999,-9999,-9999,-9999,-9999,-9999,-9999,-9999,-9999,8.838961601257324
"2025-06-19 16:57:56",19.7,19.7,20,20.1,28,29.2,20.3,20.3,20,19.9,19.8,-9999,-9999,-9999,-9999,-9999,-9999,-9999,-9999,-9999,8.838540077209473
"2025-06-19 16:58:03",19.7,19.7,20,20.1,28,29.2,20.3,20.3,20,19.9,19.8,-9999,-9999,-9999,-9999,-9999,-9999,-9999,-9999,-9999,8.838496208190918
"2025-06-19 16:58:07",19.7,19.7,20,20.1,28,29.2,20.3,20.3,20,19.9,19.8,-9999,-9999,-9999,-9999,-9999,-9999,-9999,-9999,-9999,8.838467597961426
"2025-06-19 16:58:14",19.6,19.7,20,20.1,28,29.2,20.3,20.3,20,19.9,19.8,-9999,-9999,-9999,-9999,-9999,-9999,-9999,-9999,-9999,8.839395523071289
"2025-06-19 16:58:17",19.6,19.6,20,20.1,28,29.2,20.3,20.3,20,19.9,19.8,-9999,-9999,-9999,-9999,-9999,-9999,-9999,-9999,-9999,8.838518142700195
"2025-06-19 16:58:24",19.7,19.7,20,20.1,28,29.2,20.4,20.3,20,19.9,19.8,-9999,-9999,-9999,-9999,-9999,-9999,-9999,-9999,-9999,8.83861255645752
"2025-06-19 16:58:27",19.6,19.7,20,20.1,28,29.2,20.4,20.3,20,19.9,19.8,-9999,-9999,-9999,-9999,-9999,-9999,-9999,-9999,-9999,8.839329719543457
"2025-06-19 16:58:35",19.6,19.7,20,20.1,28,29.2,20.4,20.3,20,19.9,19.8,-9999,-9999,-9999,-9999,-9999,-9999,-9999,-9999,-9999,8.839606285095215
"2025-06-19 16:58:38",19.6,19.7,20,20.1,28,29.2,20.4,20.3,20,19.9,19.8,-9999,-9999,-9999,-9999,-9999,-9999,-9999,-9999,-9999,8.838467597961426
"2025-06-19 16:58:45",19.7,19.7,20,20.1,28,29.2,20.4,20.3,20,19.9,19.8,-9999,-9999,-9999,-9999,-9999,-9999,-9999,-9999,-9999,8.839171409606934
"2025-06-19 16:58:48",19.6,19.7,20,20.1,28,29.2,20.4,20.3,20,19.8,19.8,-9999,-9999,-9999,-9999,-9999,-9999,-9999,-9999,-9999,8.83956241607666
"2025-06-19 16:58:55",19.6,19.6,20,20.1,28,29.2,20.4,20.3,20,19.8,19.8,-9999,-9999,-9999,-9999,-9999,-9999,-9999,-9999,-9999,8.839836120605469
"2025-06-19 16:58:59",19.7,19.7,20,20.1,28,29.2,20.4,20.3,20,19.8,19.8,-9999,-9999,-9999,-9999,-9999,-9999,-9999,-9999,-9999,8.840156555175781
"2025-06-19 16:59:06",19.6,19.6,20,20.1,28,29.2,20.4,20.3,20,19.9,19.8,-9999,-9999,-9999,-9999,-9999,-9999,-9999,-9999,-9999,8.839873313903809
"2025-06-19 16:59:09",19.6,19.6,20,20.1,28,29.2,20.4,20.3,20,19.9,19.8,-9999,-9999,-9999,-9999,-9999,-9999,-9999,-9999,-9999,8.84000301361084
"2025-06-19 16:59:16",19.6,19.7,20,20.1,28,29.2,20.4,20.3,20,19.8,19.8,-9999,-9999,-9999,-9999,-9999,-9999,-9999,-9999,-9999,8.84004020690918
"2025-06-19 16:59:19",19.7,19.7,20,20.1,28,29.2,20.4,20.3,20,19.9,19.8,-9999,-9999,-9999,-9999,-9999,-9999,-9999,-9999,-9999,8.840367317199707
"2025-06-19 16:59:26",19.6,19.6,20,20.1,28,29.2,20.4,20.3,20,19.9,19.8,-9999,-9999,-9999,-9999,-9999,-9999,-9999,-9999,-9999,8.840141296386719
"2025-06-19 16:59:30",19.7,19.7,20,20.1,28,29.2,20.4,20.3,20,19.8,19.8,-9999,-9999,-9999,-9999,-9999,-9999,-9999,-9999,-9999,8.840134620666504
"2025-06-19 16:59:37",19.7,19.6,20,20.1,28,29.2,20.4,20.3,20,19.8,19.8,-9999,-9999,-9999,-9999,-9999,-9999,-9999,-9999,-9999,8.840713500976562
"2025-06-19 16:59:40",19.6,19.6,20,20.1,28,29.2,20.4,20.3,20,19.9,19.8,-9999,-9999,-9999,-9999,-9999,-9999,-9999,-9999,-9999,8.840895652770996
"2025-06-19 16:59:47",19.7,19.7,20,20.1,28,29.2,20.4,20.3,20,19.8,19.8,-9999,-9999,-9999,-9999,-9999,-9999,-9999,-9999,-9999,8.840524673461914
"2025-06-19 16:59:50",19.6,19.6,20,20.1,28,29.2,20.4,20.4,20,19.9,19.8,-9999,-9999,-9999,-9999,-9999,-9999,-9999,-9999,-9999,8.840272903442383
"2025-06-19 16:59:58",19.6,19.7,20,20.1,28,29.2,20.4,20.4,20,19.9,19.8,-9999,-9999,-9999,-9999,-9999,-9999,-9999,-9999,-9999,8.840605735778809
"2025-06-19 17:00:01",19.7,19.7,20,20.1,28,29.2,20.4,20.4,20,19.9,19.8,-9999,-9999,-9999,-9999,-9999,-9999,-9999,-9999,-9999,8.840502738952637
"2025-06-19 17:00:08",19.7,19.6,20,20.1,28,29.2,20.4,20.3,20,19.9,19.8,-9999,-9999,-9999,-9999,-9999,-9999,-9999,-9999,-9999,8.840662956237793
"2025-06-19 17:00:11",19.7,19.7,20,20.1,28,29.2,20.4,20.3,20,19.8,19.8,-9999,-9999,-9999,-9999,-9999,-9999,-9999,-9999,-9999,8.840995788574219
"2025-06-19 17:00:18",19.7,19.6,20,20.1,28,29.2,20.4,20.3,20,19.9,19.8,-9999,-9999,-9999,-9999,-9999,-9999,-9999,-9999,-9999,8.840533256530762
"2025-06-19 17:00:22",19.7,19.7,20,20.1,28,29.2,20.4,20.3,20,19.8,19.8,-9999,-9999,-9999,-9999,-9999,-9999,-9999,-9999,-9999,8.840764045715332
"2025-06-19 17:00:29",19.7,19.7,20,20.1,28,29.2,20.4,20.4,20,19.8,19.8,-9999,-9999,-9999,-9999,-9999,-9999,-9999,-9999,-9999,8.841134071350098
"2025-06-19 17:00:32",19.7,19.7,20,20.1,27.9,29.1,20.4,20.4,20,19.9,19.8,-9999,-9999,-9999,-9999,-9999,-9999,-9999,-9999,-9999,8.840989112854004
"2025-06-19 17:00:39",19.6,19.7,20,20.1,25.8,26.7,20.4,20.4,20,19.8,19.9,-9999,-9999,-9999,-9999,-9999,-9999,-9999,-9999,-9999,8.841024398803711
"2025-06-19 17:00:42",19.6,19.7,20,20.1,25,25.7,20.4,20.4,20,19.8,19.8,-9999,-9999,-9999,-9999,-9999,-9999,-9999,-9999,-9999,8.841169357299805
"2025-06-19 17:00:49",19.6,19.7,20,20.1,23.4,24,20.4,20.3,20,19.9,19.9,-9999,-9999,-9999,-9999,-9999,-9999,-9999,-9999,-9999,8.841655731201172
"2025-06-19 17:00:53",19.7,19.7,20,20.2,23,23.4,20.4,20.3,20,19.9,19.8,-9999,-9999,-9999,-9999,-9999,-9999,-9999,-9999,-9999,8.841633796691895
"2025-06-19 17:01:00",19.6,19.7,20,20.1,22.1,22.5,20.4,20.3,20,19.9,19.8,-9999,-9999,-9999,-9999,-9999,-9999,-9999,-9999,-9999,8.841336250305176
"2025-06-19 17:01:03",19.7,19.6,20,20.1,21.9,22.2,20.4,20.3,20,19.9,19.8,-9999,-9999,-9999,-9999,-9999,-9999,-9999,-9999,-9999,8.840678215026855
"2025-06-19 17:01:10",19.7,19.6,20,20.1,21.4,21.6,20.4,20.3,20,19.8,19.8,-9999,-9999,-9999,-9999,-9999,-9999,-9999,-9999,-9999,8.841336250305176
"2025-06-19 17:01:14",19.6,19.6,20,20.1,21.2,21.4,20.4,20.3,20,19.9,19.8,-9999,-9999,-9999,-9999,-9999,-9999,-9999,-9999,-9999,8.841263771057129
"2025-06-19 17:01:21",19.6,19.6,20,20.1,20.9,21.1,20.4,20.3,20,19.8,19.8,-9999,-9999,-9999,-9999,-9999,-9999,-9999,-9999,-9999,8.842103004455566
"2025-06-19 17:01:24",19.6,19.6,20,20.2,20.8,21,20.4,20.3,20,19.8,19.8,-9999,-9999,-9999,-9999,-9999,-9999,-9999,-9999,-9999,8.841691017150879
"2025-06-19 17:01:31",19.7,19.6,20,20.1,20.6,20.7,20.4,20.3,20,19.9,19.8,-9999,-9999,-9999,-9999,-9999,-9999,-9999,-9999,-9999,8.841584205627441
"2025-06-19 17:01:34",19.7,19.6,20,20.1,20.5,20.6,20.4,20.2,20,19.8,19.8,-9999,-9999,-9999,-9999,-9999,-9999,-9999,-9999,-9999,8.841307640075684
"2025-06-19 17:01:41",19.6,19.6,20,20.1,20.4,20.5,20.4,20.2,20,19.8,19.8,-9999,-9999,-9999,-9999,-9999,-9999,-9999,-9999,-9999,8.840967178344727
"2025-06-19 17:01:45",19.6,19.6,20,20.1,20.4,20.5,20.4,20.2,20,19.8,19.8,-9999,-9999,-9999,-9999,-9999,-9999,-9999,-9999,-9999,8.841184616088867
"2025-06-19 17:01:52",19.6,19.6,20,20.1,20.3,20.4,20.4,20.2,19.9,19.8,19.8,-9999,-9999,-9999,-9999,-9999,-9999,-9999,-9999,-9999,8.840967178344727
"2025-06-19 17:01:55",19.6,19.7,20,20.1,20.3,20.3,20.4,20.2,19.9,19.8,19.7,-9999,-9999,-9999,-9999,-9999,-9999,-9999,-9999,-9999,8.841351509094238
"2025-06-19 17:02:02",19.7,19.7,20,20.1,20.2,20.2,20.4,20.2,19.9,19.8,19.8,-9999,-9999,-9999,-9999,-9999,-9999,-9999,-9999,-9999,8.841618537902832
"2025-06-19 17:02:05",19.6,19.6,20,20.1,20.2,20.2,20.4,20.2,19.9,19.8,19.8,-9999,-9999,-9999,-9999,-9999,-9999,-9999,-9999,-9999,8.8414306640625
"2025-06-19 17:02:13",19.6,19.6,20,20.1,20.1,20.2,20.4,20.1,19.9,19.8,19.8,-9999,-9999,-9999,-9999,-9999,-9999,-9999,-9999,-9999,8.840967178344727
"2025-06-19 17:02:16",19.6,19.6,20,20.1,20.1,20.1,20.4,20.1,19.9,19.8,19.7,-9999,-9999,-9999,-9999,-9999,-9999,-9999,-9999,-9999,8.841496467590332
"2025-06-19 17:02:23",19.6,19.6,20,20.1,20.1,20.1,20.4,20.2,19.9,19.8,19.8,-9999,-9999,-9999,-9999,-9999,-9999,-9999,-9999,-9999,8.841800689697266
"2025-06-19 17:02:26",19.6,19.6,20,20.1,20.1,20.1,20.3,20.1,19.9,19.8,19.7,-9999,-9999,-9999,-9999,-9999,-9999,-9999,-9999,-9999,8.842206954956055
"2025-06-19 17:02:33",19.6,19.6,20,20.1,20.1,20.1,20.3,20.1,19.9,19.8,19.7,-9999,-9999,-9999,-9999,-9999,-9999,-9999,-9999,-9999,8.841763496398926
"2025-06-19 17:02:37",19.6,19.6,20,20.1,20.1,20.1,20.3,20.1,19.9,19.8,19.7,-9999,-9999,-9999,-9999,-9999,-9999,-9999,-9999,-9999,8.842190742492676
"2025-06-19 17:02:44",19.6,19.6,20,20.1,20.1,20,20.4,20.1,19.9,19.8,19.7,-9999,-9999,-9999,-9999,-9999,-9999,-9999,-9999,-9999,8.841530799865723
"2025-06-19 17:02:47",19.6,19.6,20,20.1,20.1,20,20.3,20.1,19.9,19.8,19.7,-9999,-9999,-9999,-9999,-9999,-9999,-9999,-9999,-9999,8.841596603393555
"2025-06-19 17:02:54",19.6,19.6,20,20.1,20.1,20,20.4,20.1,19.9,19.8,19.7,-9999,-9999,-9999,-9999,-9999,-9999,-9999,-9999,-9999,8.841851234436035
"2025-06-19 17:02:57",19.6,19.6,20,20.1,20.1,20,20.4,20.1,19.9,19.8,19.7,-9999,-9999,-9999,-9999,-9999,-9999,-9999,-9999,-9999,8.84211254119873
"2025-06-19 17:03:04",19.6,19.6,20,20.1,20.1,20,20.3,20.1,19.9,19.8,19.7,-9999,-9999,-9999,-9999,-9999,-9999,-9999,-9999,-9999,8.841873168945312
"2025-06-19 17:03:08",19.6,19.6,20,20.1,20,20,20.3,20.1,19.9,19.8,19.7,-9999,-9999,-9999,-9999,-9999,-9999,-9999,-9999,-9999,8.841835975646973
"2025-06-19 17:03:15",19.6,19.6,20,20.1,20,20,20.3,20.1,19.9,19.8,19.7,-9999,-9999,-9999,-9999,-9999,-9999,-9999,-9999,-9999,8.842278480529785
"2025-06-19 17:03:18",19.6,19.6,20,20.1,20,20,20.3,20.1,19.9,19.8,19.7,-9999,-9999,-9999,-9999,-9999,-9999,-9999,-9999,-9999,8.841691017150879
"2025-06-19 17:03:25",19.6,19.6,20,20.1,20,20,20.3,20.1,19.9,19.8,19.7,-9999,-9999,-9999,-9999,-9999,-9999,-9999,-9999,-9999,8.841800689697266
"2025-06-19 17:03:29",19.6,19.6,20,20.1,20,20,20.3,20.1,19.9,19.8,19.7,-9999,-9999,-9999,-9999,-9999,-9999,-9999,-9999,-9999,8.84224796295166
"2025-06-19 17:03:36",19.6,19.6,20,20.1,20,20,20.3,20.1,19.9,19.8,19.7,-9999,-9999,-9999,-9999,-9999,-9999,-9999,-9999,-9999,8.84250259399414
"2025-06-19 17:03:39",19.6,19.6,20,20.1,20,20,20.3,20.1,19.9,19.8,19.7,-9999,-9999,-9999,-9999,-9999,-9999,-9999,-9999,-9999,8.842850685119629
"2025-06-19 17:03:46",19.6,19.6,20,20.1,20,20,20.3,20.1,19.9,19.8,19.7,-9999,-9999,-9999,-9999,-9999,-9999,-9999,-9999,-9999,8.84306812286377
"2025-06-19 17:03:49",19.6,19.6,20,20.1,20,19.9,20.3,20.1,19.9,19.8,19.7,-9999,-9999,-9999,-9999,-9999,-9999,-9999,-9999,-9999,8.842436790466309
"2025-06-19 17:03:56",19.6,19.6,20,20.1,20,20,20.3,20.1,19.9,19.8,19.7,-9999,-9999,-9999,-9999,-9999,-9999,-9999,-9999,-9999,8.84329891204834
"2025-06-19 17:04:00",19.6,19.6,20,20.1,20,20,20.3,20.1,19.9,19.8,19.7,-9999,-9999,-9999,-9999,-9999,-9999,-9999,-9999,-9999,8.843329429626465
"2025-06-19 17:04:07",19.6,19.6,20,20.1,20,20,20.3,20.1,19.9,19.8,19.7,-9999,-9999,-9999,-9999,-9999,-9999,-9999,-9999,-9999,8.843682289123535
"2025-06-19 17:04:10",19.6,19.6,20,20.1,20,20,20.3,20.1,19.9,19.8,19.7,-9999,-9999,-9999,-9999,-9999,-9999,-9999,-9999,-9999,8.84264087677002
"2025-06-19 17:04:17",19.6,19.6,20,20.1,20,20,20.3,20.1,19.9,19.8,19.7,-9999,-9999,-9999,-9999,-9999,-9999,-9999,-9999,-9999,8.842575073242188
"2025-06-19 17:04:20",19.6,19.6,20,20.1,20,20,20.3,20.1,19.9,19.8,19.7,-9999,-9999,-9999,-9999,-9999,-9999,-9999,-9999,-9999,8.842342376708984
"2025-06-19 17:04:28",19.6,19.6,20,20.1,20,20,20.3,20.1,19.9,19.8,19.7,-9999,-9999,-9999,-9999,-9999,-9999,-9999,-9999,-9999,8.842835426330566
"2025-06-19 17:04:31",19.6,19.6,20,20.1,20,19.9,20.3,20.1,19.9,19.7,19.7,-9999,-9999,-9999,-9999,-9999,-9999,-9999,-9999,-9999,8.843351364135742
"2025-06-19 17:04:38",19.6,19.6,20,20.1,20,19.9,20.3,20.1,19.9,19.8,19.7,-9999,-9999,-9999,-9999,-9999,-9999,-9999,-9999,-9999,8.843219757080078
"2025-06-19 17:04:41",19.6,19.6,20,20.1,20,20,20.3,20.1,19.9,19.7,19.7,-9999,-9999,-9999,-9999,-9999,-9999,-9999,-9999,-9999,8.843414306640625
"2025-06-19 17:04:48",19.6,19.6,20,20.1,20,20,20.3,20.1,19.9,19.8,19.7,-9999,-9999,-9999,-9999,-9999,-9999,-9999,-9999,-9999,8.843734741210938
"2025-06-19 17:04:52",19.6,19.6,20,20.1,20,19.9,20.3,20.1,19.9,19.8,19.7,-9999,-9999,-9999,-9999,-9999,-9999,-9999,-9999,-9999,8.842791557312012
"2025-06-19 17:04:59",19.6,19.6,20,20.1,20,19.9,20.3,20.1,19.9,19.8,19.7,-9999,-9999,-9999,-9999,-9999,-9999,-9999,-9999,-9999,8.844197273254395
"2025-06-19 17:05:02",19.6,19.6,20,20.1,20,19.9,20.3,20.1,19.9,19.7,19.7,-9999,-9999,-9999,-9999,-9999,-9999,-9999,-9999,-9999,8.844451904296875
"2025-06-19 17:05:09",19.8,19.8,20,20.2,20,20,20.3,20.1,19.9,19.8,19.7,-9999,-9999,-9999,-9999,-9999,-9999,-9999,-9999,-9999,8.845638275146484
"2025-06-19 17:05:12",19.9,19.8,20.1,20.2,20,20,20.3,20.1,19.9,19.8,19.7,-9999,-9999,-9999,-9999,-9999,-9999,-9999,-9999,-9999,8.846521377563477
"2025-06-19 17:05:19",20.2,20.1,20.3,20.3,20.1,20,20.4,20.1,20,19.8,19.8,-9999,-9999,-9999,-9999,-9999,-9999,-9999,-9999,-9999,8.849122047424316
"2025-06-19 17:05:23",20.3,20.2,20.4,20.4,20.1,20,20.4,20.1,20,19.8,19.8,-9999,-9999,-9999,-9999,-9999,-9999,-9999,-9999,-9999,8.85047721862793
"2025-06-19 17:05:30",20.6,20.6,20.7,20.7,20.2,20.1,20.5,20.2,20.1,19.9,19.9,-9999,-9999,-9999,-9999,-9999,-9999,-9999,-9999,-9999,8.855106353759766
"2025-06-19 17:05:33",20.7,20.7,20.8,20.8,20.3,20.1,20.5,20.3,20.2,19.9,20,-9999,-9999,-9999,-9999,-9999,-9999,-9999,-9999,-9999,8.857184410095215
"2025-06-19 17:05:40",21,21,21.1,21.1,20.4,20.3,20.6,20.4,20.3,20.1,20.2,-9999,-9999,-9999,-9999,-9999,-9999,-9999,-9999,-9999,8.861037254333496
"2025-06-19 17:05:43",21.1,21.1,21.2,21.2,20.5,20.3,20.7,20.5,20.4,20.1,20.3,-9999,-9999,-9999,-9999,-9999,-9999,-9999,-9999,-9999,8.862659454345703
"2025-06-19 17:05:51",21.5,21.5,21.6,21.6,20.7,20.5,20.9,20.7,20.6,20.2,20.5,-9999,-9999,-9999,-9999,-9999,-9999,-9999,-9999,-9999,8.867650032043457
"2025-06-19 17:05:54",21.6,21.6,21.7,21.7,20.7,20.6,20.9,20.7,20.7,20.3,20.6,-9999,-9999,-9999,-9999,-9999,-9999,-9999,-9999,-9999,8.86966323852539
"2025-06-19 17:06:01",22,21.9,22,22,21,20.8,21.2,21,20.9,20.4,20.8,-9999,-9999,-9999,-9999,-9999,-9999,-9999,-9999,-9999,8.874914169311523
"2025-06-19 17:06:04",22.1,22.1,22.2,22.2,21.1,20.9,21.2,21.1,21,20.6,20.9,-9999,-9999,-9999,-9999,-9999,-9999,-9999,-9999,-9999,8.877449035644531
"2025-06-19 17:06:11",22.5,22.5,22.5,22.6,21.4,21.1,21.5,21.3,21.3,20.7,21.2,-9999,-9999,-9999,-9999,-9999,-9999,-9999,-9999,-9999,8.883018493652344
"2025-06-19 17:06:15",22.7,22.6,22.6,22.8,21.4,21.2,21.5,21.4,21.4,20.9,21.3,-9999,-9999,-9999,-9999,-9999,-9999,-9999,-9999,-9999,8.88595199584961
"2025-06-19 17:06:22",22.9,23,23,23.1,21.7,21.5,21.8,21.7,21.7,21.1,21.6,-9999,-9999,-9999,-9999,-9999,-9999,-9999,-9999,-9999,8.892260551452637
"2025-06-19 17:06:25",23.1,23.1,23.2,23.3,21.8,21.6,21.9,21.8,21.8,21.2,21.7,-9999,-9999,-9999,-9999,-9999,-9999,-9999,-9999,-9999,8.894113540649414
"2025-06-19 17:06:32",23.5,23.5,23.5,23.7,22.1,21.8,22.2,22.1,22.1,21.4,22,-9999,-9999,-9999,-9999,-9999,-9999,-9999,-9999,-9999,8.90077018737793
"2025-06-19 17:06:35",23.7,23.6,23.6,23.9,22.2,22,22.3,22.3,22.2,21.6,22.2,-9999,-9999,-9999,-9999,-9999,-9999,-9999,-9999,-9999,8.903572082519531
"2025-06-19 17:06:43",24,24,24,24.3,22.5,22.3,22.5,22.5,22.5,21.8,22.5,-9999,-9999,-9999,-9999,-9999,-9999,-9999,-9999,-9999,8.910924911499023
"2025-06-19 17:06:46",24.2,24.1,24.2,24.4,22.6,22.4,22.7,22.7,22.6,22,22.6,-9999,-9999,-9999,-9999,-9999,-9999,-9999,-9999,-9999,8.913965225219727
"2025-06-19 17:06:53",24.5,24.5,24.5,24.8,23,22.8,23,23,23,22.3,22.9,-9999,-9999,-9999,-9999,-9999,-9999,-9999,-9999,-9999,8.919657707214355
"2025-06-19 17:06:56",24.7,24.6,24.7,25,23.1,22.9,23.2,23.1,23.1,22.4,23.1,-9999,-9999,-9999,-9999,-9999,-9999,-9999,-9999,-9999,8.9229097366333
"2025-06-19 17:07:03",25,25,25,25.4,23.4,23.2,23.4,23.4,23.4,22.7,23.4,-9999,-9999,-9999,-9999,-9999,-9999,-9999,-9999,-9999,8.929638862609863
"2025-06-19 17:07:07",25.2,25.2,25.2,25.5,23.6,23.3,23.6,23.6,23.5,22.8,23.6,-9999,-9999,-9999,-9999,-9999,-9999,-9999,-9999,-9999,8.932327270507812
"2025-06-19 17:07:14",25.6,25.5,25.6,25.9,23.9,23.6,23.9,23.9,23.9,23.2,23.9,-9999,-9999,-9999,-9999,-9999,-9999,-9999,-9999,-9999,8.939538955688477
"2025-06-19 17:07:17",25.7,25.7,25.7,26.1,24,23.8,24.1,24.1,24,23.3,24,-9999,-9999,-9999,-9999,-9999,-9999,-9999,-9999,-9999,8.94205379486084
"2025-06-19 17:07:24",26.1,26,26.1,26.5,24.4,24.1,24.4,24.4,24.4,23.6,24.4,-9999,-9999,-9999,-9999,-9999,-9999,-9999,-9999,-9999,8.949034690856934
"2025-06-19 17:07:27",26.2,26.2,26.2,26.7,24.6,24.3,24.6,24.6,24.6,23.7,24.5,-9999,-9999,-9999,-9999,-9999,-9999,-9999,-9999,-9999,8.95206356048584
"2025-06-19 17:07:34",26.6,26.5,26.6,27,24.9,24.7,24.9,24.9,24.8,24.1,24.8,-9999,-9999,-9999,-9999,-9999,-9999,-9999,-9999,-9999,8.958377838134766
"2025-06-19 17:07:38",26.8,26.7,26.7,27.2,25,24.8,25.1,25.1,25,24.2,25,-9999,-9999,-9999,-9999,-9999,-9999,-9999,-9999,-9999,8.96168041229248
"2025-06-19 17:07:45",27.1,27,27.1,27.6,25.3,25.1,25.4,25.4,25.3,24.5,25.3,-9999,-9999,-9999,-9999,-9999,-9999,-9999,-9999,-9999,8.968409538269043
"2025-06-19 17:07:48",27.2,27.2,27.2,27.7,25.5,25.3,25.5,25.6,25.5,24.7,25.5,-9999,-9999,-9999,-9999,-9999,-9999,-9999,-9999,-9999,8.971985816955566
"2025-06-19 17:07:55",27.6,27.6,27.6,28.1,25.8,25.6,25.9,26,25.8,25,25.8,-9999,-9999,-9999,-9999,-9999,-9999,-9999,-9999,-9999,8.978179931640625
"2025-06-19 17:07:58",27.8,27.7,27.7,28.2,26,25.8,26,26.1,26,25.2,26,-9999,-9999,-9999,-9999,-9999,-9999,-9999,-9999,-9999,8.980881690979004
"2025-06-19 17:08:06",28.1,28.1,28.1,28.6,26.2,26.1,26.3,26.4,26.3,25.5,26.3,-9999,-9999,-9999,-9999,-9999,-9999,-9999,-9999,-9999,8.987275123596191
"2025-06-19 17:08:09",28.3,28.2,28.2,28.8,26.4,26.2,26.5,26.6,26.5,25.6,26.5,-9999,-9999,-9999,-9999,-9999,-9999,-9999,-9999,-9999,8.990897178649902
"2025-06-19 17:08:16",28.6,28.5,28.5,29.1,26.7,26.6,26.8,26.9,26.8,26,26.8,-9999,-9999,-9999,-9999,-9999,-9999,-9999,-9999,-9999,8.997560501098633
"2025-06-19 17:08:19",28.7,28.7,28.7,29.3,26.9,26.7,27,27.1,26.9,26.1,27,-9999,-9999,-9999,-9999,-9999,-9999,-9999,-9999,-9999,9.001158714294434
"2025-06-19 17:08:26",29.1,29,29,29.6,27.2,27.1,27.3,27.4,27.2,26.5,27.3,-9999,-9999,-9999,-9999,-9999,-9999,-9999,-9999,-9999,9.007315635681152
"2025-06-19 17:08:30",29.2,29.2,29.2,29.8,27.4,27.2,27.4,27.5,27.4,26.6,27.4,-9999,-9999,-9999,-9999,-9999,-9999,-9999,-9999,-9999,9.009727478027344
"2025-06-19 17:08:37",29.5,29.5,29.5,30,27.7,27.5,27.8,27.8,27.7,26.9,27.7,-9999,-9999,-9999,-9999,-9999,-9999,-9999,-9999,-9999,9.016508102416992
"2025-06-19 17:08:40",29.7,29.6,29.6,30.2,27.8,27.7,27.9,28,27.9,27.1,27.9,-9999,-9999,-9999,-9999,-9999,-9999,-9999,-9999,-9999,9.019281387329102
"2025-06-19 17:08:47",30,29.9,30,30.5,28.1,28,28.2,28.3,28.2,27.4,28.2,-9999,-9999,-9999,-9999,-9999,-9999,-9999,-9999,-9999,9.025517463684082
"2025-06-19 17:08:50",30.1,30.1,30.1,30.7,28.3,28.2,28.4,28.4,28.3,27.5,28.3,-9999,-9999,-9999,-9999,-9999,-9999,-9999,-9999,-9999,9.028319358825684
"2025-06-19 17:08:57",30.4,30.3,30.4,30.9,28.6,28.5,28.8,28.8,28.7,27.8,28.6,-9999,-9999,-9999,-9999,-9999,-9999,-9999,-9999,-9999,9.034316062927246
"2025-06-19 17:09:01",30.6,30.5,30.5,31.1,28.8,28.7,28.9,29,28.8,28,28.8,-9999,-9999,-9999,-9999,-9999,-9999,-9999,-9999,-9999,9.036206245422363
"2025-06-19 17:09:08",30.8,30.8,30.8,31.4,29.1,29,29.2,29.2,29.1,28.3,29.1,-9999,-9999,-9999,-9999,-9999,-9999,-9999,-9999,-9999,9.04229736328125
"2025-06-19 17:09:11",31,30.9,30.9,31.5,29.2,29.1,29.3,29.4,29.2,28.5,29.3,-9999,-9999,-9999,-9999,-9999,-9999,-9999,-9999,-9999,9.044637680053711
"2025-06-19 17:09:18",31.2,31.2,31.2,31.8,29.5,29.4,29.6,29.7,29.5,28.7,29.5,-9999,-9999,-9999,-9999,-9999,-9999,-9999,-9999,-9999,9.05079460144043
"2025-06-19 17:09:21",31.4,31.4,31.3,32,29.7,29.6,29.8,29.8,29.6,28.9,29.7,-9999,-9999,-9999,-9999,-9999,-9999,-9999,-9999,-9999,9.05348014831543
"2025-06-19 17:09:29",31.7,31.6,31.6,32.2,30,29.8,30.1,30.1,30,29.2,30,-9999,-9999,-9999,-9999,-9999,-9999,-9999,-9999,-9999,9.058225631713867
"2025-06-19 17:09:32",31.8,31.7,31.8,32.4,30.1,30,30.2,30.3,30.1,29.4,30.1,-9999,-9999,-9999,-9999,-9999,-9999,-9999,-9999,-9999,9.060752868652344
"2025-06-19 17:09:39",32.1,32,32,32.7,30.4,30.3,30.5,30.6,30.4,29.7,30.4,-9999,-9999,-9999,-9999,-9999,-9999,-9999,-9999,-9999,9.06682300567627
"2025-06-19 17:09:42",32.2,32.1,32.1,32.8,30.5,30.4,30.7,30.7,30.5,29.8,30.5,-9999,-9999,-9999,-9999,-9999,-9999,-9999,-9999,-9999,9.069356918334961
"2025-06-19 17:09:49",32.5,32.4,32.4,33,30.8,30.7,31,31,30.8,30.1,30.8,-9999,-9999,-9999,-9999,-9999,-9999,-9999,-9999,-9999,9.074492454528809
"2025-06-19 17:09:53",32.6,32.5,32.5,33.2,30.9,30.9,31.1,31.2,31,30.2,30.9,-9999,-9999,-9999,-9999,-9999,-9999,-9999,-9999,-9999,9.076990127563477
"2025-06-19 17:10:00",32.9,32.8,32.8,33.4,31.2,31.2,31.4,31.4,31.2,30.5,31.2,-9999,-9999,-9999,-9999,-9999,-9999,-9999,-9999,-9999,9.081596374511719
"2025-06-19 17:10:03",33,32.9,32.9,33.5,31.3,31.3,31.5,31.6,31.4,30.7,31.3,-9999,-9999,-9999,-9999,-9999,-9999,-9999,-9999,-9999,9.083464622497559
"2025-06-19 17:10:10",33.2,33.1,33.2,33.7,31.6,31.6,31.7,31.9,31.6,30.9,31.6,-9999,-9999,-9999,-9999,-9999,-9999,-9999,-9999,-9999,9.089165687561035
"2025-06-19 17:10:13",33.4,33.3,33.3,33.9,31.7,31.7,31.9,32,31.7,31.1,31.7,-9999,-9999,-9999,-9999,-9999,-9999,-9999,-9999,-9999,9.09168529510498
"2025-06-19 17:10:20",33.5,33.5,33.5,34.1,32,31.9,32.2,32.2,32,31.3,32,-9999,-9999,-9999,-9999,-9999,-9999,-9999,-9999,-9999,9.095995903015137
"2025-06-19 17:10:24",33.6,33.6,33.6,34.2,32.1,32.1,32.3,32.4,32.1,31.5,32.1,-9999,-9999,-9999,-9999,-9999,-9999,-9999,-9999,-9999,9.098191261291504
"2025-06-19 17:10:31",33.9,33.8,33.8,34.4,32.4,32.3,32.6,32.6,32.4,31.7,32.4,-9999,-9999,-9999,-9999,-9999,-9999,-9999,-9999,-9999,9.103200912475586
"2025-06-19 17:10:34",34,33.9,33.9,34.5,32.5,32.5,32.7,32.8,32.5,31.9,32.5,-9999,-9999,-9999,-9999,-9999,-9999,-9999,-9999,-9999,9.10493278503418
"2025-06-19 17:10:41",34.2,34.2,34.1,34.8,32.7,32.7,32.9,33,32.8,32.1,32.7,-9999,-9999,-9999,-9999,-9999,-9999,-9999,-9999,-9999,9.109452247619629
"2025-06-19 17:10:45",34.3,34.3,34.3,34.9,32.9,32.8,33.1,33.1,32.9,32.2,32.8,-9999,-9999,-9999,-9999,-9999,-9999,-9999,-9999,-9999,9.111408233642578
"2025-06-19 17:10:52",34.5,34.5,34.5,35.1,33.1,33.1,33.3,33.4,33.1,32.5,33.1,-9999,-9999,-9999,-9999,-9999,-9999,-9999,-9999,-9999,9.116253852844238
"2025-06-19 17:10:55",34.6,34.6,34.6,35.2,33.3,33.2,33.4,33.5,33.2,32.6,33.2,-9999,-9999,-9999,-9999,-9999,-9999,-9999,-9999,-9999,9.117484092712402
"2025-06-19 17:11:02",34.9,34.8,34.8,35.4,33.5,33.4,33.7,33.7,33.4,32.8,33.4,-9999,-9999,-9999,-9999,-9999,-9999,-9999,-9999,-9999,9.121814727783203
"2025-06-19 17:11:05",35,34.9,34.8,35.5,33.6,33.5,33.8,33.8,33.5,33,33.5,-9999,-9999,-9999,-9999,-9999,-9999,-9999,-9999,-9999,9.123684883117676
"2025-06-19 17:11:12",35.2,35.1,35,35.7,33.8,33.8,34,34.1,33.8,33.2,33.7,-9999,-9999,-9999,-9999,-9999,-9999,-9999,-9999,-9999,9.127009391784668
"2025-06-19 17:11:16",35.2,35.2,35.1,35.8,33.9,33.9,34.1,34.2,33.9,33.3,33.9,-9999,-9999,-9999,-9999,-9999,-9999,-9999,-9999,-9999,9.129471778869629
"2025-06-19 17:11:23",35.4,35.4,35.3,35.9,34.1,34.1,34.4,34.4,34.1,33.5,34.1,-9999,-9999,-9999,-9999,-9999,-9999,-9999,-9999,-9999,9.132867813110352
"2025-06-19 17:11:26",35.5,35.4,35.4,36,34.2,34.2,34.5,34.5,34.2,33.7,34.2,-9999,-9999,-9999,-9999,-9999,-9999,-9999,-9999,-9999,9.134483337402344
"2025-06-19 17:11:33",35.7,35.6,35.6,36.2,34.5,34.4,34.7,34.7,34.4,33.9,34.4,-9999,-9999,-9999,-9999,-9999,-9999,-9999,-9999,-9999,9.138118743896484
"2025-06-19 17:11:36",35.8,35.7,35.7,36.3,34.5,34.5,34.8,34.8,34.5,34,34.5,-9999,-9999,-9999,-9999,-9999,-9999,-9999,-9999,-9999,9.140022277832031
"2025-06-19 17:11:43",36,35.9,35.8,36.5,34.8,34.8,35,35,34.8,34.2,34.7,-9999,-9999,-9999,-9999,-9999,-9999,-9999,-9999,-9999,9.143877029418945
"2025-06-19 17:11:47",36,35.9,35.9,36.5,34.9,34.9,35.1,35.1,34.8,34.3,34.8,-9999,-9999,-9999,-9999,-9999,-9999,-9999,-9999,-9999,9.145085334777832
"2025-06-19 17:11:54",36.2,36.1,36.1,36.7,35.1,35.1,35.3,35.3,35,34.5,35,-9999,-9999,-9999,-9999,-9999,-9999,-9999,-9999,-9999,9.147439956665039
"2025-06-19 17:11:57",36.3,36.2,36.1,36.7,35.2,35.1,35.4,35.4,35.1,34.6,35,-9999,-9999,-9999,-9999,-9999,-9999,-9999,-9999,-9999,9.148547172546387
"2025-06-19 17:12:04",36.4,36.4,36.3,36.9,35.3,35.3,35.6,35.6,35.3,34.8,35.2,-9999,-9999,-9999,-9999,-9999,-9999,-9999,-9999,-9999,9.151996612548828
"2025-06-19 17:12:08",36.5,36.5,36.4,37,35.4,35.4,35.7,35.7,35.4,34.9,35.3,-9999,-9999,-9999,-9999,-9999,-9999,-9999,-9999,-9999,9.154342651367188
"2025-06-19 17:12:15",36.7,36.6,36.5,37.1,35.6,35.6,35.9,35.9,35.6,35.1,35.5,-9999,-9999,-9999,-9999,-9999,-9999,-9999,-9999,-9999,9.157173156738281
"2025-06-19 17:12:18",36.8,36.7,36.6,37.2,35.7,35.7,36,36,35.7,35.2,35.6,-9999,-9999,-9999,-9999,-9999,-9999,-9999,-9999,-9999,9.158717155456543
"2025-06-19 17:12:25",36.9,36.8,36.7,37.3,35.9,35.9,36.2,36.1,35.8,35.4,35.8,-9999,-9999,-9999,-9999,-9999,-9999,-9999,-9999,-9999,9.161091804504395
"2025-06-19 17:12:28",37,36.9,36.8,37.4,36,36,36.2,36.2,35.9,35.4,35.9,-9999,-9999,-9999,-9999,-9999,-9999,-9999,-9999,-9999,9.16268539428711
"2025-06-19 17:12:35",37.1,37,36.9,37.5,36.2,36.1,36.4,36.4,36.1,35.7,36,-9999,-9999,-9999,-9999,-9999,-9999,-9999,-9999,-9999,9.165343284606934
"2025-06-19 17:12:39",37.2,37.1,37,37.6,36.2,36.2,36.5,36.5,36.2,35.7,36.1,-9999,-9999,-9999,-9999,-9999,-9999,-9999,-9999,-9999,9.166921615600586
"2025-06-19 17:12:46",37.3,37.2,37.1,37.7,36.4,36.4,36.6,36.7,36.3,35.9,36.3,-9999,-9999,-9999,-9999,-9999,-9999,-9999,-9999,-9999,9.169610023498535
"2025-06-19 17:12:49",37.4,37.3,37.2,37.7,36.4,36.5,36.7,36.7,36.4,36,36.3,-9999,-9999,-9999,-9999,-9999,-9999,-9999,-9999,-9999,9.170377731323242
"2025-06-19 17:12:56",37.5,37.4,37.3,37.9,36.6,36.6,36.9,36.9,36.6,36.1,36.5,-9999,-9999,-9999,-9999,-9999,-9999,-9999,-9999,-9999,9.173751831054688
"2025-06-19 17:13:00",37.6,37.5,37.3,37.9,36.7,36.7,37,36.9,36.6,36.2,36.5,-9999,-9999,-9999,-9999,-9999,-9999,-9999,-9999,-9999,9.175179481506348
"2025-06-19 17:13:06",37.7,37.6,37.4,38,36.8,36.8,37.1,37.1,36.8,36.4,36.7,-9999,-9999,-9999,-9999,-9999,-9999,-9999,-9999,-9999,9.177120208740234
"2025-06-19 17:13:10",37.7,37.7,37.5,38.1,36.9,36.9,37.2,37.2,36.9,36.4,36.8,-9999,-9999,-9999,-9999,-9999,-9999,-9999,-9999,-9999,9.178619384765625
"2025-06-19 17:13:17",37.9,37.8,37.6,38.2,37,37.1,37.3,37.3,37,36.6,36.9,-9999,-9999,-9999,-9999,-9999,-9999,-9999,-9999,-9999,9.181154251098633
"2025-06-19 17:13:20",37.9,37.8,37.7,38.2,37.1,37.1,37.4,37.4,37.1,36.6,37,-9999,-9999,-9999,-9999,-9999,-9999,-9999,-9999,-9999,9.18187141418457
"2025-06-19 17:13:27",38,37.9,37.8,38.3,37.2,37.3,37.6,37.5,37.2,36.8,37.1,-9999,-9999,-9999,-9999,-9999,-9999,-9999,-9999,-9999,9.184701919555664
"2025-06-19 17:13:31",38,38,37.8,38.4,37.3,37.3,37.6,37.6,37.2,36.9,37.1,-9999,-9999,-9999,-9999,-9999,-9999,-9999,-9999,-9999,9.185972213745117
"2025-06-19 17:13:38",38.2,38.1,37.9,38.5,37.4,37.4,37.8,37.7,37.4,37,37.2,-9999,-9999,-9999,-9999,-9999,-9999,-9999,-9999,-9999,9.187585830688477
"2025-06-19 17:13:41",38.2,38.1,38,38.5,37.5,37.5,37.8,37.8,37.4,37,37.3,-9999,-9999,-9999,-9999,-9999,-9999,-9999,-9999,-9999,9.188340187072754
"2025-06-19 17:13:48",38.3,38.3,38,38.6,37.7,37.6,37.9,37.9,37.6,37.2,37.4,-9999,-9999,-9999,-9999,-9999,-9999,-9999,-9999,-9999,9.190512657165527
"2025-06-19 17:13:51",38.4,38.3,38.1,38.7,37.7,37.7,38,37.9,37.6,37.2,37.5,-9999,-9999,-9999,-9999,-9999,-9999,-9999,-9999,-9999,9.191459655761719
"2025-06-19 17:13:58",38.4,38.4,38.2,38.7,37.8,37.8,38.1,38,37.7,37.4,37.6,-9999,-9999,-9999,-9999,-9999,-9999,-9999,-9999,-9999,9.193258285522461
"2025-06-19 17:14:02",38.5,38.4,38.2,38.8,37.9,37.9,38.2,38.1,37.8,37.4,37.7,-9999,-9999,-9999,-9999,-9999,-9999,-9999,-9999,-9999,9.1942138671875
"2025-06-19 17:14:09",38.6,38.5,38.3,38.9,38,38,38.3,38.2,37.9,37.5,37.8,-9999,-9999,-9999,-9999,-9999,-9999,-9999,-9999,-9999,9.19577693939209
"2025-06-19 17:14:12",38.6,38.5,38.3,38.9,38,38.1,38.4,38.3,38,37.6,37.8,-9999,-9999,-9999,-9999,-9999,-9999,-9999,-9999,-9999,9.19716739654541
"2025-06-19 17:14:19",38.7,38.6,38.4,38.9,38.2,38.1,38.4,38.4,38.1,37.7,37.9,-9999,-9999,-9999,-9999,-9999,-9999,-9999,-9999,-9999,9.199101448059082
"2025-06-19 17:14:23",38.8,38.7,38.5,39,38.2,38.2,38.5,38.4,38.1,37.8,38,-9999,-9999,-9999,-9999,-9999,-9999,-9999,-9999,-9999,9.199202537536621
"2025-06-19 17:14:29",38.8,38.8,38.5,39.1,38.3,38.3,38.6,38.5,38.2,37.9,38.1,-9999,-9999,-9999,-9999,-9999,-9999,-9999,-9999,-9999,9.201811790466309
"2025-06-19 17:14:33",38.8,38.8,38.6,39.1,38.3,38.3,38.7,38.5,38.3,37.9,38.1,-9999,-9999,-9999,-9999,-9999,-9999,-9999,-9999,-9999,9.202991485595703
"2025-06-19 17:14:40",38.9,38.9,38.6,39.2,38.4,38.5,38.8,38.7,38.4,38,38.2,-9999,-9999,-9999,-9999,-9999,-9999,-9999,-9999,-9999,9.204230308532715
"2025-06-19 17:14:43",39,38.9,38.7,39.2,38.5,38.5,38.8,38.7,38.4,38.1,38.3,-9999,-9999,-9999,-9999,-9999,-9999,-9999,-9999,-9999,9.205062866210938
"2025-06-19 17:14:50",39,39,38.7,39.3,38.6,38.6,38.9,38.8,38.5,38.2,38.3,-9999,-9999,-9999,-9999,-9999,-9999,-9999,-9999,-9999,9.206409454345703
"2025-06-19 17:14:54",39,39,38.8,39.3,38.6,38.6,39,38.8,38.6,38.2,38.4,-9999,-9999,-9999,-9999,-9999,-9999,-9999,-9999,-9999,9.207837104797363
"2025-06-19 17:15:01",39.1,39.1,38.8,39.3,38.7,38.7,39,38.9,38.6,38.3,38.5,-9999,-9999,-9999,-9999,-9999,-9999,-9999,-9999,-9999,9.20877742767334
"2025-06-19 17:15:04",39.2,39.1,38.8,39.4,38.8,38.8,39.1,39,38.7,38.4,38.5,-9999,-9999,-9999,-9999,-9999,-9999,-9999,-9999,-9999,9.209589004516602
"2025-06-19 17:15:11",39.2,39.1,38.9,39.4,38.8,38.8,39.2,39.1,38.7,38.4,38.6,-9999,-9999,-9999,-9999,-9999,-9999,-9999,-9999,-9999,9.211334228515625
"2025-06-19 17:15:14",39.3,39.2,38.9,39.4,38.9,38.9,39.2,39.1,38.8,38.5,38.6,-9999,-9999,-9999,-9999,-9999,-9999,-9999,-9999,-9999,9.21176815032959
"2025-06-19 17:15:21",39.3,39.2,39,39.5,39,38.9,39.3,39.2,38.9,38.6,38.7,-9999,-9999,-9999,-9999,-9999,-9999,-9999,-9999,-9999,9.212912559509277
"2025-06-19 17:15:25",39.3,39.3,39,39.5,39,39,39.3,39.2,38.9,38.6,38.7,-9999,-9999,-9999,-9999,-9999,-9999,-9999,-9999,-9999,9.213123321533203
"2025-06-19 17:15:32",39.4,39.3,39,39.6,39.1,39,39.4,39.3,38.9,38.7,38.8,-9999,-9999,-9999,-9999,-9999,-9999,-9999,-9999,-9999,9.215224266052246
"2025-06-19 17:15:35",39.4,39.3,39,39.6,39.1,39.1,39.4,39.3,39,38.7,38.8,-9999,-9999,-9999,-9999,-9999,-9999,-9999,-9999,-9999,9.216318130493164
"2025-06-19 17:15:42",39.5,39.4,39.1,39.6,39.2,39.1,39.5,39.4,39,38.8,38.9,-9999,-9999,-9999,-9999,-9999,-9999,-9999,-9999,-9999,9.217513084411621
"2025-06-19 17:15:46",39.5,39.4,39.1,39.6,39.2,39.2,39.6,39.4,39.1,38.8,38.9,-9999,-9999,-9999,-9999,-9999,-9999,-9999,-9999,-9999,9.217931747436523
"2025-06-19 17:15:53",39.5,39.4,39.2,39.6,39.3,39.2,39.6,39.5,39.2,38.9,39,-9999,-9999,-9999,-9999,-9999,-9999,-9999,-9999,-9999,9.218910217285156
"2025-06-19 17:15:56",39.5,39.5,39.2,39.7,39.3,39.3,39.6,39.5,39.2,38.9,39,-9999,-9999,-9999,-9999,-9999,-9999,-9999,-9999,-9999,9.22016429901123
"2025-06-19 17:16:03",39.6,39.5,39.2,39.7,39.4,39.3,39.7,39.5,39.2,39,39.1,-9999,-9999,-9999,-9999,-9999,-9999,-9999,-9999,-9999,9.220358848571777
"2025-06-19 17:16:06",39.6,39.5,39.2,39.7,39.4,39.4,39.7,39.6,39.3,39,39.1,-9999,-9999,-9999,-9999,-9999,-9999,-9999,-9999,-9999,9.221111297607422
"2025-06-19 17:16:13",39.6,39.6,39.2,39.7,39.5,39.4,39.8,39.6,39.3,39.1,39.1,-9999,-9999,-9999,-9999,-9999,-9999,-9999,-9999,-9999,9.22208309173584
"2025-06-19 17:16:17",39.6,39.6,39.2,39.8,39.5,39.4,39.8,39.7,39.3,39.1,39.1,-9999,-9999,-9999,-9999,-9999,-9999,-9999,-9999,-9999,9.222025871276855
"2025-06-19 17:16:24",39.7,39.6,39.3,39.8,39.5,39.5,39.8,39.7,39.4,39.1,39.2,-9999,-9999,-9999,-9999,-9999,-9999,-9999,-9999,-9999,9.223023414611816
"2025-06-19 17:16:27",39.7,39.6,39.3,39.8,39.5,39.5,39.9,39.7,39.4,39.2,39.2,-9999,-9999,-9999,-9999,-9999,-9999,-9999,-9999,-9999,9.223531723022461
"2025-06-19 17:16:34",39.7,39.6,39.3,39.8,39.6,39.5,39.9,39.7,39.4,39.2,39.3,-9999,-9999,-9999,-9999,-9999,-9999,-9999,-9999,-9999,9.224299430847168
"2025-06-19 17:16:37",39.7,39.7,39.3,39.8,39.6,39.6,40,39.8,39.5,39.2,39.3,-9999,-9999,-9999,-9999,-9999,-9999,-9999,-9999,-9999,9.22476863861084
"2025-06-19 17:16:44",39.8,39.7,39.4,39.8,39.7,39.6,40,39.8,39.5,39.3,39.4,-9999,-9999,-9999,-9999,-9999,-9999,-9999,-9999,-9999,9.226463317871094
"2025-06-19 17:16:48",39.8,39.7,39.4,39.8,39.7,39.6,40,39.8,39.5,39.3,39.4,-9999,-9999,-9999,-9999,-9999,-9999,-9999,-9999,-9999,9.2269287109375
"2025-06-19 17:16:55",39.8,39.7,39.4,39.8,39.7,39.7,40.1,39.9,39.6,39.4,39.4,-9999,-9999,-9999,-9999,-9999,-9999,-9999,-9999,-9999,9.227210998535156
"2025-06-19 17:16:58",39.8,39.7,39.4,39.8,39.7,39.7,40.1,39.9,39.6,39.4,39.4,-9999,-9999,-9999,-9999,-9999,-9999,-9999,-9999,-9999,9.227767944335938
"2025-06-19 17:17:05",39.8,39.7,39.4,39.9,39.8,39.7,40.1,39.9,39.6,39.4,39.4,-9999,-9999,-9999,-9999,-9999,-9999,-9999,-9999,-9999,9.229013442993164
"2025-06-19 17:17:09",39.8,39.7,39.4,39.9,39.8,39.7,40.1,40,39.7,39.4,39.5,-9999,-9999,-9999,-9999,-9999,-9999,-9999,-9999,-9999,9.229042053222656
"2025-06-19 17:17:16",39.9,39.8,39.4,39.9,39.8,39.8,40.1,40,39.7,39.5,39.5,-9999,-9999,-9999,-9999,-9999,-9999,-9999,-9999,-9999,9.23000717163086
"2025-06-19 17:17:19",39.8,39.8,39.4,39.9,39.8,39.8,40.2,40,39.7,39.5,39.5,-9999,-9999,-9999,-9999,-9999,-9999,-9999,-9999,-9999,9.230029106140137
"2025-06-19 17:17:26",39.9,39.8,39.4,39.9,39.8,39.8,40.2,40,39.7,39.5,39.5,-9999,-9999,-9999,-9999,-9999,-9999,-9999,-9999,-9999,9.230425834655762
"2025-06-19 17:17:29",39.9,39.8,39.5,39.9,39.9,39.8,40.2,40,39.7,39.5,39.6,-9999,-9999,-9999,-9999,-9999,-9999,-9999,-9999,-9999,9.230607986450195
"2025-06-19 17:17:36",39.9,39.8,39.4,39.9,39.9,39.8,40.3,40.1,39.7,39.6,39.6,-9999,-9999,-9999,-9999,-9999,-9999,-9999,-9999,-9999,9.23178768157959
"2025-06-19 17:17:40",39.9,39.8,39.4,39.9,39.9,39.9,40.3,40.1,39.8,39.6,39.6,-9999,-9999,-9999,-9999,-9999,-9999,-9999,-9999,-9999,9.232076644897461
"2025-06-19 17:17:47",39.9,39.8,39.4,39.9,40,39.9,40.3,40.1,39.8,39.6,39.6,-9999,-9999,-9999,-9999,-9999,-9999,-9999,-9999,-9999,9.232916831970215
"2025-06-19 17:17:50",39.9,39.8,39.5,39.9,39.9,39.9,40.3,40.1,39.8,39.6,39.6,-9999,-9999,-9999,-9999,-9999,-9999,-9999,-9999,-9999,9.232686042785645
"2025-06-19 17:17:57",39.9,39.8,39.5,39.9,40,39.9,40.3,40.1,39.8,39.6,39.6,-9999,-9999,-9999,-9999,-9999,-9999,-9999,-9999,-9999,9.233671188354492
"2025-06-19 17:18:01",39.9,39.8,39.5,39.9,40,39.9,40.3,40.2,39.8,39.6,39.6,-9999,-9999,-9999,-9999,-9999,-9999,-9999,-9999,-9999,9.234155654907227
"2025-06-19 17:18:07",39.9,39.8,39.5,39.9,40,39.9,40.3,40.1,39.9,39.7,39.7,-9999,-9999,-9999,-9999,-9999,-9999,-9999,-9999,-9999,9.234221458435059
"2025-06-19 17:18:11",39.9,39.8,39.5,39.9,40,39.9,40.3,40.2,39.9,39.7,39.7,-9999,-9999,-9999,-9999,-9999,-9999,-9999,-9999,-9999,9.234525680541992
"2025-06-19 17:18:18",39.9,39.8,39.5,39.9,40,40,40.4,40.2,39.9,39.7,39.7,-9999,-9999,-9999,-9999,-9999,-9999,-9999,-9999,-9999,9.235381126403809
"2025-06-19 17:18:21",39.9,39.8,39.5,39.9,40,40,40.4,40.2,39.9,39.7,39.7,-9999,-9999,-9999,-9999,-9999,-9999,-9999,-9999,-9999,9.23598861694336
"2025-06-19 17:18:28",39.9,39.8,39.5,39.9,40.1,40,40.4,40.2,39.9,39.7,39.7,-9999,-9999,-9999,-9999,-9999,-9999,-9999,-9999,-9999,9.23585033416748
"2025-06-19 17:18:32",39.9,39.8,39.5,39.9,40.1,40,40.4,40.2,39.9,39.7,39.7,-9999,-9999,-9999,-9999,-9999,-9999,-9999,-9999,-9999,9.236481666564941
"2025-06-19 17:18:39",39.9,39.8,39.4,39.9,40.1,40,40.4,40.2,39.9,39.7,39.7,-9999,-9999,-9999,-9999,-9999,-9999,-9999,-9999,-9999,9.23701000213623
"2025-06-19 17:18:42",39.9,39.8,39.4,39.9,40.1,40,40.4,40.2,39.9,39.7,39.7,-9999,-9999,-9999,-9999,-9999,-9999,-9999,-9999,-9999,9.236793518066406
"2025-06-19 17:18:49",39.9,39.8,39.4,39.9,40.1,40,40.4,40.2,39.9,39.7,39.7,-9999,-9999,-9999,-9999,-9999,-9999,-9999,-9999,-9999,9.237624168395996
"2025-06-19 17:18:52",39.9,39.8,39.4,39.9,40,40,40.4,40.2,39.9,39.7,39.7,-9999,-9999,-9999,-9999,-9999,-9999,-9999,-9999,-9999,9.237951278686523
"2025-06-19 17:18:59",39.9,39.8,39.4,39.8,40,40,40.4,40.2,39.9,39.7,39.7,-9999,-9999,-9999,-9999,-9999,-9999,-9999,-9999,-9999,9.238240242004395
"2025-06-19 17:19:03",39.9,39.8,39.4,39.8,40.1,40,40.4,40.2,39.9,39.7,39.7,-9999,-9999,-9999,-9999,-9999,-9999,-9999,-9999,-9999,9.238718032836914
"2025-06-19 17:19:10",39.9,39.8,39.4,39.8,40.1,40,40.4,40.2,39.9,39.8,39.7,-9999,-9999,-9999,-9999,-9999,-9999,-9999,-9999,-9999,9.238935470581055
"2025-06-19 17:19:13",39.9,39.8,39.4,39.8,40.1,40,40.4,40.2,39.9,39.8,39.7,-9999,-9999,-9999,-9999,-9999,-9999,-9999,-9999,-9999,9.23931884765625
"2025-06-19 17:19:20",39.9,39.8,39.4,39.8,40.1,40,40.4,40.2,39.9,39.7,39.7,-9999,-9999,-9999,-9999,-9999,-9999,-9999,-9999,-9999,9.239246368408203
"2025-06-19 17:19:24",39.9,39.8,39.4,39.8,40.1,40,40.4,40.2,39.9,39.8,39.7,-9999,-9999,-9999,-9999,-9999,-9999,-9999,-9999,-9999,9.239500999450684
"2025-06-19 17:19:31",39.9,39.8,39.4,39.8,40.1,40,40.4,40.2,39.9,39.8,39.7,-9999,-9999,-9999,-9999,-9999,-9999,-9999,-9999,-9999,9.24005126953125
"2025-06-19 17:19:34",39.8,39.8,39.4,39.8,40.1,40,40.4,40.2,39.9,39.8,39.7,-9999,-9999,-9999,-9999,-9999,-9999,-9999,-9999,-9999,9.240400314331055
"2025-06-19 17:19:41",39.9,39.8,39.4,39.8,40.1,40,40.4,40.2,39.9,39.8,39.7,-9999,-9999,-9999,-9999,-9999,-9999,-9999,-9999,-9999,9.240145683288574
"2025-06-19 17:19:44",39.9,39.8,39.4,39.8,40.1,40,40.4,40.2,39.9,39.8,39.7,-9999,-9999,-9999,-9999,-9999,-9999,-9999,-9999,-9999,9.240347862243652
"2025-06-19 17:19:51",39.8,39.7,39.3,39.8,40.1,40,40.4,40.2,39.9,39.7,39.7,-9999,-9999,-9999,-9999,-9999,-9999,-9999,-9999,-9999,9.2413911819458
"2025-06-19 17:19:55",39.8,39.8,39.3,39.8,40.1,40,40.4,40.2,39.9,39.8,39.7,-9999,-9999,-9999,-9999,-9999,-9999,-9999,-9999,-9999,9.24183464050293
"2025-06-19 17:20:02",39.8,39.8,39.3,39.8,40.1,40,40.4,40.2,39.9,39.8,39.7,-9999,-9999,-9999,-9999,-9999,-9999,-9999,-9999,-9999,9.241514205932617
"2025-06-19 17:20:05",39.8,39.8,39.3,39.7,40.1,40,40.4,40.2,39.9,39.7,39.7,-9999,-9999,-9999,-9999,-9999,-9999,-9999,-9999,-9999,9.241875648498535
"2025-06-19 17:20:12",39.8,39.7,39.3,39.7,40.1,40,40.4,40.2,39.9,39.7,39.7,-9999,-9999,-9999,-9999,-9999,-9999,-9999,-9999,-9999,9.241463661193848
"2025-06-19 17:20:15",39.8,39.7,39.3,39.7,40.1,40,40.4,40.2,39.9,39.7,39.7,-9999,-9999,-9999,-9999,-9999,-9999,-9999,-9999,-9999,9.241948127746582
"2025-06-19 17:20:22",39.8,39.7,39.3,39.7,40,40,40.4,40.2,39.9,39.7,39.7,-9999,-9999,-9999,-9999,-9999,-9999,-9999,-9999,-9999,9.24217414855957
"2025-06-19 17:20:26",39.8,39.7,39.3,39.7,40.1,40,40.4,40.2,39.9,39.7,39.7,-9999,-9999,-9999,-9999,-9999,-9999,-9999,-9999,-9999,9.24261474609375
"2025-06-19 17:20:33",39.8,39.7,39.2,39.7,40,39.9,40.4,40.2,39.9,39.7,39.6,-9999,-9999,-9999,-9999,-9999,-9999,-9999,-9999,-9999,9.242535591125488
"2025-06-19 17:20:36",39.8,39.7,39.3,39.6,40,39.9,40.4,40.2,39.9,39.7,39.6,-9999,-9999,-9999,-9999,-9999,-9999,-9999,-9999,-9999,9.242542266845703
"2025-06-19 17:20:43",39.8,39.7,39.3,39.6,40,39.9,40.4,40.1,39.9,39.7,39.6,-9999,-9999,-9999,-9999,-9999,-9999,-9999,-9999,-9999,9.243013381958008
"2025-06-19 17:20:47",39.8,39.7,39.2,39.6,40,39.9,40.4,40.2,39.9,39.7,39.6,-9999,-9999,-9999,-9999,-9999,-9999,-9999,-9999,-9999,9.242904663085938
"2025-06-19 17:20:54",39.7,39.7,39.2,39.6,40,39.9,40.4,40.2,39.8,39.7,39.6,-9999,-9999,-9999,-9999,-9999,-9999,-9999,-9999,-9999,9.243630409240723
"2025-06-19 17:20:57",39.7,39.7,39.2,39.6,40,39.9,40.4,40.1,39.8,39.7,39.6,-9999,-9999,-9999,-9999,-9999,-9999,-9999,-9999,-9999,9.243642807006836
"2025-06-19 17:21:04",39.7,39.6,39.2,39.6,40,39.9,40.4,40.1,39.8,39.7,39.6,-9999,-9999,-9999,-9999,-9999,-9999,-9999,-9999,-9999,9.244136810302734
"2025-06-19 17:21:07",39.7,39.6,39.2,39.6,40,39.9,40.3,40.1,39.8,39.7,39.6,-9999,-9999,-9999,-9999,-9999,-9999,-9999,-9999,-9999,9.244174003601074
"2025-06-19 17:21:14",39.7,39.6,39.2,39.6,40,39.9,40.3,40.1,39.8,39.7,39.6,-9999,-9999,-9999,-9999,-9999,-9999,-9999,-9999,-9999,9.24368667602539
"2025-06-19 17:21:18",39.7,39.6,39.1,39.5,40,39.9,40.3,40.1,39.8,39.7,39.6,-9999,-9999,-9999,-9999,-9999,-9999,-9999,-9999,-9999,9.24413013458252
"2025-06-19 17:21:25",39.7,39.6,39.1,39.5,40,39.9,40.3,40.1,39.8,39.6,39.6,-9999,-9999,-9999,-9999,-9999,-9999,-9999,-9999,-9999,9.2439546585083
"2025-06-19 17:21:28",39.7,39.6,39.1,39.5,40,39.8,40.3,40.1,39.8,39.6,39.6,-9999,-9999,-9999,-9999,-9999,-9999,-9999,-9999,-9999,9.24360179901123
"2025-06-19 17:21:35",39.6,39.6,39.1,39.5,40,39.8,40.3,40.1,39.8,39.6,39.5,-9999,-9999,-9999,-9999,-9999,-9999,-9999,-9999,-9999,9.244614601135254
"2025-06-19 17:21:38",39.6,39.5,39.1,39.5,39.9,39.8,40.3,40.1,39.8,39.6,39.5,-9999,-9999,-9999,-9999,-9999,-9999,-9999,-9999,-9999,9.24455738067627
"2025-06-19 17:21:46",39.6,39.5,39.1,39.5,39.9,39.8,40.3,40.1,39.7,39.6,39.5,-9999,-9999,-9999,-9999,-9999,-9999,-9999,-9999,-9999,9.244253158569336
"2025-06-19 17:21:49",39.6,39.5,39.1,39.5,39.9,39.8,40.3,40,39.7,39.6,39.5,-9999,-9999,-9999,-9999,-9999,-9999,-9999,-9999,-9999,9.244253158569336
"2025-06-19 17:21:56",39.6,39.5,39.1,39.5,39.9,39.8,40.3,40,39.7,39.6,39.5,-9999,-9999,-9999,-9999,-9999,-9999,-9999,-9999,-9999,9.245281219482422
"2025-06-19 17:21:59",39.6,39.5,39.1,39.4,39.9,39.8,40.2,40,39.7,39.6,39.5,-9999,-9999,-9999,-9999,-9999,-9999,-9999,-9999,-9999,9.245737075805664
"2025-06-19 17:22:06",39.5,39.5,39,39.4,39.9,39.8,40.2,40,39.7,39.6,39.5,-9999,-9999,-9999,-9999,-9999,-9999,-9999,-9999,-9999,9.24489688873291
"2025-06-19 17:22:10",39.5,39.5,39,39.4,39.9,39.8,40.2,40,39.7,39.6,39.5,-9999,-9999,-9999,-9999,-9999,-9999,-9999,-9999,-9999,9.24494743347168
"2025-06-19 17:22:17",39.5,39.5,39,39.4,39.9,39.7,40.2,40,39.7,39.5,39.4,-9999,-9999,-9999,-9999,-9999,-9999,-9999,-9999,-9999,9.244925498962402
"2025-06-19 17:22:20",39.5,39.5,39,39.4,39.8,39.7,40.2,40,39.7,39.5,39.4,-9999,-9999,-9999,-9999,-9999,-9999,-9999,-9999,-9999,9.245353698730469
"2025-06-19 17:22:27",39.5,39.4,39,39.4,39.8,39.7,40.2,40,39.7,39.5,39.4,-9999,-9999,-9999,-9999,-9999,-9999,-9999,-9999,-9999,9.244903564453125
"2025-06-19 17:22:30",39.5,39.5,39,39.4,39.8,39.7,40.1,39.9,39.6,39.5,39.4,-9999,-9999,-9999,-9999,-9999,-9999,-9999,-9999,-9999,9.244962692260742
"2025-06-19 17:22:37",39.5,39.4,39,39.3,39.8,39.7,40.1,39.9,39.6,39.5,39.4,-9999,-9999,-9999,-9999,-9999,-9999,-9999,-9999,-9999,9.245649337768555
"2025-06-19 17:22:41",39.5,39.4,38.9,39.3,39.8,39.7,40.1,39.9,39.6,39.5,39.4,-9999,-9999,-9999,-9999,-9999,-9999,-9999,-9999,-9999,9.246070861816406
"2025-06-19 17:22:48",39.4,39.4,38.9,39.3,39.8,39.7,40.1,39.9,39.6,39.5,39.4,-9999,-9999,-9999,-9999,-9999,-9999,-9999,-9999,-9999,9.246214866638184
"2025-06-19 17:22:51",39.5,39.4,38.9,39.3,39.8,39.7,40.1,39.9,39.6,39.5,39.4,-9999,-9999,-9999,-9999,-9999,-9999,-9999,-9999,-9999,9.246127128601074
"2025-06-19 17:22:58",39.4,39.4,38.9,39.3,39.7,39.6,40.1,39.9,39.6,39.5,39.4,-9999,-9999,-9999,-9999,-9999,-9999,-9999,-9999,-9999,9.24559211730957
"2025-06-19 17:23:02",39.4,39.4,38.9,39.3,39.8,39.6,40.1,39.9,39.6,39.4,39.3,-9999,-9999,-9999,-9999,-9999,-9999,-9999,-9999,-9999,9.246344566345215
"2025-06-19 17:23:09",39.4,39.3,38.9,39.3,39.8,39.6,40.1,39.9,39.6,39.4,39.3,-9999,-9999,-9999,-9999,-9999,-9999,-9999,-9999,-9999,9.246743202209473
"2025-06-19 17:23:12",39.4,39.3,38.9,39.3,39.8,39.6,40.1,39.8,39.6,39.4,39.3,-9999,-9999,-9999,-9999,-9999,-9999,-9999,-9999,-9999,9.24603271484375
"2025-06-19 17:23:19",39.4,39.3,38.9,39.2,39.7,39.6,40.1,39.8,39.5,39.4,39.3,-9999,-9999,-9999,-9999,-9999,-9999,-9999,-9999,-9999,9.24642562866211
"2025-06-19 17:23:22",39.4,39.3,38.9,39.2,39.7,39.6,40.1,39.8,39.5,39.4,39.3,-9999,-9999,-9999,-9999,-9999,-9999,-9999,-9999,-9999,9.246127128601074
"2025-06-19 17:23:29",39.4,39.3,38.8,39.2,39.7,39.6,40,39.8,39.5,39.4,39.3,-9999,-9999,-9999,-9999,-9999,-9999,-9999,-9999,-9999,9.24599838256836
"2025-06-19 17:23:33",39.3,39.3,38.8,39.2,39.7,39.6,40,39.8,39.5,39.4,39.3,-9999,-9999,-9999,-9999,-9999,-9999,-9999,-9999,-9999,9.246280670166016
"2025-06-19 17:23:40",39.3,39.3,38.8,39.2,39.7,39.6,40,39.8,39.5,39.3,39.2,-9999,-9999,-9999,-9999,-9999,-9999,-9999,-9999,-9999,9.246460914611816
"2025-06-19 17:23:43",39.3,39.3,38.8,39.2,39.7,39.5,40,39.8,39.5,39.3,39.2,-9999,-9999,-9999,-9999,-9999,-9999,-9999,-9999,-9999,9.24655532836914
"2025-06-19 17:23:50",39.3,39.2,38.8,39.1,39.7,39.5,40,39.8,39.5,39.3,39.2,-9999,-9999,-9999,-9999,-9999,-9999,-9999,-9999,-9999,9.247488975524902
"2025-06-19 17:23:53",39.3,39.2,38.8,39.1,39.7,39.5,40,39.8,39.5,39.3,39.2,-9999,-9999,-9999,-9999,-9999,-9999,-9999,-9999,-9999,9.247281074523926
"2025-06-19 17:24:00",39.3,39.2,38.8,39.1,39.6,39.5,40,39.8,39.4,39.3,39.2,-9999,-9999,-9999,-9999,-9999,-9999,-9999,-9999,-9999,9.246482849121094
"2025-06-19 17:24:04",39.3,39.2,38.8,39.1,39.6,39.5,40,39.7,39.4,39.3,39.2,-9999,-9999,-9999,-9999,-9999,-9999,-9999,-9999,-9999,9.246896743774414
"2025-06-19 17:24:11",39.3,39.2,38.7,39.1,39.6,39.5,40,39.7,39.4,39.3,39.2,-9999,-9999,-9999,-9999,-9999,-9999,-9999,-9999,-9999,9.247178077697754
"2025-06-19 17:24:14",39.3,39.2,38.7,39.1,39.6,39.5,40,39.7,39.4,39.3,39.2,-9999,-9999,-9999,-9999,-9999,-9999,-9999,-9999,-9999,9.247178077697754
"2025-06-19 17:24:21",39.2,39.2,38.7,39.1,39.6,39.5,39.9,39.7,39.4,39.3,39.2,-9999,-9999,-9999,-9999,-9999,-9999,-9999,-9999,-9999,9.247164726257324
"2025-06-19 17:24:25",39.2,39.2,38.7,39.1,39.6,39.5,39.9,39.7,39.4,39.2,39.2,-9999,-9999,-9999,-9999,-9999,-9999,-9999,-9999,-9999,9.24772834777832
"2025-06-19 17:24:32",39.2,39.2,38.7,39.1,39.6,39.4,39.9,39.7,39.4,39.2,39.1,-9999,-9999,-9999,-9999,-9999,-9999,-9999,-9999,-9999,9.247925758361816
"2025-06-19 17:24:35",39.2,39.2,38.7,39.1,39.6,39.4,39.9,39.7,39.4,39.2,39.1,-9999,-9999,-9999,-9999,-9999,-9999,-9999,-9999,-9999,9.248054504394531
"2025-06-19 17:24:42",39.2,39.1,38.7,39.1,39.5,39.4,39.9,39.6,39.4,39.2,39.1,-9999,-9999,-9999,-9999,-9999,-9999,-9999,-9999,-9999,9.248337745666504
"2025-06-19 17:24:45",39.2,39.1,38.7,39.1,39.5,39.4,39.9,39.6,39.3,39.2,39.1,-9999,-9999,-9999,-9999,-9999,-9999,-9999,-9999,-9999,9.248764991760254
"2025-06-19 17:24:52",39.2,39.1,38.7,39.1,39.5,39.4,39.9,39.6,39.4,39.2,39.1,-9999,-9999,-9999,-9999,-9999,-9999,-9999,-9999,-9999,9.247787475585938
"2025-06-19 17:24:56",39.2,39.1,38.7,39,39.5,39.4,39.9,39.6,39.4,39.2,39.1,-9999,-9999,-9999,-9999,-9999,-9999,-9999,-9999,-9999,9.247736930847168
"2025-06-19 17:25:03",39.2,39.1,38.7,39,39.5,39.4,39.8,39.6,39.3,39.2,39.1,-9999,-9999,-9999,-9999,-9999,-9999,-9999,-9999,-9999,9.248786926269531
"2025-06-19 17:25:06",39.2,39.1,38.6,39,39.5,39.4,39.8,39.6,39.3,39.2,39.1,-9999,-9999,-9999,-9999,-9999,-9999,-9999,-9999,-9999,9.24885082244873
"2025-06-19 17:25:13",39.2,39.1,38.6,39,39.5,39.4,39.8,39.6,39.3,39.2,39,-9999,-9999,-9999,-9999,-9999,-9999,-9999,-9999,-9999,9.24819278717041
"2025-06-19 17:25:16",39.2,39.1,38.6,39,39.5,39.4,39.8,39.6,39.3,39.1,39.1,-9999,-9999,-9999,-9999,-9999,-9999,-9999,-9999,-9999,9.248598098754883
"2025-06-19 17:25:24",39.2,39.1,38.6,39,39.5,39.3,39.8,39.6,39.3,39.1,39,-9999,-9999,-9999,-9999,-9999,-9999,-9999,-9999,-9999,9.24897575378418
"2025-06-19 17:25:27",39.1,39.1,38.6,39,39.5,39.4,39.8,39.6,39.3,39.1,39,-9999,-9999,-9999,-9999,-9999,-9999,-9999,-9999,-9999,9.248923301696777
"2025-06-19 17:25:34",39.2,39.1,38.6,39,39.5,39.3,39.8,39.6,39.3,39.1,39,-9999,-9999,-9999,-9999,-9999,-9999,-9999,-9999,-9999,9.248960494995117
"2025-06-19 17:25:37",39.1,39,38.6,39,39.5,39.3,39.8,39.6,39.3,39.1,39,-9999,-9999,-9999,-9999,-9999,-9999,-9999,-9999,-9999,9.248786926269531
"2025-06-19 17:25:44",39.1,39.1,38.6,39,39.4,39.3,39.8,39.6,39.3,39.1,39,-9999,-9999,-9999,-9999,-9999,-9999,-9999,-9999,-9999,9.249127388000488
"2025-06-19 17:25:48",39.1,39,38.6,39,39.4,39.3,39.8,39.5,39.2,39.1,39,-9999,-9999,-9999,-9999,-9999,-9999,-9999,-9999,-9999,9.2496337890625
"2025-06-19 17:25:55",39.1,39,38.6,38.9,39.4,39.3,39.8,39.5,39.2,39.1,39,-9999,-9999,-9999,-9999,-9999,-9999,-9999,-9999,-9999,9.249532699584961
"2025-06-19 17:25:58",39.1,39,38.6,38.9,39.4,39.3,39.8,39.5,39.2,39.1,39,-9999,-9999,-9999,-9999,-9999,-9999,-9999,-9999,-9999,9.249105453491211
"2025-06-19 17:26:05",39,39,38.5,38.9,39.4,39.3,39.7,39.5,39.2,39.1,39,-9999,-9999,-9999,-9999,-9999,-9999,-9999,-9999,-9999,9.249067306518555
"2025-06-19 17:26:08",39.1,39,38.6,38.9,39.4,39.3,39.7,39.5,39.2,39.1,39,-9999,-9999,-9999,-9999,-9999,-9999,-9999,-9999,-9999,9.248743057250977
"2025-06-19 17:26:15",39.1,39,38.5,38.9,39.4,39.3,39.7,39.5,39.2,39,39,-9999,-9999,-9999,-9999,-9999,-9999,-9999,-9999,-9999,9.249517440795898
"2025-06-19 17:26:19",39.1,39,38.5,38.9,39.4,39.2,39.7,39.5,39.2,39,39,-9999,-9999,-9999,-9999,-9999,-9999,-9999,-9999,-9999,9.249959945678711
"2025-06-19 17:26:26",39,39,38.5,38.9,39.4,39.3,39.7,39.5,39.2,39,39,-9999,-9999,-9999,-9999,-9999,-9999,-9999,-9999,-9999,9.249567985534668
"2025-06-19 17:26:29",39.1,39,38.5,38.9,39.4,39.3,39.7,39.5,39.2,39,38.9,-9999,-9999,-9999,-9999,-9999,-9999,-9999,-9999,-9999,9.249959945678711
"2025-06-19 17:26:36",39,38.9,38.5,38.9,39.4,39.2,39.7,39.4,39.2,39,38.9,-9999,-9999,-9999,-9999,-9999,-9999,-9999,-9999,-9999,9.249699592590332
"2025-06-19 17:26:40",39,38.9,38.5,38.9,39.4,39.2,39.7,39.4,39.2,39,38.9,-9999,-9999,-9999,-9999,-9999,-9999,-9999,-9999,-9999,9.250227928161621
"2025-06-19 17:26:47",39,38.9,38.5,38.9,39.3,39.2,39.6,39.4,39.2,39,38.9,-9999,-9999,-9999,-9999,-9999,-9999,-9999,-9999,-9999,9.25045108795166
"2025-06-19 17:26:50",39,39,38.5,38.9,39.3,39.2,39.7,39.4,39.2,39,38.9,-9999,-9999,-9999,-9999,-9999,-9999,-9999,-9999,-9999,9.250683784484863
"2025-06-19 17:26:57",39,38.9,38.5,38.9,39.3,39.2,39.7,39.4,39.1,39,38.9,-9999,-9999,-9999,-9999,-9999,-9999,-9999,-9999,-9999,9.25070571899414
"2025-06-19 17:27:00",39,38.9,38.5,38.9,39.3,39.2,39.6,39.4,39.2,39,38.9,-9999,-9999,-9999,-9999,-9999,-9999,-9999,-9999,-9999,9.25053882598877
"2025-06-19 17:27:07",39,38.9,38.5,38.8,39.3,39.2,39.6,39.4,39.2,39,38.9,-9999,-9999,-9999,-9999,-9999,-9999,-9999,-9999,-9999,9.250677108764648
"2025-06-19 17:27:11",39,38.9,38.5,38.9,39.3,39.2,39.6,39.4,39.1,39,38.9,-9999,-9999,-9999,-9999,-9999,-9999,-9999,-9999,-9999,9.251111030578613
"2025-06-19 17:27:18",39,38.9,38.5,38.9,39.3,39.2,39.6,39.4,39.1,39,38.9,-9999,-9999,-9999,-9999,-9999,-9999,-9999,-9999,-9999,9.251473426818848
"2025-06-19 17:27:21",39,38.9,38.5,38.8,39.3,39.2,39.6,39.4,39.1,39,38.9,-9999,-9999,-9999,-9999,-9999,-9999,-9999,-9999,-9999,9.251299858093262
"2025-06-19 17:27:28",39,38.9,38.5,38.8,39.3,39.1,39.6,39.4,39.1,38.9,38.9,-9999,-9999,-9999,-9999,-9999,-9999,-9999,-9999,-9999,9.250494956970215
"2025-06-19 17:27:31",39,38.9,38.5,38.8,39.3,39.1,39.6,39.4,39.1,38.9,38.8,-9999,-9999,-9999,-9999,-9999,-9999,-9999,-9999,-9999,9.251313209533691
"2025-06-19 17:27:38",39,38.9,38.5,38.8,39.3,39.2,39.6,39.4,39.1,38.9,38.8,-9999,-9999,-9999,-9999,-9999,-9999,-9999,-9999,-9999,9.251957893371582
"2025-06-19 17:27:42",39,38.9,38.5,38.8,39.3,39.1,39.6,39.4,39.1,38.9,38.9,-9999,-9999,-9999,-9999,-9999,-9999,-9999,-9999,-9999,9.251733779907227
"2025-06-19 17:27:49",39,38.9,38.5,38.8,39.3,39.1,39.6,39.4,39.1,38.9,38.9,-9999,-9999,-9999,-9999,-9999,-9999,-9999,-9999,-9999,9.252060890197754
"2025-06-19 17:27:52",38.9,38.9,38.4,38.8,39.3,39.1,39.6,39.4,39.1,38.9,38.8,-9999,-9999,-9999,-9999,-9999,-9999,-9999,-9999,-9999,9.25235652923584
"2025-06-19 17:27:59",39,38.9,38.5,38.8,39.2,39.1,39.6,39.3,39.1,38.9,38.8,-9999,-9999,-9999,-9999,-9999,-9999,-9999,-9999,-9999,9.25235652923584
"2025-06-19 17:28:03",38.9,38.9,38.4,38.8,39.2,39.1,39.6,39.3,39.1,38.9,38.8,-9999,-9999,-9999,-9999,-9999,-9999,-9999,-9999,-9999,9.251907348632812
"2025-06-19 17:28:10",38.9,38.9,38.4,38.8,39.2,39.1,39.6,39.3,39.1,38.9,38.8,-9999,-9999,-9999,-9999,-9999,-9999,-9999,-9999,-9999,9.252799987792969
"2025-06-19 17:28:13",39,38.9,38.4,38.8,39.2,39.1,39.6,39.3,39.1,38.9,38.8,-9999,-9999,-9999,-9999,-9999,-9999,-9999,-9999,-9999,9.253255844116211
"2025-06-19 17:28:20",38.9,38.9,38.4,38.8,39.2,39.1,39.6,39.3,39.1,38.9,38.8,-9999,-9999,-9999,-9999,-9999,-9999,-9999,-9999,-9999,9.252935409545898
"2025-06-19 17:28:23",38.9,38.9,38.4,38.8,39.2,39.1,39.5,39.3,39,38.9,38.8,-9999,-9999,-9999,-9999,-9999,-9999,-9999,-9999,-9999,9.252450942993164
"2025-06-19 17:28:30",38.9,38.8,38.4,38.8,39.2,39.1,39.5,39.3,39.1,38.9,38.8,-9999,-9999,-9999,-9999,-9999,-9999,-9999,-9999,-9999,9.252943992614746
"2025-06-19 17:28:34",38.9,38.8,38.4,38.8,39.2,39.1,39.5,39.3,39.1,38.9,38.8,-9999,-9999,-9999,-9999,-9999,-9999,-9999,-9999,-9999,9.252957344055176
"2025-06-19 17:28:41",38.9,38.9,38.4,38.8,39.2,39.1,39.6,39.3,39,38.9,38.8,-9999,-9999,-9999,-9999,-9999,-9999,-9999,-9999,-9999,9.252922058105469
"2025-06-19 17:28:44",38.9,38.9,38.4,38.8,39.2,39.1,39.5,39.3,39,38.9,38.8,-9999,-9999,-9999,-9999,-9999,-9999,-9999,-9999,-9999,9.253674507141113
"2025-06-19 17:28:51",38.9,38.9,38.4,38.8,39.2,39.1,39.5,39.3,39.1,38.8,38.8,-9999,-9999,-9999,-9999,-9999,-9999,-9999,-9999,-9999,9.253951072692871
"2025-06-19 17:28:54",38.9,38.9,38.4,38.8,39.2,39.1,39.5,39.3,39,38.8,38.8,-9999,-9999,-9999,-9999,-9999,-9999,-9999,-9999,-9999,9.253951072692871
"2025-06-19 17:29:01",38.9,38.8,38.4,38.8,39.2,39.1,39.5,39.3,39,38.8,38.8,-9999,-9999,-9999,-9999,-9999,-9999,-9999,-9999,-9999,9.253755569458008
"2025-06-19 17:29:05",38.9,38.8,38.4,38.8,39.2,39.1,39.5,39.3,39,38.8,38.8,-9999,-9999,-9999,-9999,-9999,-9999,-9999,-9999,-9999,9.253790855407715
"2025-06-19 17:29:12",38.9,38.8,38.4,38.8,39.2,39.1,39.5,39.3,39,38.8,38.8,-9999,-9999,-9999,-9999,-9999,-9999,-9999,-9999,-9999,9.253755569458008
"2025-06-19 17:29:15",38.9,38.8,38.4,38.8,39.2,39.1,39.5,39.3,39,38.8,38.8,-9999,-9999,-9999,-9999,-9999,-9999,-9999,-9999,-9999,9.253951072692871
"2025-06-19 17:29:22",38.9,38.9,38.4,38.8,39.2,39.1,39.5,39.3,39,38.8,38.8,-9999,-9999,-9999,-9999,-9999,-9999,-9999,-9999,-9999,9.255095481872559
"2025-06-19 17:29:26",38.9,38.8,38.4,38.8,39.2,39.1,39.5,39.3,39,38.8,38.8,-9999,-9999,-9999,-9999,-9999,-9999,-9999,-9999,-9999,9.255463600158691
"2025-06-19 17:29:33",39,38.8,38.4,38.8,39.2,39.1,39.5,39.3,39,38.8,38.8,-9999,-9999,-9999,-9999,-9999,-9999,-9999,-9999,-9999,9.255073547363281
"2025-06-19 17:29:36",38.9,38.8,38.4,38.8,39.2,39.1,39.5,39.3,39,38.8,38.8,-9999,-9999,-9999,-9999,-9999,-9999,-9999,-9999,-9999,9.255340576171875
"2025-06-19 17:29:43",38.9,38.8,38.4,38.8,39.2,39,39.5,39.3,39,38.8,38.8,-9999,-9999,-9999,-9999,-9999,-9999,-9999,-9999,-9999,9.255340576171875
"2025-06-19 17:29:46",38.9,38.8,38.4,38.8,39.2,39.1,39.5,39.3,39,38.8,38.8,-9999,-9999,-9999,-9999,-9999,-9999,-9999,-9999,-9999,9.255413055419922
"2025-06-19 17:29:53",38.9,38.8,38.4,38.8,39.2,39.1,39.5,39.3,39,38.8,38.8,-9999,-9999,-9999,-9999,-9999,-9999,-9999,-9999,-9999,9.255912780761719
"2025-06-19 17:29:57",38.9,38.8,38.4,38.8,39.2,39,39.5,39.3,39,38.8,38.8,-9999,-9999,-9999,-9999,-9999,-9999,-9999,-9999,-9999,9.255731582641602
"2025-06-19 17:30:04",38.9,38.8,38.4,38.8,39.2,39,39.5,39.3,39,38.8,38.7,-9999,-9999,-9999,-9999,-9999,-9999,-9999,-9999,-9999,9.256051063537598
"2025-06-19 17:30:07",38.9,38.8,38.4,38.8,39.2,39,39.5,39.3,39,38.8,38.7,-9999,-9999,-9999,-9999,-9999,-9999,-9999,-9999,-9999,9.2561674118042
"2025-06-19 17:30:14",38.9,38.8,38.4,38.8,39.2,39.1,39.5,39.3,39,38.8,38.8,-9999,-9999,-9999,-9999,-9999,-9999,-9999,-9999,-9999,9.256963729858398
"2025-06-19 17:30:18",38.9,38.8,38.4,38.8,39.2,39,39.5,39.3,39,38.8,38.8,-9999,-9999,-9999,-9999,-9999,-9999,-9999,-9999,-9999,9.257007598876953
"2025-06-19 17:30:25",38.9,38.8,38.4,38.8,39.2,39,39.5,39.3,39,38.8,38.7,-9999,-9999,-9999,-9999,-9999,-9999,-9999,-9999,-9999,9.25677490234375
"2025-06-19 17:30:28",38.9,38.8,38.4,38.8,39.2,39,39.5,39.3,39,38.8,38.7,-9999,-9999,-9999,-9999,-9999,-9999,-9999,-9999,-9999,9.256253242492676
"2025-06-19 17:30:35",38.9,38.8,38.4,38.8,39.2,39,39.5,39.3,39,38.8,38.8,-9999,-9999,-9999,-9999,-9999,-9999,-9999,-9999,-9999,9.257007598876953
"2025-06-19 17:30:38",38.9,38.8,38.4,38.8,39.2,39,39.5,39.3,39,38.8,38.7,-9999,-9999,-9999,-9999,-9999,-9999,-9999,-9999,-9999,9.25768756866455
"2025-06-19 17:30:45",38.9,38.8,38.4,38.8,39.2,39,39.5,39.3,39,38.8,38.8,-9999,-9999,-9999,-9999,-9999,-9999,-9999,-9999,-9999,9.25769329071045
"2025-06-19 17:30:49",38.9,38.8,38.4,38.8,39.2,39,39.5,39.3,39,38.8,38.7,-9999,-9999,-9999,-9999,-9999,-9999,-9999,-9999,-9999,9.257954597473145
"2025-06-19 17:30:56",38.9,38.8,38.4,38.8,39.2,39,39.5,39.3,39,38.8,38.7,-9999,-9999,-9999,-9999,-9999,-9999,-9999,-9999,-9999,9.257309913635254
"2025-06-19 17:30:59",38.9,38.8,38.4,38.7,39.2,39,39.5,39.3,39,38.8,38.7,-9999,-9999,-9999,-9999,-9999,-9999,-9999,-9999,-9999,9.25768756866455
"2025-06-19 17:31:06",38.9,38.8,38.4,38.8,39.1,39,39.5,39.3,39,38.8,38.7,-9999,-9999,-9999,-9999,-9999,-9999,-9999,-9999,-9999,9.258020401000977
"2025-06-19 17:31:09",38.9,38.8,38.4,38.8,39.2,39,39.5,39.3,39,38.8,38.7,-9999,-9999,-9999,-9999,-9999,-9999,-9999,-9999,-9999,9.258057594299316
"2025-06-19 17:31:16",38.9,38.8,38.4,38.8,39.2,39,39.5,39.3,39,38.8,38.7,-9999,-9999,-9999,-9999,-9999,-9999,-9999,-9999,-9999,9.258070945739746
"2025-06-19 17:31:20",38.9,38.8,38.4,38.8,39.2,39,39.5,39.3,39,38.8,38.7,-9999,-9999,-9999,-9999,-9999,-9999,-9999,-9999,-9999,9.257875442504883
"2025-06-19 17:31:27",38.9,38.8,38.4,38.8,39.1,39,39.5,39.3,39,38.8,38.7,-9999,-9999,-9999,-9999,-9999,-9999,-9999,-9999,-9999,9.25862979888916
"2025-06-19 17:31:30",38.9,38.8,38.4,38.8,39.2,39,39.5,39.3,39,38.8,38.7,-9999,-9999,-9999,-9999,-9999,-9999,-9999,-9999,-9999,9.258997917175293
"2025-06-19 17:31:37",38.9,38.8,38.4,38.8,39.1,39,39.5,39.3,39,38.8,38.7,-9999,-9999,-9999,-9999,-9999,-9999,-9999,-9999,-9999,9.25910758972168
"2025-06-19 17:31:41",38.9,38.8,38.4,38.7,39.1,39,39.5,39.3,39,38.8,38.7,-9999,-9999,-9999,-9999,-9999,-9999,-9999,-9999,-9999,9.25927448272705
"2025-06-19 17:31:48",38.9,38.8,38.4,38.8,39.1,39,39.5,39.3,39,38.8,38.7,-9999,-9999,-9999,-9999,-9999,-9999,-9999,-9999,-9999,9.259520530700684
"2025-06-19 17:31:51",38.9,38.8,38.4,38.8,39.2,39,39.5,39.3,39,38.8,38.7,-9999,-9999,-9999,-9999,-9999,-9999,-9999,-9999,-9999,9.259542465209961
"2025-06-19 17:31:58",38.9,38.8,38.4,38.8,39.2,39,39.5,39.3,39,38.8,38.7,-9999,-9999,-9999,-9999,-9999,-9999,-9999,-9999,-9999,9.260011672973633
"2025-06-19 17:32:01",38.9,38.8,38.4,38.8,39.1,39,39.5,39.3,39,38.8,38.7,-9999,-9999,-9999,-9999,-9999,-9999,-9999,-9999,-9999,9.259831428527832
"2025-06-19 17:32:08",38.9,38.8,38.4,38.7,39.1,39,39.5,39.3,39,38.8,38.7,-9999,-9999,-9999,-9999,-9999,-9999,-9999,-9999,-9999,9.259586334228516
"2025-06-19 17:32:12",38.9,38.8,38.4,38.8,39.2,39,39.5,39.3,39,38.8,38.7,-9999,-9999,-9999,-9999,-9999,-9999,-9999,-9999,-9999,9.259772300720215
"2025-06-19 17:32:19",38.9,38.8,38.4,38.8,39.1,39,39.5,39.3,39,38.8,38.7,-9999,-9999,-9999,-9999,-9999,-9999,-9999,-9999,-9999,9.260438919067383
"2025-06-19 17:32:22",38.9,38.8,38.4,38.8,39.1,39,39.5,39.2,39,38.8,38.7,-9999,-9999,-9999,-9999,-9999,-9999,-9999,-9999,-9999,9.259919166564941
"2025-06-19 17:32:29",38.9,38.8,38.4,38.8,39.1,39,39.5,39.3,39,38.8,38.7,-9999,-9999,-9999,-9999,-9999,-9999,-9999,-9999,-9999,9.261353492736816
"2025-06-19 17:32:32",38.9,38.8,38.4,38.8,39.1,39,39.4,39.2,39,38.8,38.7,-9999,-9999,-9999,-9999,-9999,-9999,-9999,-9999,-9999,9.26088809967041
"2025-06-19 17:32:40",38.9,38.8,38.4,38.7,39.1,39,39.5,39.2,39,38.8,38.7,-9999,-9999,-9999,-9999,-9999,-9999,-9999,-9999,-9999,9.260555267333984
"2025-06-19 17:32:43",38.9,38.8,38.4,38.8,39.1,39,39.5,39.2,39,38.8,38.7,-9999,-9999,-9999,-9999,-9999,-9999,-9999,-9999,-9999,9.261048316955566
"2025-06-19 17:32:50",38.9,38.8,38.4,38.8,39.1,39,39.5,39.2,39,38.8,38.7,-9999,-9999,-9999,-9999,-9999,-9999,-9999,-9999,-9999,9.261466979980469
"2025-06-19 17:32:53",38.9,38.8,38.4,38.8,39.1,39,39.5,39.2,39,38.8,38.7,-9999,-9999,-9999,-9999,-9999,-9999,-9999,-9999,-9999,9.261954307556152
"2025-06-19 17:33:00",38.9,38.8,38.4,38.8,39.1,39,39.5,39.2,39,38.8,38.7,-9999,-9999,-9999,-9999,-9999,-9999,-9999,-9999,-9999,9.261548042297363
"2025-06-19 17:33:04",38.9,38.8,38.4,38.8,39.1,39,39.5,39.2,39,38.8,38.7,-9999,-9999,-9999,-9999,-9999,-9999,-9999,-9999,-9999,9.261758804321289
"2025-06-19 17:33:11",38.9,38.8,38.4,38.7,39.1,39,39.5,39.2,39,38.8,38.7,-9999,-9999,-9999,-9999,-9999,-9999,-9999,-9999,-9999,9.262192726135254
"2025-06-19 17:33:14",38.9,38.8,38.4,38.7,39.1,39,39.5,39.3,39,38.8,38.7,-9999,-9999,-9999,-9999,-9999,-9999,-9999,-9999,-9999,9.262786865234375
"2025-06-19 17:33:21",38.9,38.8,38.4,38.7,39.1,39,39.4,39.3,39,38.8,38.7,-9999,-9999,-9999,-9999,-9999,-9999,-9999,-9999,-9999,9.262206077575684
"2025-06-19 17:33:24",38.9,38.8,38.4,38.8,39.1,39,39.4,39.3,39,38.8,38.7,-9999,-9999,-9999,-9999,-9999,-9999,-9999,-9999,-9999,9.262721061706543
"2025-06-19 17:33:31",38.9,38.8,38.4,38.7,39.1,39,39.4,39.2,39,38.8,38.7,-9999,-9999,-9999,-9999,-9999,-9999,-9999,-9999,-9999,9.262228012084961
"2025-06-19 17:33:35",38.9,38.8,38.4,38.8,39.1,39,39.5,39.2,39,38.8,38.7,-9999,-9999,-9999,-9999,-9999,-9999,-9999,-9999,-9999,9.262589454650879
"2025-06-19 17:33:42",38.9,38.8,38.4,38.8,39.1,39,39.5,39.2,39,38.8,38.7,-9999,-9999,-9999,-9999,-9999,-9999,-9999,-9999,-9999,9.262822151184082
"2025-06-19 17:33:45",38.9,38.8,38.4,38.8,39.1,39,39.4,39.2,39,38.8,38.7,-9999,-9999,-9999,-9999,-9999,-9999,-9999,-9999,-9999,9.262837409973145
"2025-06-19 17:33:52",38.9,38.8,38.4,38.8,39.1,39,39.5,39.2,39,38.8,38.7,-9999,-9999,-9999,-9999,-9999,-9999,-9999,-9999,-9999,9.263517379760742
"2025-06-19 17:33:56",38.9,38.8,38.4,38.8,39.1,39,39.5,39.2,39,38.8,38.7,-9999,-9999,-9999,-9999,-9999,-9999,-9999,-9999,-9999,9.26370620727539
"2025-06-19 17:34:03",38.9,38.8,38.4,38.8,39.1,39,39.5,39.2,39,38.8,38.7,-9999,-9999,-9999,-9999,-9999,-9999,-9999,-9999,-9999,9.26400375366211
"2025-06-19 17:34:06",38.9,38.8,38.4,38.8,39.1,39,39.5,39.2,39,38.8,38.7,-9999,-9999,-9999,-9999,-9999,-9999,-9999,-9999,-9999,9.264344215393066
"2025-06-19 17:34:13",38.9,38.8,38.4,38.8,39.1,39,39.5,39.2,39,38.8,38.7,-9999,-9999,-9999,-9999,-9999,-9999,-9999,-9999,-9999,9.263937950134277
"2025-06-19 17:34:16",38.9,38.8,38.4,38.8,39.1,39,39.5,39.2,39,38.8,38.7,-9999,-9999,-9999,-9999,-9999,-9999,-9999,-9999,-9999,9.263800621032715
"2025-06-19 17:34:23",38.9,38.8,38.4,38.8,39.1,39,39.5,39.2,39,38.8,38.7,-9999,-9999,-9999,-9999,-9999,-9999,-9999,-9999,-9999,9.264451026916504
"2025-06-19 17:34:27",38.9,38.8,38.4,38.8,39.1,39,39.4,39.2,39,38.8,38.7,-9999,-9999,-9999,-9999,-9999,-9999,-9999,-9999,-9999,9.26443862915039
"2025-06-19 17:34:34",38.9,38.8,38.4,38.8,39.1,39,39.4,39.2,38.9,38.8,38.7,-9999,-9999,-9999,-9999,-9999,-9999,-9999,-9999,-9999,9.264595985412598
"2025-06-19 17:34:37",38.9,38.8,38.4,38.8,39.1,39,39.4,39.2,39,38.8,38.7,-9999,-9999,-9999,-9999,-9999,-9999,-9999,-9999,-9999,9.2648286819458
"2025-06-19 17:34:44",38.9,38.8,38.4,38.8,39.1,39,39.5,39.3,39,38.8,38.7,-9999,-9999,-9999,-9999,-9999,-9999,-9999,-9999,-9999,9.265146255493164
"2025-06-19 17:34:47",38.9,38.8,38.4,38.7,39.1,39,39.4,39.2,39,38.8,38.7,-9999,-9999,-9999,-9999,-9999,-9999,-9999,-9999,-9999,9.265161514282227
"2025-06-19 17:34:54",38.9,38.8,38.4,38.8,39.1,39,39.5,39.2,39,38.8,38.7,-9999,-9999,-9999,-9999,-9999,-9999,-9999,-9999,-9999,9.265567779541016
"2025-06-19 17:34:58",38.9,38.8,38.4,38.8,39.1,39,39.5,39.2,39,38.8,38.7,-9999,-9999,-9999,-9999,-9999,-9999,-9999,-9999,-9999,9.265429496765137
"2025-06-19 17:35:05",38.9,38.8,38.4,38.8,39.1,39,39.5,39.2,39,38.8,38.7,-9999,-9999,-9999,-9999,-9999,-9999,-9999,-9999,-9999,9.265618324279785
"2025-06-19 17:35:08",38.9,38.8,38.4,38.8,39.1,39,39.4,39.2,39,38.8,38.7,-9999,-9999,-9999,-9999,-9999,-9999,-9999,-9999,-9999,9.266074180603027
"2025-06-19 17:35:15",38.9,38.8,38.4,38.8,39.1,39,39.4,39.2,39,38.8,38.7,-9999,-9999,-9999,-9999,-9999,-9999,-9999,-9999,-9999,9.266674995422363
"2025-06-19 17:35:19",38.9,38.8,38.4,38.8,39.1,39,39.4,39.2,39,38.8,38.7,-9999,-9999,-9999,-9999,-9999,-9999,-9999,-9999,-9999,9.266023635864258
"2025-06-19 17:35:26",38.9,38.8,38.4,38.8,39.1,39,39.5,39.2,39,38.8,38.7,-9999,-9999,-9999,-9999,-9999,-9999,-9999,-9999,-9999,9.266155242919922
"2025-06-19 17:35:29",38.9,38.8,38.4,38.8,39.1,39,39.5,39.2,39,38.8,38.7,-9999,-9999,-9999,-9999,-9999,-9999,-9999,-9999,-9999,9.266400337219238
"2025-06-19 17:35:36",38.9,38.8,38.4,38.7,39.1,39,39.4,39.2,39,38.8,38.7,-9999,-9999,-9999,-9999,-9999,-9999,-9999,-9999,-9999,9.265944480895996
"2025-06-19 17:35:39",38.9,38.8,38.4,38.8,39.1,39,39.5,39.2,39,38.8,38.7,-9999,-9999,-9999,-9999,-9999,-9999,-9999,-9999,-9999,9.266133308410645
"2025-06-19 17:35:46",38.9,38.8,38.4,38.8,39.1,39,39.4,39.2,39,38.8,38.7,-9999,-9999,-9999,-9999,-9999,-9999,-9999,-9999,-9999,9.267146110534668
"2025-06-19 17:35:50",38.9,38.8,38.4,38.7,39.1,39,39.4,39.2,39,38.8,38.7,-9999,-9999,-9999,-9999,-9999,-9999,-9999,-9999,-9999,9.267001152038574
"2025-06-19 17:35:57",38.9,38.8,38.4,38.7,39.1,39,39.4,39.2,39,38.8,38.7,-9999,-9999,-9999,-9999,-9999,-9999,-9999,-9999,-9999,9.267146110534668
"2025-06-19 17:36:00",38.9,38.8,38.4,38.8,39.1,39,39.5,39.2,39,38.8,38.7,-9999,-9999,-9999,-9999,-9999,-9999,-9999,-9999,-9999,9.267203330993652
"2025-06-19 17:36:07",38.9,38.8,38.4,38.8,39.1,39,39.4,39.2,39,38.8,38.7,-9999,-9999,-9999,-9999,-9999,-9999,-9999,-9999,-9999,9.267370223999023
"2025-06-19 17:36:10",38.9,38.8,38.4,38.7,39.1,39,39.4,39.2,38.9,38.8,38.7,-9999,-9999,-9999,-9999,-9999,-9999,-9999,-9999,-9999,9.267661094665527
"2025-06-19 17:36:18",38.9,38.8,38.4,38.8,39.1,39,39.5,39.2,39,38.8,38.7,-9999,-9999,-9999,-9999,-9999,-9999,-9999,-9999,-9999,9.267790794372559
"2025-06-19 17:36:21",38.9,38.8,38.4,38.8,39.1,39,39.4,39.2,39,38.8,38.7,-9999,-9999,-9999,-9999,-9999,-9999,-9999,-9999,-9999,9.267935752868652
"2025-06-19 17:36:28",38.9,38.8,38.4,38.8,39.1,39,39.4,39.2,39,38.8,38.7,-9999,-9999,-9999,-9999,-9999,-9999,-9999,-9999,-9999,9.267848014831543
"2025-06-19 17:36:31",38.9,38.8,38.4,38.8,39.2,39,39.4,39.2,39,38.8,38.7,-9999,-9999,-9999,-9999,-9999,-9999,-9999,-9999,-9999,9.268290519714355
"2025-06-19 17:36:38",38.9,38.8,38.4,38.7,39.1,39,39.4,39.2,38.9,38.8,38.7,-9999,-9999,-9999,-9999,-9999,-9999,-9999,-9999,-9999,9.269370079040527
"2025-06-19 17:36:42",38.9,38.8,38.4,38.8,39.1,39,39.5,39.2,39,38.8,38.7,-9999,-9999,-9999,-9999,-9999,-9999,-9999,-9999,-9999,9.268884658813477
"2025-06-19 17:36:49",38.9,38.8,38.4,38.8,39.1,39,39.4,39.2,39,38.8,38.7,-9999,-9999,-9999,-9999,-9999,-9999,-9999,-9999,-9999,9.26856517791748
"2025-06-19 17:36:52",38.9,38.8,38.4,38.8,39.1,39,39.5,39.2,39,38.7,38.7,-9999,-9999,-9999,-9999,-9999,-9999,-9999,-9999,-9999,9.268086433410645
"2025-06-19 17:36:59",38.9,38.8,38.4,38.8,39.1,39,39.4,39.2,39,38.8,38.7,-9999,-9999,-9999,-9999,-9999,-9999,-9999,-9999,-9999,9.268731117248535
"2025-06-19 17:37:02",38.9,38.8,38.4,38.8,39.1,39,39.5,39.2,39,38.8,38.7,-9999,-9999,-9999,-9999,-9999,-9999,-9999,-9999,-9999,9.269058227539062
"2025-06-19 17:37:09",38.9,38.8,38.4,38.8,39.1,39,39.5,39.2,39,38.8,38.7,-9999,-9999,-9999,-9999,-9999,-9999,-9999,-9999,-9999,9.269797325134277
"2025-06-19 17:37:13",38.9,38.8,38.4,38.8,39.1,39,39.5,39.2,39,38.8,38.7,-9999,-9999,-9999,-9999,-9999,-9999,-9999,-9999,-9999,9.268884658813477
"2025-06-19 17:37:20",38.9,38.8,38.4,38.8,39.1,39,39.4,39.2,39,38.8,38.7,-9999,-9999,-9999,-9999,-9999,-9999,-9999,-9999,-9999,9.26945686340332
"2025-06-19 17:37:23",38.9,38.8,38.4,38.8,39.1,39,39.5,39.2,39,38.8,38.7,-9999,-9999,-9999,-9999,-9999,-9999,-9999,-9999,-9999,9.269397735595703
"2025-06-19 17:37:30",38.9,38.8,38.4,38.8,39.1,39,39.5,39.2,39,38.8,38.7,-9999,-9999,-9999,-9999,-9999,-9999,-9999,-9999,-9999,9.270724296569824
"2025-06-19 17:37:34",38.9,38.8,38.4,38.8,39.1,39,39.5,39.2,39,38.8,38.7,-9999,-9999,-9999,-9999,-9999,-9999,-9999,-9999,-9999,9.270013809204102
"2025-06-19 17:37:41",38.9,38.8,38.4,38.8,39.1,39,39.5,39.3,39,38.8,38.7,-9999,-9999,-9999,-9999,-9999,-9999,-9999,-9999,-9999,9.27023983001709
"2025-06-19 17:37:44",38.9,38.8,38.4,38.8,39.1,39,39.5,39.2,39,38.8,38.7,-9999,-9999,-9999,-9999,-9999,-9999,-9999,-9999,-9999,9.270709037780762
"2025-06-19 17:37:51",38.9,38.8,38.4,38.8,39.1,39,39.5,39.2,39,38.8,38.7,-9999,-9999,-9999,-9999,-9999,-9999,-9999,-9999,-9999,9.270404815673828
"2025-06-19 17:37:54",38.9,38.8,38.4,38.8,39.1,39,39.4,39.2,39,38.8,38.7,-9999,-9999,-9999,-9999,-9999,-9999,-9999,-9999,-9999,9.27120304107666
"2025-06-19 17:38:01",38.9,38.8,38.4,38.8,39.1,39,39.5,39.2,39,38.8,38.7,-9999,-9999,-9999,-9999,-9999,-9999,-9999,-9999,-9999,9.271143913269043
"2025-06-19 17:38:05",38.9,38.8,38.4,38.8,39.1,39,39.5,39.2,39,38.8,38.7,-9999,-9999,-9999,-9999,-9999,-9999,-9999,-9999,-9999,9.271775245666504
"2025-06-19 17:38:12",38.9,38.8,38.4,38.8,39.1,39,39.4,39.2,39,38.8,38.7,-9999,-9999,-9999,-9999,-9999,-9999,-9999,-9999,-9999,9.271137237548828
"2025-06-19 17:38:15",38.9,38.8,38.4,38.8,39.1,39,39.5,39.2,39,38.8,38.7,-9999,-9999,-9999,-9999,-9999,-9999,-9999,-9999,-9999,9.271042823791504
"2025-06-19 17:38:22",38.9,38.8,38.4,38.8,39.1,39,39.4,39.2,39,38.8,38.7,-9999,-9999,-9999,-9999,-9999,-9999,-9999,-9999,-9999,9.27176570892334
"2025-06-19 17:38:25",38.9,38.8,38.4,38.8,39.1,39,39.5,39.3,39,38.8,38.7,-9999,-9999,-9999,-9999,-9999,-9999,-9999,-9999,-9999,9.27196979522705
"2025-06-19 17:38:33",38.9,38.8,38.4,38.8,39.1,39,39.5,39.3,39,38.8,38.7,-9999,-9999,-9999,-9999,-9999,-9999,-9999,-9999,-9999,9.27205753326416
"2025-06-19 17:38:36",38.9,38.8,38.4,38.8,39.1,39,39.4,39.2,39,38.8,38.7,-9999,-9999,-9999,-9999,-9999,-9999,-9999,-9999,-9999,9.272244453430176
"2025-06-19 17:38:43",38.9,38.8,38.4,38.8,39.1,39,39.5,39.2,39,38.8,38.7,-9999,-9999,-9999,-9999,-9999,-9999,-9999,-9999,-9999,9.272209167480469
"2025-06-19 17:38:46",38.9,38.8,38.4,38.8,39.1,39,39.5,39.2,39,38.8,38.7,-9999,-9999,-9999,-9999,-9999,-9999,-9999,-9999,-9999,9.27271556854248
"2025-06-19 17:38:53",38.9,38.8,38.4,38.8,39.1,39,39.5,39.2,39,38.8,38.7,-9999,-9999,-9999,-9999,-9999,-9999,-9999,-9999,-9999,9.272825241088867
"2025-06-19 17:38:57",38.9,38.8,38.4,38.8,39.1,39,39.5,39.2,39,38.8,38.7,-9999,-9999,-9999,-9999,-9999,-9999,-9999,-9999,-9999,9.272526741027832
"2025-06-19 17:39:04",38.9,38.8,38.5,38.8,39.1,39,39.5,39.2,38.9,38.8,38.7,-9999,-9999,-9999,-9999,-9999,-9999,-9999,-9999,-9999,9.273027420043945
"2025-06-19 17:39:07",38.9,38.8,38.4,38.8,39.1,39,39.5,39.2,39,38.8,38.7,-9999,-9999,-9999,-9999,-9999,-9999,-9999,-9999,-9999,9.273098945617676
"2025-06-19 17:39:14",38.9,38.8,38.4,38.8,39.1,39,39.5,39.3,39,38.8,38.7,-9999,-9999,-9999,-9999,-9999,-9999,-9999,-9999,-9999,9.272759437561035
"2025-06-19 17:39:17",38.9,38.8,38.4,38.8,39.1,39,39.5,39.3,39,38.8,38.7,-9999,-9999,-9999,-9999,-9999,-9999,-9999,-9999,-9999,9.27276611328125
"2025-06-19 17:39:24",38.9,38.8,38.4,38.8,39.1,39,39.5,39.2,39,38.8,38.7,-9999,-9999,-9999,-9999,-9999,-9999,-9999,-9999,-9999,9.272796630859375
"2025-06-19 17:39:28",38.9,38.8,38.4,38.7,39.1,39,39.4,39.2,39,38.8,38.7,-9999,-9999,-9999,-9999,-9999,-9999,-9999,-9999,-9999,9.273049354553223
"2025-06-19 17:39:35",38.9,38.8,38.4,38.8,39.1,39,39.4,39.2,39,38.8,38.7,-9999,-9999,-9999,-9999,-9999,-9999,-9999,-9999,-9999,9.273324966430664
"2025-06-19 17:39:38",38.9,38.8,38.4,38.8,39.1,39,39.4,39.2,39,38.8,38.7,-9999,-9999,-9999,-9999,-9999,-9999,-9999,-9999,-9999,9.273064613342285
"2025-06-19 17:39:45",38.9,38.8,38.4,38.7,39.1,39,39.4,39.2,39,38.8,38.7,-9999,-9999,-9999,-9999,-9999,-9999,-9999,-9999,-9999,9.273533821105957
"2025-06-19 17:39:48",38.9,38.8,38.4,38.8,39.2,39,39.4,39.2,39,38.8,38.7,-9999,-9999,-9999,-9999,-9999,-9999,-9999,-9999,-9999,9.273520469665527
"2025-06-19 17:39:56",38.9,38.8,38.4,38.8,39.1,39,39.4,39.3,39,38.8,38.7,-9999,-9999,-9999,-9999,-9999,-9999,-9999,-9999,-9999,9.274831771850586
"2025-06-19 17:39:59",38.9,38.8,38.4,38.7,39.2,39,39.4,39.3,39,38.8,38.7,-9999,-9999,-9999,-9999,-9999,-9999,-9999,-9999,-9999,9.274375915527344
"2025-06-19 17:40:06",38.9,38.8,38.4,38.7,39.1,39,39.4,39.2,39,38.8,38.7,-9999,-9999,-9999,-9999,-9999,-9999,-9999,-9999,-9999,9.274359703063965
"2025-06-19 17:40:09",38.9,38.8,38.4,38.8,39.1,39,39.4,39.2,39,38.7,38.7,-9999,-9999,-9999,-9999,-9999,-9999,-9999,-9999,-9999,9.274932861328125
"2025-06-19 17:40:16",38.9,38.8,38.4,38.8,39.1,39,39.5,39.2,39,38.8,38.7,-9999,-9999,-9999,-9999,-9999,-9999,-9999,-9999,-9999,9.274853706359863
"2025-06-19 17:40:20",38.9,38.8,38.4,38.8,39.1,39,39.5,39.2,39,38.8,38.7,-9999,-9999,-9999,-9999,-9999,-9999,-9999,-9999,-9999,9.274759292602539
"2025-06-19 17:40:27",38.9,38.8,38.4,38.8,39.1,39,39.4,39.2,39,38.8,38.7,-9999,-9999,-9999,-9999,-9999,-9999,-9999,-9999,-9999,9.275105476379395
"2025-06-19 17:40:30",38.9,38.8,38.4,38.8,39.1,39,39.5,39.2,39,38.8,38.7,-9999,-9999,-9999,-9999,-9999,-9999,-9999,-9999,-9999,9.27487564086914
"2025-06-19 17:40:37",38.9,38.8,38.4,38.8,39.1,39,39.5,39.2,39,38.7,38.7,-9999,-9999,-9999,-9999,-9999,-9999,-9999,-9999,-9999,9.274322509765625
"2025-06-19 17:40:40",38.9,38.8,38.4,38.8,39.1,39,39.5,39.2,39,38.8,38.7,-9999,-9999,-9999,-9999,-9999,-9999,-9999,-9999,-9999,9.274787902832031
"2025-06-19 17:40:47",38.9,38.8,38.4,38.8,39.1,39,39.5,39.2,39,38.7,38.7,-9999,-9999,-9999,-9999,-9999,-9999,-9999,-9999,-9999,9.275250434875488
"2025-06-19 17:40:51",38.9,38.8,38.4,38.8,39.1,39,39.4,39.2,39,38.7,38.7,-9999,-9999,-9999,-9999,-9999,-9999,-9999,-9999,-9999,9.274989128112793
"2025-06-19 17:40:58",38.9,38.8,38.4,38.7,39.1,39,39.4,39.2,39,38.7,38.7,-9999,-9999,-9999,-9999,-9999,-9999,-9999,-9999,-9999,9.275177955627441
"2025-06-19 17:41:01",38.9,38.8,38.4,38.8,39.1,39,39.4,39.3,39,38.7,38.7,-9999,-9999,-9999,-9999,-9999,-9999,-9999,-9999,-9999,9.275199890136719
"2025-06-19 17:41:08",38.9,38.8,38.4,38.8,39.1,39,39.5,39.2,39,38.8,38.7,-9999,-9999,-9999,-9999,-9999,-9999,-9999,-9999,-9999,9.276033401489258
"2025-06-19 17:41:12",38.9,38.8,38.4,38.7,39.1,39,39.4,39.2,39,38.7,38.7,-9999,-9999,-9999,-9999,-9999,-9999,-9999,-9999,-9999,9.275778770446777
"2025-06-19 17:41:19",38.9,38.8,38.4,38.7,39.1,39,39.4,39.2,39,38.7,38.7,-9999,-9999,-9999,-9999,-9999,-9999,-9999,-9999,-9999,9.275945663452148
"2025-06-19 17:41:22",38.9,38.8,38.4,38.8,39.1,39,39.4,39.2,39,38.7,38.7,-9999,-9999,-9999,-9999,-9999,-9999,-9999,-9999,-9999,9.275787353515625
"2025-06-19 17:41:29",38.9,38.8,38.4,38.7,39.1,39,39.4,39.2,39,38.7,38.7,-9999,-9999,-9999,-9999,-9999,-9999,-9999,-9999,-9999,9.276162147521973
"2025-06-19 17:41:32",38.9,38.8,38.4,38.8,39.1,39,39.4,39.2,39,38.7,38.7,-9999,-9999,-9999,-9999,-9999,-9999,-9999,-9999,-9999,9.276482582092285
"2025-06-19 17:41:39",38.9,38.8,38.4,38.7,39.1,39,39.4,39.3,39,38.8,38.7,-9999,-9999,-9999,-9999,-9999,-9999,-9999,-9999,-9999,9.276432037353516
"2025-06-19 17:41:43",38.9,38.8,38.4,38.7,39.1,39,39.5,39.2,39,38.7,38.7,-9999,-9999,-9999,-9999,-9999,-9999,-9999,-9999,-9999,9.27670669555664
"2025-06-19 17:41:50",38.9,38.8,38.4,38.7,39.1,39,39.4,39.2,39,38.7,38.7,-9999,-9999,-9999,-9999,-9999,-9999,-9999,-9999,-9999,9.276901245117188
"2025-06-19 17:41:53",38.9,38.8,38.4,38.8,39.1,39,39.4,39.2,39,38.7,38.7,-9999,-9999,-9999,-9999,-9999,-9999,-9999,-9999,-9999,9.277444839477539
"2025-06-19 17:42:00",38.9,38.8,38.4,38.8,39.1,39,39.4,39.2,39,38.8,38.7,-9999,-9999,-9999,-9999,-9999,-9999,-9999,-9999,-9999,9.277162551879883
"2025-06-19 17:42:03",38.8,38.8,38.4,38.7,39.1,39,39.4,39.2,39,38.8,38.7,-9999,-9999,-9999,-9999,-9999,-9999,-9999,-9999,-9999,9.277316093444824
"2025-06-19 17:42:11",38.9,38.8,38.4,38.8,39.1,39,39.4,39.2,39,38.7,38.7,-9999,-9999,-9999,-9999,-9999,-9999,-9999,-9999,-9999,9.277388572692871
"2025-06-19 17:42:14",38.9,38.8,38.4,38.8,39.1,39,39.4,39.2,38.9,38.7,38.7,-9999,-9999,-9999,-9999,-9999,-9999,-9999,-9999,-9999,9.2772855758667
"2025-06-19 17:42:21",38.9,38.8,38.4,38.8,39.1,39,39.4,39.2,39,38.7,38.7,-9999,-9999,-9999,-9999,-9999,-9999,-9999,-9999,-9999,9.277422904968262
"2025-06-19 17:42:24",38.9,38.8,38.4,38.7,39.1,39,39.4,39.2,39,38.7,38.7,-9999,-9999,-9999,-9999,-9999,-9999,-9999,-9999,-9999,9.277451515197754
"2025-06-19 17:42:31",38.9,38.8,38.4,38.8,39.1,39,39.4,39.2,39,38.8,38.7,-9999,-9999,-9999,-9999,-9999,-9999,-9999,-9999,-9999,9.278350830078125
"2025-06-19 17:42:35",38.8,38.8,38.4,38.8,39.1,39,39.4,39.2,39,38.8,38.7,-9999,-9999,-9999,-9999,-9999,-9999,-9999,-9999,-9999,9.278438568115234
"2025-06-19 17:42:42",38.9,38.8,38.4,38.8,39.1,39,39.4,39.2,38.9,38.8,38.7,-9999,-9999,-9999,-9999,-9999,-9999,-9999,-9999,-9999,9.278639793395996
"2025-06-19 17:42:45",38.9,38.8,38.4,38.8,39.1,39,39.4,39.2,39,38.8,38.7,-9999,-9999,-9999,-9999,-9999,-9999,-9999,-9999,-9999,9.278546333312988
"2025-06-19 17:42:52",38.9,38.8,38.4,38.7,39.1,39,39.4,39.2,39,38.7,38.7,-9999,-9999,-9999,-9999,-9999,-9999,-9999,-9999,-9999,9.278502464294434
"2025-06-19 17:42:55",38.9,38.8,38.4,38.8,39.1,39,39.4,39.2,39,38.7,38.7,-9999,-9999,-9999,-9999,-9999,-9999,-9999,-9999,-9999,9.27877140045166
"2025-06-19 17:43:02",38.9,38.8,38.4,38.8,39.1,39,39.4,39.2,38.9,38.8,38.7,-9999,-9999,-9999,-9999,-9999,-9999,-9999,-9999,-9999,9.279451370239258
"2025-06-19 17:43:06",38.8,38.8,38.4,38.7,39.1,39,39.4,39.2,38.9,38.8,38.7,-9999,-9999,-9999,-9999,-9999,-9999,-9999,-9999,-9999,9.279328346252441
"2025-06-19 17:43:13",38.8,38.8,38.4,38.8,39.1,39,39.4,39.2,38.9,38.8,38.7,-9999,-9999,-9999,-9999,-9999,-9999,-9999,-9999,-9999,9.279024124145508
"2025-06-19 17:43:16",38.8,38.8,38.4,38.7,39.1,39,39.4,39.2,38.9,38.8,38.7,-9999,-9999,-9999,-9999,-9999,-9999,-9999,-9999,-9999,9.278966903686523
"2025-06-19 17:43:23",38.9,38.8,38.4,38.7,39.1,39,39.4,39.2,38.9,38.8,38.7,-9999,-9999,-9999,-9999,-9999,-9999,-9999,-9999,-9999,9.278951644897461
"2025-06-19 17:43:27",38.8,38.8,38.4,38.8,39.1,39,39.4,39.2,38.9,38.7,38.7,-9999,-9999,-9999,-9999,-9999,-9999,-9999,-9999,-9999,9.279488563537598
"2025-06-19 17:43:34",38.8,38.8,38.4,38.8,39.1,39,39.4,39.2,38.9,38.7,38.7,-9999,-9999,-9999,-9999,-9999,-9999,-9999,-9999,-9999,9.279306411743164
"2025-06-19 17:43:37",38.9,38.8,38.4,38.8,39.1,39,39.4,39.2,38.9,38.8,38.7,-9999,-9999,-9999,-9999,-9999,-9999,-9999,-9999,-9999,9.279343605041504
"2025-06-19 17:43:44",38.8,38.8,38.4,38.7,39.1,39,39.4,39.2,38.9,38.7,38.7,-9999,-9999,-9999,-9999,-9999,-9999,-9999,-9999,-9999,9.279436111450195
"2025-06-19 17:43:47",38.8,38.8,38.4,38.7,39.1,39,39.4,39.2,38.9,38.7,38.7,-9999,-9999,-9999,-9999,-9999,-9999,-9999,-9999,-9999,9.279935836791992
"2025-06-19 17:43:54",38.8,38.8,38.4,38.7,39.1,39,39.4,39.2,38.9,38.7,38.7,-9999,-9999,-9999,-9999,-9999,-9999,-9999,-9999,-9999,9.280401229858398
"2025-06-19 17:43:58",38.8,38.8,38.4,38.7,39.1,39,39.4,39.2,38.9,38.7,38.7,-9999,-9999,-9999,-9999,-9999,-9999,-9999,-9999,-9999,9.279834747314453
"2025-06-19 17:44:05",38.8,38.8,38.4,38.7,39.1,39,39.4,39.2,38.9,38.8,38.7,-9999,-9999,-9999,-9999,-9999,-9999,-9999,-9999,-9999,9.280096054077148
"2025-06-19 17:44:08",38.8,38.8,38.4,38.7,39.1,39,39.4,39.2,38.9,38.7,38.7,-9999,-9999,-9999,-9999,-9999,-9999,-9999,-9999,-9999,9.280914306640625
"2025-06-19 17:44:15",38.9,38.8,38.4,38.7,39.1,39,39.4,39.2,38.9,38.7,38.7,-9999,-9999,-9999,-9999,-9999,-9999,-9999,-9999,-9999,9.280734062194824
"2025-06-19 17:44:18",38.8,38.8,38.4,38.7,39.1,39,39.4,39.2,38.9,38.7,38.7,-9999,-9999,-9999,-9999,-9999,-9999,-9999,-9999,-9999,9.280624389648438
"2025-06-19 17:44:26",38.9,38.8,38.4,38.7,39.1,39,39.4,39.2,38.9,38.7,38.7,-9999,-9999,-9999,-9999,-9999,-9999,-9999,-9999,-9999,9.280256271362305
"2025-06-19 17:44:29",38.8,38.8,38.4,38.8,39.1,39,39.4,39.2,38.9,38.7,38.7,-9999,-9999,-9999,-9999,-9999,-9999,-9999,-9999,-9999,9.281189918518066
"2025-06-19 17:44:36",38.8,38.8,38.4,38.7,39.1,39,39.4,39.2,38.9,38.7,38.7,-9999,-9999,-9999,-9999,-9999,-9999,-9999,-9999,-9999,9.281017303466797
"2025-06-19 17:44:39",38.8,38.8,38.4,38.7,39.1,39,39.4,39.2,38.9,38.7,38.7,-9999,-9999,-9999,-9999,-9999,-9999,-9999,-9999,-9999,9.280922889709473
"2025-06-19 17:44:46",38.8,38.8,38.4,38.7,39.1,39,39.4,39.2,38.9,38.7,38.7,-9999,-9999,-9999,-9999,-9999,-9999,-9999,-9999,-9999,9.28169059753418
"2025-06-19 17:44:50",38.8,38.8,38.4,38.8,39.1,39,39.4,39.2,38.9,38.7,38.7,-9999,-9999,-9999,-9999,-9999,-9999,-9999,-9999,-9999,9.281537055969238
"2025-06-19 17:44:57",38.8,38.8,38.4,38.7,39.1,39,39.4,39.2,38.9,38.7,38.7,-9999,-9999,-9999,-9999,-9999,-9999,-9999,-9999,-9999,9.281356811523438
"2025-06-19 17:45:00",38.8,38.8,38.4,38.7,39,39,39.4,39.2,38.9,38.7,38.7,-9999,-9999,-9999,-9999,-9999,-9999,-9999,-9999,-9999,9.281319618225098
"2025-06-19 17:45:07",38.8,38.8,38.4,38.7,39.1,39,39.4,39.2,38.9,38.7,38.7,-9999,-9999,-9999,-9999,-9999,-9999,-9999,-9999,-9999,9.281942367553711
"2025-06-19 17:45:10",38.8,38.8,38.4,38.7,39.1,39,39.4,39.2,38.9,38.7,38.7,-9999,-9999,-9999,-9999,-9999,-9999,-9999,-9999,-9999,9.281646728515625
"2025-06-19 17:45:17",38.8,38.8,38.4,38.7,39.1,39,39.4,39.2,38.9,38.7,38.7,-9999,-9999,-9999,-9999,-9999,-9999,-9999,-9999,-9999,9.281652450561523
"2025-06-19 17:45:21",38.8,38.8,38.4,38.7,39.1,39,39.4,39.2,38.9,38.7,38.7,-9999,-9999,-9999,-9999,-9999,-9999,-9999,-9999,-9999,9.281312942504883
"2025-06-19 17:45:28",38.8,38.7,38.4,38.7,39.1,39,39.4,39.2,38.9,38.7,38.7,-9999,-9999,-9999,-9999,-9999,-9999,-9999,-9999,-9999,9.282325744628906
"2025-06-19 17:45:31",38.8,38.7,38.4,38.7,39.1,39,39.4,39.2,38.9,38.7,38.7,-9999,-9999,-9999,-9999,-9999,-9999,-9999,-9999,-9999,9.282247543334961
"2025-06-19 17:45:38",38.8,38.8,38.4,38.7,39.1,39,39.4,39.2,38.9,38.7,38.6,-9999,-9999,-9999,-9999,-9999,-9999,-9999,-9999,-9999,9.282428741455078
"2025-06-19 17:45:41",38.8,38.8,38.4,38.7,39.1,39,39.4,39.2,38.9,38.7,38.6,-9999,-9999,-9999,-9999,-9999,-9999,-9999,-9999,-9999,9.283042907714844
"2025-06-19 17:45:49",38.8,38.8,38.4,38.7,39.1,39,39.4,39.2,38.9,38.7,38.6,-9999,-9999,-9999,-9999,-9999,-9999,-9999,-9999,-9999,9.28366756439209
"2025-06-19 17:45:52",38.8,38.8,38.4,38.7,39.1,39,39.4,39.2,38.9,38.7,38.6,-9999,-9999,-9999,-9999,-9999,-9999,-9999,-9999,-9999,9.28359317779541
"2025-06-19 17:45:59",38.9,38.8,38.4,38.7,39.1,39,39.4,39.2,38.9,38.7,38.7,-9999,-9999,-9999,-9999,-9999,-9999,-9999,-9999,-9999,9.283000946044922
"2025-06-19 17:46:02",38.9,38.8,38.4,38.7,39.1,38.9,39.4,39.2,38.9,38.7,38.7,-9999,-9999,-9999,-9999,-9999,-9999,-9999,-9999,-9999,9.283086776733398
"2025-06-19 17:46:09",38.8,38.7,38.4,38.7,39.1,39,39.4,39.2,38.9,38.7,38.6,-9999,-9999,-9999,-9999,-9999,-9999,-9999,-9999,-9999,9.283645629882812
"2025-06-19 17:46:13",38.8,38.8,38.4,38.7,39.1,39,39.4,39.2,38.9,38.7,38.6,-9999,-9999,-9999,-9999,-9999,-9999,-9999,-9999,-9999,9.284296989440918
"2025-06-19 17:46:20",38.8,38.7,38.4,38.7,39.1,39,39.4,39.2,38.9,38.7,38.7,-9999,-9999,-9999,-9999,-9999,-9999,-9999,-9999,-9999,9.284202575683594
"2025-06-19 17:46:23",38.8,38.7,38.4,38.7,39.1,39,39.4,39.2,38.9,38.7,38.7,-9999,-9999,-9999,-9999,-9999,-9999,-9999,-9999,-9999,9.283601760864258
"2025-06-19 17:46:30",38.8,38.8,38.4,38.7,39.1,39,39.4,39.2,38.9,38.7,38.7,-9999,-9999,-9999,-9999,-9999,-9999,-9999,-9999,-9999,9.284092903137207
"2025-06-19 17:46:33",38.8,38.8,38.4,38.7,39.1,39,39.4,39.2,38.9,38.7,38.7,-9999,-9999,-9999,-9999,-9999,-9999,-9999,-9999,-9999,9.28442668914795
"2025-06-19 17:46:41",38.8,38.7,38.4,38.7,39.1,39,39.4,39.2,38.9,38.7,38.7,-9999,-9999,-9999,-9999,-9999,-9999,-9999,-9999,-9999,9.284369468688965
"2025-06-19 17:46:44",38.8,38.8,38.4,38.7,39.1,39,39.4,39.2,38.9,38.7,38.6,-9999,-9999,-9999,-9999,-9999,-9999,-9999,-9999,-9999,9.28407096862793
"2025-06-19 17:46:51",38.8,38.7,38.4,38.7,39.1,39,39.4,39.2,38.9,38.7,38.7,-9999,-9999,-9999,-9999,-9999,-9999,-9999,-9999,-9999,9.284259796142578
"2025-06-19 17:46:54",38.8,38.8,38.4,38.7,39.1,39,39.4,39.2,38.9,38.7,38.7,-9999,-9999,-9999,-9999,-9999,-9999,-9999,-9999,-9999,9.28480339050293
"2025-06-19 17:47:01",38.9,38.8,38.4,38.7,39.1,39,39.4,39.2,38.9,38.7,38.7,-9999,-9999,-9999,-9999,-9999,-9999,-9999,-9999,-9999,9.284769058227539
"2025-06-19 17:47:05",38.8,38.8,38.4,38.7,39.1,39,39.4,39.2,38.9,38.7,38.6,-9999,-9999,-9999,-9999,-9999,-9999,-9999,-9999,-9999,9.284934997558594
"2025-06-19 17:47:12",38.9,38.8,38.4,38.7,39.1,39,39.4,39.2,38.9,38.7,38.6,-9999,-9999,-9999,-9999,-9999,-9999,-9999,-9999,-9999,9.285309791564941
"2025-06-19 17:47:15",38.8,38.8,38.4,38.7,39.1,39,39.4,39.2,38.9,38.7,38.6,-9999,-9999,-9999,-9999,-9999,-9999,-9999,-9999,-9999,9.285775184631348
"2025-06-19 17:47:22",38.8,38.7,38.4,38.7,39.1,39,39.4,39.2,38.9,38.7,38.6,-9999,-9999,-9999,-9999,-9999,-9999,-9999,-9999,-9999,9.285304069519043
"2025-06-19 17:47:25",38.8,38.8,38.4,38.7,39.1,39,39.4,39.2,38.9,38.7,38.7,-9999,-9999,-9999,-9999,-9999,-9999,-9999,-9999,-9999,9.284985542297363
"2025-06-19 17:47:32",38.8,38.7,38.4,38.7,39.1,39,39.4,39.2,38.9,38.7,38.7,-9999,-9999,-9999,-9999,-9999,-9999,-9999,-9999,-9999,9.285419464111328
"2025-06-19 17:47:36",38.8,38.8,38.4,38.7,39.1,39,39.4,39.2,38.9,38.7,38.7,-9999,-9999,-9999,-9999,-9999,-9999,-9999,-9999,-9999,9.285369873046875
"2025-06-19 17:47:43",38.8,38.8,38.4,38.7,39.1,39,39.4,39.2,38.9,38.7,38.7,-9999,-9999,-9999,-9999,-9999,-9999,-9999,-9999,-9999,9.285998344421387
"2025-06-19 17:47:46",38.8,38.8,38.4,38.7,39.1,39,39.4,39.2,38.9,38.7,38.7,-9999,-9999,-9999,-9999,-9999,-9999,-9999,-9999,-9999,9.286020278930664
"2025-06-19 17:47:53",38.8,38.7,38.4,38.7,39.1,39,39.4,39.2,38.9,38.7,38.7,-9999,-9999,-9999,-9999,-9999,-9999,-9999,-9999,-9999,9.285737991333008
"2025-06-19 17:47:56",38.8,38.7,38.4,38.7,39.1,39,39.4,39.2,38.9,38.7,38.7,-9999,-9999,-9999,-9999,-9999,-9999,-9999,-9999,-9999,9.286136627197266
"2025-06-19 17:48:04",38.8,38.8,38.4,38.7,39.1,39,39.4,39.2,38.9,38.7,38.7,-9999,-9999,-9999,-9999,-9999,-9999,-9999,-9999,-9999,9.286397933959961
"2025-06-19 17:48:07",38.8,38.7,38.4,38.7,39.1,38.9,39.4,39.2,38.9,38.7,38.7,-9999,-9999,-9999,-9999,-9999,-9999,-9999,-9999,-9999,9.28585433959961
"2025-06-19 17:48:14",38.8,38.7,38.4,38.7,39.1,39,39.4,39.2,38.9,38.7,38.7,-9999,-9999,-9999,-9999,-9999,-9999,-9999,-9999,-9999,9.287294387817383
"2025-06-19 17:48:17",38.8,38.7,38.4,38.7,39.1,39,39.4,39.2,38.9,38.7,38.7,-9999,-9999,-9999,-9999,-9999,-9999,-9999,-9999,-9999,9.287253379821777
"2025-06-19 17:48:24",38.8,38.8,38.4,38.7,39.1,39,39.4,39.2,38.9,38.7,38.7,-9999,-9999,-9999,-9999,-9999,-9999,-9999,-9999,-9999,9.287071228027344
"2025-06-19 17:48:28",38.8,38.8,38.4,38.7,39.1,39,39.4,39.2,38.9,38.7,38.7,-9999,-9999,-9999,-9999,-9999,-9999,-9999,-9999,-9999,9.2872314453125
"2025-06-19 17:48:35",38.8,38.7,38.4,38.7,39.1,39,39.4,39.2,38.9,38.7,38.7,-9999,-9999,-9999,-9999,-9999,-9999,-9999,-9999,-9999,9.287643432617188
"2025-06-19 17:48:38",38.9,38.8,38.4,38.7,39.1,39,39.4,39.2,38.9,38.7,38.7,-9999,-9999,-9999,-9999,-9999,-9999,-9999,-9999,-9999,9.287093162536621
"2025-06-19 17:48:45",38.9,38.8,38.4,38.7,39.1,39,39.4,39.2,38.9,38.7,38.7,-9999,-9999,-9999,-9999,-9999,-9999,-9999,-9999,-9999,9.28731632232666
"2025-06-19 17:48:48",38.8,38.8,38.4,38.7,39.1,39,39.4,39.2,38.9,38.7,38.7,-9999,-9999,-9999,-9999,-9999,-9999,-9999,-9999,-9999,9.287281036376953
"2025-06-19 17:48:55",38.9,38.8,38.4,38.7,39.1,39,39.4,39.2,38.9,38.7,38.7,-9999,-9999,-9999,-9999,-9999,-9999,-9999,-9999,-9999,9.287527084350586
"2025-06-19 17:48:59",38.9,38.8,38.4,38.7,39.1,39,39.4,39.2,38.9,38.7,38.7,-9999,-9999,-9999,-9999,-9999,-9999,-9999,-9999,-9999,9.287187576293945
"2025-06-19 17:49:06",38.9,38.8,38.4,38.7,39.1,38.9,39.4,39.2,38.9,38.7,38.7,-9999,-9999,-9999,-9999,-9999,-9999,-9999,-9999,-9999,9.287542343139648
"2025-06-19 17:49:09",38.9,38.8,38.4,38.7,39.1,39,39.4,39.2,38.9,38.7,38.7,-9999,-9999,-9999,-9999,-9999,-9999,-9999,-9999,-9999,9.287750244140625
"2025-06-19 17:49:16",38.8,38.8,38.4,38.7,39.1,39,39.4,39.2,38.9,38.7,38.7,-9999,-9999,-9999,-9999,-9999,-9999,-9999,-9999,-9999,9.287989616394043
"2025-06-19 17:49:19",38.8,38.8,38.4,38.7,39.1,39,39.4,39.2,38.9,38.7,38.7,-9999,-9999,-9999,-9999,-9999,-9999,-9999,-9999,-9999,9.288114547729492
"2025-06-19 17:49:27",38.8,38.7,38.4,38.7,39.1,39,39.4,39.2,38.9,38.7,38.7,-9999,-9999,-9999,-9999,-9999,-9999,-9999,-9999,-9999,9.288331985473633
"2025-06-19 17:49:30",38.8,38.7,38.4,38.7,39.1,39,39.4,39.2,38.9,38.7,38.7,-9999,-9999,-9999,-9999,-9999,-9999,-9999,-9999,-9999,9.288686752319336
"2025-06-19 17:49:37",38.8,38.8,38.4,38.7,39.1,39,39.4,39.2,38.9,38.7,38.7,-9999,-9999,-9999,-9999,-9999,-9999,-9999,-9999,-9999,9.288345336914062
"2025-06-19 17:49:40",38.8,38.8,38.4,38.7,39.1,39,39.4,39.2,38.9,38.7,38.7,-9999,-9999,-9999,-9999,-9999,-9999,-9999,-9999,-9999,9.288722038269043
"2025-06-19 17:49:47",38.9,38.8,38.4,38.7,39.1,39,39.4,39.2,38.9,38.7,38.7,-9999,-9999,-9999,-9999,-9999,-9999,-9999,-9999,-9999,9.288801193237305
"2025-06-19 17:49:51",38.9,38.8,38.4,38.7,39.1,39,39.4,39.2,38.9,38.7,38.6,-9999,-9999,-9999,-9999,-9999,-9999,-9999,-9999,-9999,9.289344787597656
"2025-06-19 17:49:58",38.9,38.8,38.4,38.7,39.1,39,39.4,39.2,38.9,38.7,38.7,-9999,-9999,-9999,-9999,-9999,-9999,-9999,-9999,-9999,9.28957748413086
"2025-06-19 17:50:01",38.9,38.8,38.4,38.7,39.1,39,39.4,39.2,38.9,38.7,38.7,-9999,-9999,-9999,-9999,-9999,-9999,-9999,-9999,-9999,9.289589881896973
"2025-06-19 17:50:08",38.9,38.8,38.4,38.7,39.1,39,39.4,39.2,38.9,38.7,38.7,-9999,-9999,-9999,-9999,-9999,-9999,-9999,-9999,-9999,9.289649963378906
"2025-06-19 17:50:11",38.9,38.8,38.4,38.7,39.1,39,39.4,39.2,38.9,38.7,38.7,-9999,-9999,-9999,-9999,-9999,-9999,-9999,-9999,-9999,9.289787292480469
"2025-06-19 17:50:19",38.8,38.8,38.4,38.8,39.1,39,39.4,39.2,38.9,38.7,38.7,-9999,-9999,-9999,-9999,-9999,-9999,-9999,-9999,-9999,9.28996753692627
"2025-06-19 17:50:22",38.8,38.8,38.4,38.7,39.1,39,39.4,39.2,38.9,38.7,38.7,-9999,-9999,-9999,-9999,-9999,-9999,-9999,-9999,-9999,9.290068626403809
"2025-06-19 17:50:29",38.8,38.8,38.4,38.8,39.1,39,39.4,39.2,38.9,38.7,38.7,-9999,-9999,-9999,-9999,-9999,-9999,-9999,-9999,-9999,9.290328979492188
"2025-06-19 17:50:32",38.8,38.8,38.4,38.8,39.1,39,39.4,39.2,38.9,38.7,38.7,-9999,-9999,-9999,-9999,-9999,-9999,-9999,-9999,-9999,9.290620803833008
"2025-06-19 17:50:39",38.9,38.8,38.4,38.7,39.1,39,39.4,39.2,38.9,38.7,38.7,-9999,-9999,-9999,-9999,-9999,-9999,-9999,-9999,-9999,9.290678024291992
"2025-06-19 17:50:43",38.8,38.8,38.4,38.7,39.1,39,39.4,39.2,38.9,38.7,38.7,-9999,-9999,-9999,-9999,-9999,-9999,-9999,-9999,-9999,9.290526390075684
"2025-06-19 17:50:50",38.8,38.8,38.4,38.7,39.1,39,39.4,39.2,38.9,38.7,38.7,-9999,-9999,-9999,-9999,-9999,-9999,-9999,-9999,-9999,9.291337966918945
"2025-06-19 17:50:53",38.9,38.8,38.4,38.8,39.1,39,39.4,39.2,38.9,38.7,38.7,-9999,-9999,-9999,-9999,-9999,-9999,-9999,-9999,-9999,9.291068077087402
"2025-06-19 17:51:00",38.9,38.8,38.4,38.8,39.1,39,39.4,39.2,38.9,38.7,38.7,-9999,-9999,-9999,-9999,-9999,-9999,-9999,-9999,-9999,9.29114055633545
"2025-06-19 17:51:03",38.8,38.8,38.4,38.8,39.1,39,39.4,39.2,38.9,38.7,38.7,-9999,-9999,-9999,-9999,-9999,-9999,-9999,-9999,-9999,9.29129409790039
"2025-06-19 17:51:10",38.8,38.8,38.4,38.7,39.1,39,39.4,39.2,38.9,38.7,38.7,-9999,-9999,-9999,-9999,-9999,-9999,-9999,-9999,-9999,9.2909517288208
"2025-06-19 17:51:14",38.8,38.8,38.4,38.8,39.1,39,39.4,39.2,38.9,38.7,38.7,-9999,-9999,-9999,-9999,-9999,-9999,-9999,-9999,-9999,9.29112720489502
"2025-06-19 17:51:21",38.9,38.8,38.4,38.7,39.1,39,39.4,39.2,38.9,38.8,38.7,-9999,-9999,-9999,-9999,-9999,-9999,-9999,-9999,-9999,9.29142951965332
"2025-06-19 17:51:24",38.8,38.8,38.4,38.7,39.1,39,39.4,39.2,38.9,38.8,38.7,-9999,-9999,-9999,-9999,-9999,-9999,-9999,-9999,-9999,9.291800498962402
"2025-06-19 17:51:31",38.9,38.8,38.4,38.8,39.1,39,39.4,39.2,38.9,38.7,38.7,-9999,-9999,-9999,-9999,-9999,-9999,-9999,-9999,-9999,9.292183876037598
"2025-06-19 17:51:34",38.8,38.8,38.4,38.8,39.1,39,39.4,39.2,38.9,38.7,38.7,-9999,-9999,-9999,-9999,-9999,-9999,-9999,-9999,-9999,9.29224967956543
"2025-06-19 17:51:42",38.9,38.8,38.4,38.8,39.1,39,39.4,39.2,38.9,38.8,38.7,-9999,-9999,-9999,-9999,-9999,-9999,-9999,-9999,-9999,9.291945457458496
"2025-06-19 17:51:45",38.9,38.8,38.4,38.8,39.1,39,39.4,39.2,38.9,38.8,38.7,-9999,-9999,-9999,-9999,-9999,-9999,-9999,-9999,-9999,9.292271614074707
"2025-06-19 17:51:52",38.9,38.8,38.4,38.8,39.1,39,39.4,39.2,38.9,38.8,38.7,-9999,-9999,-9999,-9999,-9999,-9999,-9999,-9999,-9999,9.291894912719727
"2025-06-19 17:51:55",38.9,38.8,38.4,38.8,39.1,39,39.4,39.2,38.9,38.8,38.7,-9999,-9999,-9999,-9999,-9999,-9999,-9999,-9999,-9999,9.291894912719727
"2025-06-19 17:52:02",38.9,38.8,38.4,38.8,39.1,39,39.5,39.2,38.9,38.8,38.7,-9999,-9999,-9999,-9999,-9999,-9999,-9999,-9999,-9999,9.292313575744629
"2025-06-19 17:52:06",38.9,38.8,38.4,38.8,39.1,39,39.5,39.2,38.9,38.7,38.7,-9999,-9999,-9999,-9999,-9999,-9999,-9999,-9999,-9999,9.293024063110352
"2025-06-19 17:52:13",38.8,38.8,38.4,38.8,39.1,39,39.4,39.2,38.9,38.8,38.7,-9999,-9999,-9999,-9999,-9999,-9999,-9999,-9999,-9999,9.293278694152832
"2025-06-19 17:52:16",38.9,38.8,38.4,38.8,39.1,39,39.4,39.2,39,38.8,38.7,-9999,-9999,-9999,-9999,-9999,-9999,-9999,-9999,-9999,9.292699813842773
"2025-06-19 17:52:23",38.9,38.8,38.4,38.8,39.1,39,39.5,39.2,38.9,38.8,38.7,-9999,-9999,-9999,-9999,-9999,-9999,-9999,-9999,-9999,9.293133735656738
"2025-06-19 17:52:26",38.9,38.8,38.4,38.8,39.1,39,39.4,39.2,38.9,38.7,38.7,-9999,-9999,-9999,-9999,-9999,-9999,-9999,-9999,-9999,9.292988777160645
"2025-06-19 17:52:34",38.9,38.8,38.4,38.8,39.1,39,39.4,39.2,38.9,38.8,38.7,-9999,-9999,-9999,-9999,-9999,-9999,-9999,-9999,-9999,9.293539047241211
"2025-06-19 17:52:37",38.8,38.8,38.4,38.8,39.1,39,39.4,39.2,38.9,38.8,38.7,-9999,-9999,-9999,-9999,-9999,-9999,-9999,-9999,-9999,9.293256759643555
"2025-06-19 17:52:44",38.9,38.8,38.4,38.8,39.1,39,39.5,39.2,39,38.8,38.7,-9999,-9999,-9999,-9999,-9999,-9999,-9999,-9999,-9999,9.294052124023438
"2025-06-19 17:52:47",38.9,38.8,38.4,38.8,39.1,39,39.5,39.2,39,38.8,38.7,-9999,-9999,-9999,-9999,-9999,-9999,-9999,-9999,-9999,9.29364013671875
"2025-06-19 17:52:54",38.9,38.8,38.4,38.8,39.1,39,39.5,39.2,39,38.8,38.7,-9999,-9999,-9999,-9999,-9999,-9999,-9999,-9999,-9999,9.294168472290039
"2025-06-19 17:52:57",38.9,38.8,38.4,38.8,39.2,39,39.5,39.2,39,38.8,38.7,-9999,-9999,-9999,-9999,-9999,-9999,-9999,-9999,-9999,9.294573783874512
"2025-06-19 17:53:05",38.9,38.8,38.4,38.8,39.2,39,39.5,39.2,39,38.8,38.7,-9999,-9999,-9999,-9999,-9999,-9999,-9999,-9999,-9999,9.294392585754395
"2025-06-19 17:53:08",38.9,38.8,38.4,38.8,39.2,39,39.5,39.2,39,38.8,38.7,-9999,-9999,-9999,-9999,-9999,-9999,-9999,-9999,-9999,9.29443645477295
"2025-06-19 17:53:15",38.9,38.8,38.4,38.8,39.1,39,39.5,39.2,39,38.8,38.7,-9999,-9999,-9999,-9999,-9999,-9999,-9999,-9999,-9999,9.294197082519531
"2025-06-19 17:53:18",38.9,38.8,38.4,38.8,39.1,39,39.5,39.2,39,38.8,38.7,-9999,-9999,-9999,-9999,-9999,-9999,-9999,-9999,-9999,9.294278144836426
"2025-06-19 17:53:25",38.9,38.8,38.4,38.8,39.1,39,39.5,39.2,39,38.8,38.7,-9999,-9999,-9999,-9999,-9999,-9999,-9999,-9999,-9999,9.29515266418457
"2025-06-19 17:53:29",38.9,38.8,38.4,38.8,39.1,39,39.5,39.2,39,38.8,38.7,-9999,-9999,-9999,-9999,-9999,-9999,-9999,-9999,-9999,9.295074462890625
"2025-06-19 17:53:36",38.9,38.8,38.4,38.8,39.1,39,39.4,39.2,38.9,38.8,38.7,-9999,-9999,-9999,-9999,-9999,-9999,-9999,-9999,-9999,9.294857025146484
"2025-06-19 17:53:39",38.8,38.8,38.4,38.7,39.1,39,39.5,39.2,38.9,38.8,38.7,-9999,-9999,-9999,-9999,-9999,-9999,-9999,-9999,-9999,9.295536994934082
"2025-06-19 17:53:46",38.9,38.8,38.4,38.8,39.1,39,39.4,39.2,39,38.8,38.7,-9999,-9999,-9999,-9999,-9999,-9999,-9999,-9999,-9999,9.295442581176758
"2025-06-19 17:53:49",38.9,38.8,38.4,38.8,39.1,39,39.4,39.2,39,38.8,38.7,-9999,-9999,-9999,-9999,-9999,-9999,-9999,-9999,-9999,9.296232223510742
"2025-06-19 17:53:57",38.9,38.8,38.4,38.8,39.1,39,39.5,39.2,39,38.8,38.7,-9999,-9999,-9999,-9999,-9999,-9999,-9999,-9999,-9999,9.296379089355469
"2025-06-19 17:54:00",38.9,38.8,38.4,38.8,39.1,39,39.5,39.2,39,38.8,38.7,-9999,-9999,-9999,-9999,-9999,-9999,-9999,-9999,-9999,9.295769691467285
"2025-06-19 17:54:07",38.9,38.8,38.4,38.8,39.1,39,39.4,39.2,39,38.8,38.7,-9999,-9999,-9999,-9999,-9999,-9999,-9999,-9999,-9999,9.296014785766602
"2025-06-19 17:54:10",38.9,38.8,38.4,38.8,39.1,39,39.4,39.2,39,38.8,38.7,-9999,-9999,-9999,-9999,-9999,-9999,-9999,-9999,-9999,9.295675277709961
"2025-06-19 17:54:17",38.9,38.8,38.4,38.8,39.1,39,39.5,39.2,39,38.8,38.7,-9999,-9999,-9999,-9999,-9999,-9999,-9999,-9999,-9999,9.296920776367188
"2025-06-19 17:54:21",38.9,38.8,38.4,38.8,39.1,39,39.5,39.2,39,38.8,38.7,-9999,-9999,-9999,-9999,-9999,-9999,-9999,-9999,-9999,9.296523094177246
"2025-06-19 17:54:28",38.8,38.8,38.4,38.8,39.1,39,39.4,39.2,39,38.8,38.7,-9999,-9999,-9999,-9999,-9999,-9999,-9999,-9999,-9999,9.29671859741211
"2025-06-19 17:54:31",38.9,38.8,38.4,38.8,39.2,39,39.4,39.2,39,38.8,38.7,-9999,-9999,-9999,-9999,-9999,-9999,-9999,-9999,-9999,9.296637535095215
"2025-06-19 17:54:38",38.9,38.8,38.4,38.8,39.1,39,39.5,39.3,39,38.8,38.7,-9999,-9999,-9999,-9999,-9999,-9999,-9999,-9999,-9999,9.296369552612305
"2025-06-19 17:54:41",38.9,38.8,38.4,38.8,39.1,39,39.5,39.2,39,38.8,38.7,-9999,-9999,-9999,-9999,-9999,-9999,-9999,-9999,-9999,9.296492576599121
"2025-06-19 17:54:48",38.9,38.8,38.4,38.8,39.1,39,39.5,39.2,39,38.8,38.7,-9999,-9999,-9999,-9999,-9999,-9999,-9999,-9999,-9999,9.296769142150879
"2025-06-19 17:54:52",38.8,38.8,38.4,38.8,39.1,39,39.5,39.2,39,38.8,38.7,-9999,-9999,-9999,-9999,-9999,-9999,-9999,-9999,-9999,9.297123908996582
"2025-06-19 17:54:59",38.9,38.8,38.4,38.8,39.1,39,39.5,39.2,39,38.8,38.7,-9999,-9999,-9999,-9999,-9999,-9999,-9999,-9999,-9999,9.296957969665527
"2025-06-19 17:55:02",38.9,38.8,38.4,38.8,39.1,39,39.5,39.3,39,38.8,38.7,-9999,-9999,-9999,-9999,-9999,-9999,-9999,-9999,-9999,9.297492980957031
"2025-06-19 17:55:09",38.9,38.8,38.4,38.8,39.1,39,39.5,39.2,39,38.8,38.8,-9999,-9999,-9999,-9999,-9999,-9999,-9999,-9999,-9999,9.297775268554688
"2025-06-19 17:55:12",38.9,38.8,38.4,38.8,39.2,39.1,39.4,39.2,39,38.8,38.7,-9999,-9999,-9999,-9999,-9999,-9999,-9999,-9999,-9999,9.298093795776367
"2025-06-19 17:55:20",38.9,38.8,38.4,38.8,39.2,39,39.5,39.2,38.9,38.8,38.8,-9999,-9999,-9999,-9999,-9999,-9999,-9999,-9999,-9999,9.29802131652832
"2025-06-19 17:55:23",38.9,38.8,38.4,38.8,39.2,39,39.5,39.2,39,38.8,38.8,-9999,-9999,-9999,-9999,-9999,-9999,-9999,-9999,-9999,9.2982816696167
"2025-06-19 17:55:30",38.9,38.8,38.4,38.8,39.1,39,39.4,39.2,39,38.8,38.7,-9999,-9999,-9999,-9999,-9999,-9999,-9999,-9999,-9999,9.298274993896484
"2025-06-19 17:55:33",38.9,38.8,38.4,38.8,39.1,39,39.4,39.2,38.9,38.8,38.7,-9999,-9999,-9999,-9999,-9999,-9999,-9999,-9999,-9999,9.29802131652832
"2025-06-19 17:55:40",38.9,38.8,38.4,38.8,39.1,39,39.5,39.2,38.9,38.8,38.8,-9999,-9999,-9999,-9999,-9999,-9999,-9999,-9999,-9999,9.29763126373291
"2025-06-19 17:55:44",38.9,38.8,38.4,38.8,39.1,39,39.5,39.2,38.9,38.8,38.7,-9999,-9999,-9999,-9999,-9999,-9999,-9999,-9999,-9999,9.298102378845215
"2025-06-19 17:55:51",38.9,38.8,38.4,38.8,39.1,39,39.5,39.2,39,38.8,38.8,-9999,-9999,-9999,-9999,-9999,-9999,-9999,-9999,-9999,9.298477172851562
"2025-06-19 17:55:54",38.9,38.8,38.4,38.8,39.1,39,39.5,39.2,39,38.8,38.7,-9999,-9999,-9999,-9999,-9999,-9999,-9999,-9999,-9999,9.298919677734375
"2025-06-19 17:56:01",38.9,38.8,38.4,38.8,39.1,39,39.5,39.2,39,38.8,38.7,-9999,-9999,-9999,-9999,-9999,-9999,-9999,-9999,-9999,9.298831939697266
"2025-06-19 17:56:04",38.9,38.8,38.4,38.8,39.1,39,39.5,39.2,39,38.8,38.7,-9999,-9999,-9999,-9999,-9999,-9999,-9999,-9999,-9999,9.298382759094238
"2025-06-19 17:56:12",38.9,38.8,38.4,38.8,39.1,39,39.5,39.2,39,38.8,38.8,-9999,-9999,-9999,-9999,-9999,-9999,-9999,-9999,-9999,9.298848152160645
"2025-06-19 17:56:15",38.9,38.8,38.4,38.8,39.1,39,39.5,39.2,39,38.8,38.8,-9999,-9999,-9999,-9999,-9999,-9999,-9999,-9999,-9999,9.299174308776855
"2025-06-19 17:56:22",38.9,38.8,38.4,38.8,39.1,39,39.5,39.2,39,38.8,38.8,-9999,-9999,-9999,-9999,-9999,-9999,-9999,-9999,-9999,9.299152374267578
"2025-06-19 17:56:25",38.9,38.8,38.4,38.8,39.1,39,39.4,39.2,39,38.8,38.7,-9999,-9999,-9999,-9999,-9999,-9999,-9999,-9999,-9999,9.299592971801758
"2025-06-19 17:56:32",38.9,38.8,38.4,38.8,39.1,39,39.5,39.2,39,38.8,38.8,-9999,-9999,-9999,-9999,-9999,-9999,-9999,-9999,-9999,9.299825668334961
"2025-06-19 17:56:36",38.9,38.8,38.4,38.8,39.1,39,39.5,39.2,39,38.8,38.8,-9999,-9999,-9999,-9999,-9999,-9999,-9999,-9999,-9999,9.300369262695312
"2025-06-19 17:56:43",38.9,38.8,38.4,38.8,39.1,39,39.5,39.2,39,38.8,38.8,-9999,-9999,-9999,-9999,-9999,-9999,-9999,-9999,-9999,9.300252914428711
"2025-06-19 17:56:46",38.9,38.8,38.4,38.8,39.1,39,39.5,39.2,38.9,38.8,38.8,-9999,-9999,-9999,-9999,-9999,-9999,-9999,-9999,-9999,9.300165176391602
"2025-06-19 17:56:53",38.9,38.8,38.4,38.8,39.1,39,39.4,39.2,39,38.8,38.8,-9999,-9999,-9999,-9999,-9999,-9999,-9999,-9999,-9999,9.300419807434082
"2025-06-19 17:56:56",38.9,38.8,38.4,38.8,39.1,39,39.4,39.2,39,38.8,38.8,-9999,-9999,-9999,-9999,-9999,-9999,-9999,-9999,-9999,9.299803733825684
"2025-06-19 17:57:03",38.9,38.8,38.4,38.8,39.2,39,39.4,39.2,39,38.8,38.8,-9999,-9999,-9999,-9999,-9999,-9999,-9999,-9999,-9999,9.301121711730957
"2025-06-19 17:57:07",38.9,38.8,38.4,38.8,39.2,39,39.5,39.2,39,38.8,38.8,-9999,-9999,-9999,-9999,-9999,-9999,-9999,-9999,-9999,9.30070972442627
"2025-06-19 17:57:14",38.9,38.8,38.4,38.8,39.1,39,39.5,39.2,38.9,38.8,38.7,-9999,-9999,-9999,-9999,-9999,-9999,-9999,-9999,-9999,9.301005363464355
"2025-06-19 17:57:17",38.9,38.8,38.4,38.8,39.1,39,39.5,39.2,38.9,38.8,38.7,-9999,-9999,-9999,-9999,-9999,-9999,-9999,-9999,-9999,9.30083179473877
"2025-06-19 17:57:24",38.9,38.8,38.4,38.8,39.1,39,39.5,39.2,39,38.8,38.7,-9999,-9999,-9999,-9999,-9999,-9999,-9999,-9999,-9999,9.301216125488281
"2025-06-19 17:57:27",38.9,38.8,38.4,38.8,39.1,39,39.5,39.2,39,38.8,38.7,-9999,-9999,-9999,-9999,-9999,-9999,-9999,-9999,-9999,9.300882339477539
"2025-06-19 17:57:35",38.9,38.8,38.4,38.8,39.1,39,39.5,39.2,39,38.8,38.7,-9999,-9999,-9999,-9999,-9999,-9999,-9999,-9999,-9999,9.301454544067383
"2025-06-19 17:57:38",38.9,38.8,38.4,38.8,39.2,39,39.5,39.2,39,38.8,38.7,-9999,-9999,-9999,-9999,-9999,-9999,-9999,-9999,-9999,9.301172256469727
"2025-06-19 17:57:45",38.9,38.8,38.4,38.8,39.2,39,39.5,39.2,38.9,38.8,38.7,-9999,-9999,-9999,-9999,-9999,-9999,-9999,-9999,-9999,9.301316261291504
"2025-06-19 17:57:48",38.9,38.8,38.4,38.8,39.1,39,39.5,39.2,39,38.8,38.7,-9999,-9999,-9999,-9999,-9999,-9999,-9999,-9999,-9999,9.30130386352539
"2025-06-19 17:57:55",38.9,38.8,38.4,38.8,39.1,39,39.4,39.2,39,38.8,38.7,-9999,-9999,-9999,-9999,-9999,-9999,-9999,-9999,-9999,9.300992012023926
"2025-06-19 17:57:59",38.9,38.8,38.4,38.8,39.2,39,39.4,39.2,39,38.8,38.8,-9999,-9999,-9999,-9999,-9999,-9999,-9999,-9999,-9999,9.301376342773438
"2025-06-19 17:58:06",38.9,38.8,38.4,38.8,39.1,39,39.4,39.2,39,38.8,38.7,-9999,-9999,-9999,-9999,-9999,-9999,-9999,-9999,-9999,9.301650047302246
"2025-06-19 17:58:09",38.9,38.8,38.4,38.8,39.2,39,39.5,39.2,39,38.8,38.7,-9999,-9999,-9999,-9999,-9999,-9999,-9999,-9999,-9999,9.301325798034668
"2025-06-19 17:58:16",38.9,38.8,38.4,38.8,39.1,39,39.5,39.2,39,38.8,38.7,-9999,-9999,-9999,-9999,-9999,-9999,-9999,-9999,-9999,9.302186965942383
"2025-06-19 17:58:19",38.9,38.8,38.4,38.8,39.2,39,39.4,39.2,39,38.8,38.7,-9999,-9999,-9999,-9999,-9999,-9999,-9999,-9999,-9999,9.302228927612305
"2025-06-19 17:58:26",38.9,38.8,38.4,38.8,39.1,39,39.5,39.2,39,38.8,38.8,-9999,-9999,-9999,-9999,-9999,-9999,-9999,-9999,-9999,9.301803588867188
"2025-06-19 17:58:30",38.9,38.8,38.4,38.8,39.1,39,39.5,39.2,39,38.8,38.7,-9999,-9999,-9999,-9999,-9999,-9999,-9999,-9999,-9999,9.302794456481934
"2025-06-19 17:58:37",38.9,38.8,38.4,38.8,39.1,39,39.5,39.2,39,38.8,38.8,-9999,-9999,-9999,-9999,-9999,-9999,-9999,-9999,-9999,9.302498817443848
"2025-06-19 17:58:40",38.9,38.8,38.4,38.8,39.2,39,39.5,39.2,39,38.8,38.7,-9999,-9999,-9999,-9999,-9999,-9999,-9999,-9999,-9999,9.302489280700684
"2025-06-19 17:58:47",38.9,38.8,38.4,38.8,39.1,39,39.5,39.2,39,38.8,38.7,-9999,-9999,-9999,-9999,-9999,-9999,-9999,-9999,-9999,9.303351402282715
"2025-06-19 17:58:51",38.9,38.8,38.4,38.8,39.1,39,39.5,39.2,39,38.8,38.7,-9999,-9999,-9999,-9999,-9999,-9999,-9999,-9999,-9999,9.30329418182373
"2025-06-19 17:58:58",38.9,38.8,38.4,38.8,39.2,39,39.5,39.2,39,38.8,38.7,-9999,-9999,-9999,-9999,-9999,-9999,-9999,-9999,-9999,9.30285358428955
"2025-06-19 17:59:01",38.9,38.8,38.4,38.8,39.2,39,39.5,39.2,39,38.8,38.7,-9999,-9999,-9999,-9999,-9999,-9999,-9999,-9999,-9999,9.303150177001953
"2025-06-19 17:59:08",38.9,38.8,38.4,38.8,39.1,39,39.4,39.2,39,38.8,38.7,-9999,-9999,-9999,-9999,-9999,-9999,-9999,-9999,-9999,9.303112030029297
"2025-06-19 17:59:11",38.9,38.8,38.4,38.8,39.2,39,39.5,39.2,39,38.8,38.7,-9999,-9999,-9999,-9999,-9999,-9999,-9999,-9999,-9999,9.303584098815918
"2025-06-19 17:59:18",38.9,38.8,38.4,38.8,39.1,39,39.5,39.2,39,38.8,38.7,-9999,-9999,-9999,-9999,-9999,-9999,-9999,-9999,-9999,9.303236961364746
"2025-06-19 17:59:22",38.9,38.8,38.4,38.8,39.1,39,39.5,39.2,39,38.8,38.7,-9999,-9999,-9999,-9999,-9999,-9999,-9999,-9999,-9999,9.3033447265625
"2025-06-19 17:59:29",38.9,38.8,38.4,38.8,39.2,39,39.4,39.2,39,38.8,38.7,-9999,-9999,-9999,-9999,-9999,-9999,-9999,-9999,-9999,9.303916931152344
"2025-06-19 17:59:32",38.9,38.8,38.4,38.8,39.1,39,39.5,39.2,39,38.8,38.7,-9999,-9999,-9999,-9999,-9999,-9999,-9999,-9999,-9999,9.304018020629883
"2025-06-19 17:59:39",38.9,38.8,38.4,38.8,39.2,39,39.5,39.2,39,38.8,38.7,-9999,-9999,-9999,-9999,-9999,-9999,-9999,-9999,-9999,9.304206848144531
"2025-06-19 17:59:43",38.9,38.8,38.4,38.8,39.1,39,39.5,39.2,39,38.8,38.7,-9999,-9999,-9999,-9999,-9999,-9999,-9999,-9999,-9999,9.304590225219727
"2025-06-19 17:59:50",38.9,38.8,38.4,38.8,39.2,39,39.5,39.2,39,38.8,38.7,-9999,-9999,-9999,-9999,-9999,-9999,-9999,-9999,-9999,9.304800987243652
"2025-06-19 17:59:53",38.9,38.8,38.4,38.8,39.1,39,39.5,39.2,39,38.8,38.7,-9999,-9999,-9999,-9999,-9999,-9999,-9999,-9999,-9999,9.304438591003418
"2025-06-19 18:00:00",38.9,38.8,38.4,38.8,39.2,39,39.5,39.2,39,38.8,38.7,-9999,-9999,-9999,-9999,-9999,-9999,-9999,-9999,-9999,9.304902076721191
"2025-06-19 18:00:03",38.9,38.8,38.4,38.8,39.2,39,39.4,39.2,39,38.8,38.7,-9999,-9999,-9999,-9999,-9999,-9999,-9999,-9999,-9999,9.30472183227539
"2025-06-19 18:00:10",38.9,38.8,38.4,38.8,39.2,39,39.5,39.3,39,38.8,38.7,-9999,-9999,-9999,-9999,-9999,-9999,-9999,-9999,-9999,9.304627418518066
"2025-06-19 18:00:14",38.9,38.8,38.4,38.8,39.2,39,39.5,39.3,39,38.8,38.7,-9999,-9999,-9999,-9999,-9999,-9999,-9999,-9999,-9999,9.304671287536621
"2025-06-19 18:00:21",38.9,38.9,38.5,38.8,39.2,39,39.5,39.3,39,38.8,38.7,-9999,-9999,-9999,-9999,-9999,-9999,-9999,-9999,-9999,9.305068016052246
"2025-06-19 18:00:24",38.9,38.9,38.4,38.8,39.2,39,39.5,39.3,39,38.8,38.7,-9999,-9999,-9999,-9999,-9999,-9999,-9999,-9999,-9999,9.304765701293945
"2025-06-19 18:00:31",38.9,38.8,38.4,38.8,39.2,39,39.5,39.2,39,38.8,38.7,-9999,-9999,-9999,-9999,-9999,-9999,-9999,-9999,-9999,9.30525016784668
"2025-06-19 18:00:34",38.9,38.8,38.4,38.8,39.2,39,39.5,39.2,39,38.8,38.7,-9999,-9999,-9999,-9999,-9999,-9999,-9999,-9999,-9999,9.304699897766113
"2025-06-19 18:00:41",38.9,38.8,38.5,38.8,39.2,39,39.5,39.3,39,38.8,38.7,-9999,-9999,-9999,-9999,-9999,-9999,-9999,-9999,-9999,9.305785179138184
"2025-06-19 18:00:45",38.9,38.8,38.4,38.8,39.2,39.1,39.5,39.3,39,38.8,38.7,-9999,-9999,-9999,-9999,-9999,-9999,-9999,-9999,-9999,9.30594539642334
"2025-06-19 18:00:52",38.9,38.8,38.5,38.8,39.1,39,39.5,39.3,39,38.8,38.8,-9999,-9999,-9999,-9999,-9999,-9999,-9999,-9999,-9999,9.30555534362793
"2025-06-19 18:00:55",38.9,38.8,38.5,38.8,39.2,39,39.5,39.3,39,38.8,38.7,-9999,-9999,-9999,-9999,-9999,-9999,-9999,-9999,-9999,9.3058443069458
"2025-06-19 18:01:02",38.9,38.8,38.5,38.8,39.2,39,39.5,39.3,39,38.8,38.7,-9999,-9999,-9999,-9999,-9999,-9999,-9999,-9999,-9999,9.30585765838623
"2025-06-19 18:01:06",39,38.9,38.5,38.8,39.2,39,39.5,39.3,39,38.8,38.7,-9999,-9999,-9999,-9999,-9999,-9999,-9999,-9999,-9999,9.30599594116211
"2025-06-19 18:01:13",38.9,38.8,38.4,38.8,39.1,39,39.5,39.3,39,38.8,38.7,-9999,-9999,-9999,-9999,-9999,-9999,-9999,-9999,-9999,9.306156158447266
"2025-06-19 18:01:16",38.9,38.8,38.5,38.8,39.2,39,39.5,39.3,39,38.8,38.7,-9999,-9999,-9999,-9999,-9999,-9999,-9999,-9999,-9999,9.306344032287598
"2025-06-19 18:01:23",38.9,38.9,38.5,38.8,39.2,39,39.5,39.3,39,38.8,38.7,-9999,-9999,-9999,-9999,-9999,-9999,-9999,-9999,-9999,9.306178092956543
"2025-06-19 18:01:26",38.9,38.8,38.5,38.8,39.2,39,39.5,39.3,39,38.8,38.7,-9999,-9999,-9999,-9999,-9999,-9999,-9999,-9999,-9999,9.306532859802246
"2025-06-19 18:01:33",39,38.8,38.5,38.8,39.2,39.1,39.5,39.3,39,38.8,38.7,-9999,-9999,-9999,-9999,-9999,-9999,-9999,-9999,-9999,9.307140350341797
"2025-06-19 18:01:37",39,38.8,38.5,38.8,39.2,39,39.5,39.3,39,38.8,38.7,-9999,-9999,-9999,-9999,-9999,-9999,-9999,-9999,-9999,9.306741714477539
"2025-06-19 18:01:44",38.9,38.8,38.5,38.8,39.2,39.1,39.5,39.3,39,38.8,38.7,-9999,-9999,-9999,-9999,-9999,-9999,-9999,-9999,-9999,9.307103157043457
"2025-06-19 18:01:47",38.9,38.8,38.5,38.8,39.2,39,39.5,39.3,39,38.8,38.7,-9999,-9999,-9999,-9999,-9999,-9999,-9999,-9999,-9999,9.306944847106934
"2025-06-19 18:01:54",38.9,38.8,38.5,38.8,39.2,39.1,39.5,39.3,39,38.8,38.7,-9999,-9999,-9999,-9999,-9999,-9999,-9999,-9999,-9999,9.30801773071289
"2025-06-19 18:01:57",38.9,38.8,38.4,38.8,39.2,39,39.5,39.3,39,38.8,38.7,-9999,-9999,-9999,-9999,-9999,-9999,-9999,-9999,-9999,9.308218955993652
"2025-06-19 18:02:05",38.9,38.8,38.5,38.8,39.2,39,39.5,39.3,39,38.8,38.7,-9999,-9999,-9999,-9999,-9999,-9999,-9999,-9999,-9999,9.307785034179688
"2025-06-19 18:02:08",38.9,38.8,38.5,38.8,39.2,39,39.5,39.3,39,38.8,38.8,-9999,-9999,-9999,-9999,-9999,-9999,-9999,-9999,-9999,9.308161735534668
"2025-06-19 18:02:15",38.9,38.8,38.5,38.8,39.2,39.1,39.5,39.3,39,38.8,38.8,-9999,-9999,-9999,-9999,-9999,-9999,-9999,-9999,-9999,9.307538986206055
"2025-06-19 18:02:18",38.9,38.8,38.5,38.8,39.2,39.1,39.5,39.3,39,38.8,38.8,-9999,-9999,-9999,-9999,-9999,-9999,-9999,-9999,-9999,9.30801773071289
"2025-06-19 18:02:25",38.9,38.9,38.5,38.8,39.2,39.1,39.5,39.3,39,38.8,38.8,-9999,-9999,-9999,-9999,-9999,-9999,-9999,-9999,-9999,9.309052467346191
"2025-06-19 18:02:29",38.9,38.8,38.5,38.8,39.2,39.1,39.5,39.3,39,38.8,38.8,-9999,-9999,-9999,-9999,-9999,-9999,-9999,-9999,-9999,9.30859661102295
"2025-06-19 18:02:36",38.9,38.8,38.5,38.8,39.2,39.1,39.5,39.3,39,38.8,38.8,-9999,-9999,-9999,-9999,-9999,-9999,-9999,-9999,-9999,9.30863094329834
"2025-06-19 18:02:39",38.9,38.8,38.5,38.8,39.2,39,39.5,39.3,39,38.8,38.8,-9999,-9999,-9999,-9999,-9999,-9999,-9999,-9999,-9999,9.308320045471191
"2025-06-19 18:02:46",38.9,38.8,38.5,38.8,39.2,39.1,39.5,39.3,39,38.8,38.8,-9999,-9999,-9999,-9999,-9999,-9999,-9999,-9999,-9999,9.308747291564941
"2025-06-19 18:02:49",38.9,38.8,38.5,38.8,39.2,39,39.5,39.3,39,38.8,38.8,-9999,-9999,-9999,-9999,-9999,-9999,-9999,-9999,-9999,9.308537483215332
"2025-06-19 18:02:56",38.9,38.9,38.5,38.8,39.2,39.1,39.5,39.3,39,38.8,38.8,-9999,-9999,-9999,-9999,-9999,-9999,-9999,-9999,-9999,9.309074401855469
"2025-06-19 18:03:00",38.9,38.8,38.5,38.8,39.2,39.1,39.5,39.3,39,38.8,38.8,-9999,-9999,-9999,-9999,-9999,-9999,-9999,-9999,-9999,9.308625221252441
"2025-06-19 18:03:07",38.9,38.9,38.5,38.8,39.2,39.1,39.5,39.3,39,38.8,38.8,-9999,-9999,-9999,-9999,-9999,-9999,-9999,-9999,-9999,9.309690475463867
"2025-06-19 18:03:10",38.9,38.9,38.5,38.8,39.2,39.1,39.5,39.3,39,38.8,38.8,-9999,-9999,-9999,-9999,-9999,-9999,-9999,-9999,-9999,9.309992790222168
"2025-06-19 18:03:17",38.9,38.8,38.5,38.8,39.2,39.1,39.5,39.3,39,38.8,38.8,-9999,-9999,-9999,-9999,-9999,-9999,-9999,-9999,-9999,9.309596061706543
"2025-06-19 18:03:21",38.9,38.8,38.5,38.8,39.2,39.1,39.5,39.3,39,38.8,38.7,-9999,-9999,-9999,-9999,-9999,-9999,-9999,-9999,-9999,9.309935569763184
"2025-06-19 18:03:28",38.9,38.8,38.5,38.8,39.2,39.1,39.5,39.3,39,38.8,38.8,-9999,-9999,-9999,-9999,-9999,-9999,-9999,-9999,-9999,9.309356689453125
"2025-06-19 18:03:31",38.9,38.9,38.4,38.8,39.2,39,39.5,39.3,39,38.8,38.8,-9999,-9999,-9999,-9999,-9999,-9999,-9999,-9999,-9999,9.310087203979492
"2025-06-19 18:03:38",38.9,38.8,38.5,38.8,39.2,39.1,39.5,39.3,39,38.8,38.8,-9999,-9999,-9999,-9999,-9999,-9999,-9999,-9999,-9999,9.309558868408203
"2025-06-19 18:03:41",38.9,38.8,38.5,38.8,39.2,39.1,39.5,39.3,39,38.8,38.7,-9999,-9999,-9999,-9999,-9999,-9999,-9999,-9999,-9999,9.31005859375
"2025-06-19 18:03:48",38.9,38.8,38.5,38.8,39.2,39.1,39.5,39.3,39,38.8,38.7,-9999,-9999,-9999,-9999,-9999,-9999,-9999,-9999,-9999,9.310574531555176
"2025-06-19 18:03:52",38.9,38.8,38.5,38.8,39.2,39.1,39.5,39.3,39,38.8,38.8,-9999,-9999,-9999,-9999,-9999,-9999,-9999,-9999,-9999,9.310630798339844
"2025-06-19 18:03:59",38.9,38.8,38.5,38.8,39.2,39.1,39.5,39.3,39,38.8,38.8,-9999,-9999,-9999,-9999,-9999,-9999,-9999,-9999,-9999,9.31110954284668
"2025-06-19 18:04:02",38.9,38.9,38.5,38.8,39.2,39.1,39.5,39.3,39,38.8,38.8,-9999,-9999,-9999,-9999,-9999,-9999,-9999,-9999,-9999,9.310181617736816
"2025-06-19 18:04:09",38.9,38.9,38.5,38.8,39.2,39.1,39.5,39.3,39,38.8,38.7,-9999,-9999,-9999,-9999,-9999,-9999,-9999,-9999,-9999,9.310689926147461
"2025-06-19 18:04:12",38.9,38.9,38.5,38.8,39.2,39.1,39.5,39.3,39,38.8,38.8,-9999,-9999,-9999,-9999,-9999,-9999,-9999,-9999,-9999,9.310523986816406
"2025-06-19 18:04:20",39,38.8,38.5,38.8,39.2,39.1,39.5,39.3,39.1,38.8,38.8,-9999,-9999,-9999,-9999,-9999,-9999,-9999,-9999,-9999,9.310747146606445
"2025-06-19 18:04:23",38.9,38.8,38.5,38.8,39.2,39.1,39.5,39.3,39,38.8,38.7,-9999,-9999,-9999,-9999,-9999,-9999,-9999,-9999,-9999,9.310646057128906
"2025-06-19 18:04:30",38.9,38.9,38.5,38.8,39.2,39.1,39.5,39.3,39,38.8,38.8,-9999,-9999,-9999,-9999,-9999,-9999,-9999,-9999,-9999,9.31114673614502
"2025-06-19 18:04:33",38.9,38.9,38.5,38.8,39.2,39.1,39.5,39.3,39,38.8,38.7,-9999,-9999,-9999,-9999,-9999,-9999,-9999,-9999,-9999,9.311457633972168
"2025-06-19 18:04:40",38.9,38.9,38.5,38.8,39.2,39.1,39.5,39.3,39,38.8,38.7,-9999,-9999,-9999,-9999,-9999,-9999,-9999,-9999,-9999,9.311246871948242
"2025-06-19 18:04:44",38.9,38.9,38.5,38.8,39.2,39.1,39.5,39.3,39,38.8,38.7,-9999,-9999,-9999,-9999,-9999,-9999,-9999,-9999,-9999,9.311464309692383
"2025-06-19 18:04:51",38.9,38.9,38.5,38.8,39.2,39.1,39.5,39.3,39,38.8,38.8,-9999,-9999,-9999,-9999,-9999,-9999,-9999,-9999,-9999,9.311725616455078
"2025-06-19 18:04:54",38.9,38.9,38.5,38.8,39.2,39.1,39.5,39.3,39,38.8,38.7,-9999,-9999,-9999,-9999,-9999,-9999,-9999,-9999,-9999,9.311957359313965
"2025-06-19 18:05:01",38.9,38.8,38.5,38.8,39.2,39,39.5,39.3,39,38.8,38.7,-9999,-9999,-9999,-9999,-9999,-9999,-9999,-9999,-9999,9.31213092803955
"2025-06-19 18:05:04",38.9,38.9,38.5,38.8,39.2,39,39.5,39.3,39,38.8,38.7,-9999,-9999,-9999,-9999,-9999,-9999,-9999,-9999,-9999,9.311731338500977
"2025-06-19 18:05:11",39,38.9,38.5,38.8,39.2,39,39.5,39.3,39,38.8,38.7,-9999,-9999,-9999,-9999,-9999,-9999,-9999,-9999,-9999,9.311854362487793
"2025-06-19 18:05:15",38.9,38.9,38.5,38.8,39.2,39.1,39.5,39.3,39,38.8,38.7,-9999,-9999,-9999,-9999,-9999,-9999,-9999,-9999,-9999,9.31240463256836
"2025-06-19 18:05:22",38.9,38.8,38.5,38.8,39.2,39,39.5,39.3,39,38.8,38.7,-9999,-9999,-9999,-9999,-9999,-9999,-9999,-9999,-9999,9.312326431274414
"2025-06-19 18:05:25",38.9,38.9,38.5,38.8,39.2,39,39.5,39.3,39,38.8,38.7,-9999,-9999,-9999,-9999,-9999,-9999,-9999,-9999,-9999,9.312124252319336
"2025-06-19 18:05:32",38.9,38.9,38.5,38.8,39.2,39,39.5,39.3,39,38.8,38.7,-9999,-9999,-9999,-9999,-9999,-9999,-9999,-9999,-9999,9.312507629394531
"2025-06-19 18:05:36",38.9,38.8,38.5,38.8,39.2,39,39.5,39.3,39,38.8,38.7,-9999,-9999,-9999,-9999,-9999,-9999,-9999,-9999,-9999,9.312247276306152
"2025-06-19 18:05:43",38.9,38.8,38.5,38.8,39.2,39,39.5,39.3,39,38.8,38.7,-9999,-9999,-9999,-9999,-9999,-9999,-9999,-9999,-9999,9.31292724609375
"2025-06-19 18:05:46",38.9,38.8,38.5,38.8,39.2,39,39.5,39.3,39,38.8,38.7,-9999,-9999,-9999,-9999,-9999,-9999,-9999,-9999,-9999,9.313411712646484
"2025-06-19 18:05:53",38.9,38.8,38.5,38.8,39.1,39,39.5,39.3,39,38.8,38.7,-9999,-9999,-9999,-9999,-9999,-9999,-9999,-9999,-9999,9.313172340393066
"2025-06-19 18:05:56",38.9,38.8,38.5,38.8,39.1,39,39.5,39.3,39,38.8,38.7,-9999,-9999,-9999,-9999,-9999,-9999,-9999,-9999,-9999,9.313325881958008
"2025-06-19 18:06:03",38.9,38.9,38.5,38.8,39.1,39,39.5,39.3,39,38.8,38.7,-9999,-9999,-9999,-9999,-9999,-9999,-9999,-9999,-9999,9.313577651977539
"2025-06-19 18:06:07",38.9,38.9,38.5,38.8,39.2,39,39.5,39.3,39,38.8,38.7,-9999,-9999,-9999,-9999,-9999,-9999,-9999,-9999,-9999,9.313486099243164
"2025-06-19 18:06:14",38.9,38.9,38.5,38.8,39.1,39,39.5,39.3,39,38.8,38.7,-9999,-9999,-9999,-9999,-9999,-9999,-9999,-9999,-9999,9.313433647155762
"2025-06-19 18:06:17",38.9,38.9,38.5,38.8,39.2,39,39.5,39.3,39,38.8,38.7,-9999,-9999,-9999,-9999,-9999,-9999,-9999,-9999,-9999,9.31330394744873
"2025-06-19 18:06:24",38.9,38.9,38.5,38.8,39.2,39,39.5,39.3,39,38.8,38.7,-9999,-9999,-9999,-9999,-9999,-9999,-9999,-9999,-9999,9.313702583312988
"2025-06-19 18:06:27",38.9,38.9,38.5,38.8,39.2,39,39.5,39.3,39,38.8,38.7,-9999,-9999,-9999,-9999,-9999,-9999,-9999,-9999,-9999,9.313898086547852
"2025-06-19 18:06:34",38.9,38.8,38.5,38.8,39.2,39,39.5,39.3,39,38.8,38.7,-9999,-9999,-9999,-9999,-9999,-9999,-9999,-9999,-9999,9.314188003540039
"2025-06-19 18:06:38",38.9,38.9,38.5,38.8,39.2,39,39.5,39.3,39,38.8,38.7,-9999,-9999,-9999,-9999,-9999,-9999,-9999,-9999,-9999,9.314382553100586
"2025-06-19 18:06:45",38.9,38.9,38.5,38.8,39.2,39,39.5,39.3,39,38.8,38.7,-9999,-9999,-9999,-9999,-9999,-9999,-9999,-9999,-9999,9.314404487609863
"2025-06-19 18:06:48",38.9,38.8,38.5,38.8,39.2,39,39.5,39.3,39,38.8,38.7,-9999,-9999,-9999,-9999,-9999,-9999,-9999,-9999,-9999,9.314441680908203
"2025-06-19 18:06:55",38.9,38.9,38.5,38.8,39.1,39,39.5,39.3,39,38.8,38.7,-9999,-9999,-9999,-9999,-9999,-9999,-9999,-9999,-9999,9.314404487609863
"2025-06-19 18:06:59",38.9,38.9,38.5,38.8,39.1,39,39.5,39.2,39,38.8,38.7,-9999,-9999,-9999,-9999,-9999,-9999,-9999,-9999,-9999,9.31404972076416
"2025-06-19 18:07:06",38.9,38.8,38.5,38.8,39.1,39,39.4,39.3,39,38.8,38.7,-9999,-9999,-9999,-9999,-9999,-9999,-9999,-9999,-9999,9.313970565795898
"2025-06-19 18:07:09",38.9,38.9,38.5,38.8,39.2,39,39.4,39.3,39,38.8,38.7,-9999,-9999,-9999,-9999,-9999,-9999,-9999,-9999,-9999,9.31451416015625
"2025-06-19 18:07:16",38.9,38.8,38.5,38.8,39.3,39.3,39.4,39.3,39,38.8,38.7,-9999,-9999,-9999,-9999,-9999,-9999,-9999,-9999,-9999,9.315332412719727
"2025-06-19 18:07:19",38.9,38.8,38.5,38.8,39.6,39.6,39.4,39.3,39,38.8,38.7,-9999,-9999,-9999,-9999,-9999,-9999,-9999,-9999,-9999,9.314810752868652
"2025-06-19 18:07:26",38.9,38.9,38.5,38.8,40.1,40.1,39.5,39.3,39,38.8,38.7,-9999,-9999,-9999,-9999,-9999,-9999,-9999,-9999,-9999,9.31473159790039
"2025-06-19 18:07:30",38.9,38.9,38.5,38.8,40.2,40.3,39.5,39.2,39,38.8,38.7,-9999,-9999,-9999,-9999,-9999,-9999,-9999,-9999,-9999,9.314709663391113
"2025-06-19 18:07:37",38.9,38.8,38.5,38.8,40.5,40.6,39.5,39.2,39,38.8,38.7,-9999,-9999,-9999,-9999,-9999,-9999,-9999,-9999,-9999,9.314926147460938
"2025-06-19 18:07:40",38.9,38.8,38.5,38.8,40.6,40.7,39.5,39.3,39,38.8,38.7,-9999,-9999,-9999,-9999,-9999,-9999,-9999,-9999,-9999,9.31607723236084
"2025-06-19 18:07:47",38.9,38.8,38.5,38.8,40.7,40.8,39.5,39.3,39,38.8,38.7,-9999,-9999,-9999,-9999,-9999,-9999,-9999,-9999,-9999,9.316121101379395
"2025-06-19 18:07:51",38.9,38.8,38.5,38.8,40.8,40.9,39.5,39.2,39,38.8,38.7,-9999,-9999,-9999,-9999,-9999,-9999,-9999,-9999,-9999,9.315876007080078
"2025-06-19 18:07:58",38.9,38.9,38.5,38.8,40.9,41,39.5,39.3,39,38.8,38.7,-9999,-9999,-9999,-9999,-9999,-9999,-9999,-9999,-9999,9.31570053100586
"2025-06-19 18:08:01",38.9,38.9,38.5,38.8,40.9,41,39.5,39.3,39,38.8,38.7,-9999,-9999,-9999,-9999,-9999,-9999,-9999,-9999,-9999,9.316061973571777
"2025-06-19 18:08:08",38.9,38.9,38.4,38.8,41,41.1,39.5,39.3,39,38.8,38.7,-9999,-9999,-9999,-9999,-9999,-9999,-9999,-9999,-9999,9.316193580627441
"2025-06-19 18:08:11",38.9,38.8,38.5,38.8,41,41.1,39.5,39.3,39,38.8,38.7,-9999,-9999,-9999,-9999,-9999,-9999,-9999,-9999,-9999,9.316193580627441
"2025-06-19 18:08:18",38.9,38.8,38.5,38.8,41,41.2,39.5,39.3,39,38.8,38.7,-9999,-9999,-9999,-9999,-9999,-9999,-9999,-9999,-9999,9.316454887390137
"2025-06-19 18:08:22",38.9,38.8,38.4,38.8,41,41.2,39.5,39.3,39,38.8,38.7,-9999,-9999,-9999,-9999,-9999,-9999,-9999,-9999,-9999,9.316266059875488
"2025-06-19 18:08:29",38.9,38.8,38.5,38.8,41,41.2,39.5,39.3,39,38.8,38.8,-9999,-9999,-9999,-9999,-9999,-9999,-9999,-9999,-9999,9.316555976867676
"2025-06-19 18:08:32",38.9,38.9,38.5,38.8,41,41.2,39.5,39.3,39,38.8,38.8,-9999,-9999,-9999,-9999,-9999,-9999,-9999,-9999,-9999,9.316549301147461
"2025-06-19 18:08:39",38.9,38.9,38.5,38.8,41.1,41.2,39.5,39.3,39,38.8,38.8,-9999,-9999,-9999,-9999,-9999,-9999,-9999,-9999,-9999,9.316520690917969
"2025-06-19 18:08:42",38.9,38.9,38.5,38.8,41.1,41.2,39.5,39.3,39,38.8,38.8,-9999,-9999,-9999,-9999,-9999,-9999,-9999,-9999,-9999,9.317381858825684
"2025-06-19 18:08:49",38.9,38.8,38.5,38.8,41.1,41.3,39.5,39.3,39,38.8,38.8,-9999,-9999,-9999,-9999,-9999,-9999,-9999,-9999,-9999,9.317193984985352
"2025-06-19 18:08:53",38.9,38.8,38.5,38.8,41.1,41.3,39.5,39.3,39,38.8,38.8,-9999,-9999,-9999,-9999,-9999,-9999,-9999,-9999,-9999,9.317344665527344
"2025-06-19 18:09:00",38.9,38.8,38.5,38.8,41.1,41.3,39.5,39.3,39,38.8,38.8,-9999,-9999,-9999,-9999,-9999,-9999,-9999,-9999,-9999,9.317526817321777
"2025-06-19 18:09:03",38.9,38.8,38.5,38.8,41.1,41.3,39.5,39.3,39,38.8,38.8,-9999,-9999,-9999,-9999,-9999,-9999,-9999,-9999,-9999,9.317621231079102
"2025-06-19 18:09:10",38.9,38.9,38.5,38.8,41.1,41.3,39.5,39.3,39,38.8,38.8,-9999,-9999,-9999,-9999,-9999,-9999,-9999,-9999,-9999,9.317649841308594
"2025-06-19 18:09:14",38.9,38.8,38.4,38.8,41.1,41.3,39.5,39.3,39,38.8,38.8,-9999,-9999,-9999,-9999,-9999,-9999,-9999,-9999,-9999,9.317496299743652
"2025-06-19 18:09:21",38.9,38.8,38.5,38.8,41.1,41.3,39.5,39.3,39,38.8,38.8,-9999,-9999,-9999,-9999,-9999,-9999,-9999,-9999,-9999,9.318046569824219
"2025-06-19 18:09:24",38.9,38.9,38.5,38.8,41.1,41.3,39.5,39.3,39,38.8,38.8,-9999,-9999,-9999,-9999,-9999,-9999,-9999,-9999,-9999,9.318046569824219
"2025-06-19 18:09:31",38.9,38.8,38.4,38.8,41.1,41.3,39.5,39.3,39,38.8,38.8,-9999,-9999,-9999,-9999,-9999,-9999,-9999,-9999,-9999,9.318083763122559
"2025-06-19 18:09:34",38.9,38.9,38.5,38.8,41.1,41.3,39.5,39.3,39,38.8,38.8,-9999,-9999,-9999,-9999,-9999,-9999,-9999,-9999,-9999,9.318410873413086
"2025-06-19 18:09:41",38.9,38.8,38.5,38.8,41.1,41.3,39.5,39.3,39,38.8,38.8,-9999,-9999,-9999,-9999,-9999,-9999,-9999,-9999,-9999,9.318193435668945
"2025-06-19 18:09:45",38.9,38.8,38.5,38.8,41.1,41.3,39.5,39.3,39,38.8,38.8,-9999,-9999,-9999,-9999,-9999,-9999,-9999,-9999,-9999,9.319140434265137
"2025-06-19 18:09:52",38.9,38.9,38.5,38.8,41.1,41.3,39.5,39.3,39,38.8,38.8,-9999,-9999,-9999,-9999,-9999,-9999,-9999,-9999,-9999,9.318772315979004
"2025-06-19 18:09:55",38.9,38.9,38.5,38.8,41.1,41.3,39.5,39.3,39,38.8,38.8,-9999,-9999,-9999,-9999,-9999,-9999,-9999,-9999,-9999,9.318923950195312
"2025-06-19 18:10:02",38.9,38.8,38.5,38.8,41.1,41.3,39.5,39.3,39,38.8,38.8,-9999,-9999,-9999,-9999,-9999,-9999,-9999,-9999,-9999,9.319133758544922
"2025-06-19 18:10:05",38.9,38.8,38.5,38.8,41.1,41.3,39.5,39.3,39,38.8,38.8,-9999,-9999,-9999,-9999,-9999,-9999,-9999,-9999,-9999,9.319011688232422
"2025-06-19 18:10:12",38.9,38.9,38.5,38.8,41.1,41.3,39.5,39.3,39,38.8,38.8,-9999,-9999,-9999,-9999,-9999,-9999,-9999,-9999,-9999,9.318930625915527
"2025-06-19 18:10:16",38.9,38.9,38.5,38.8,41.1,41.3,39.5,39.3,39,38.8,38.8,-9999,-9999,-9999,-9999,-9999,-9999,-9999,-9999,-9999,9.319018363952637
"2025-06-19 18:10:23",38.9,38.9,38.5,38.8,41.1,41.3,39.5,39.3,39.1,38.8,38.8,-9999,-9999,-9999,-9999,-9999,-9999,-9999,-9999,-9999,9.319518089294434
"2025-06-19 18:10:26",38.9,38.9,38.5,38.8,41.1,41.3,39.5,39.3,39.1,38.8,38.8,-9999,-9999,-9999,-9999,-9999,-9999,-9999,-9999,-9999,9.319663047790527
"2025-06-19 18:10:33",38.9,38.9,38.5,38.8,41.1,41.3,39.5,39.3,39.1,38.8,38.8,-9999,-9999,-9999,-9999,-9999,-9999,-9999,-9999,-9999,9.319734573364258
"2025-06-19 18:10:37",38.9,38.9,38.5,38.8,41.1,41.3,39.5,39.3,39,38.8,38.8,-9999,-9999,-9999,-9999,-9999,-9999,-9999,-9999,-9999,9.319807052612305
"2025-06-19 18:10:44",38.9,38.9,38.5,38.8,41.1,41.3,39.5,39.3,39,38.8,38.8,-9999,-9999,-9999,-9999,-9999,-9999,-9999,-9999,-9999,9.320313453674316
"2025-06-19 18:10:47",38.9,38.8,38.5,38.8,41.1,41.3,39.5,39.3,39,38.8,38.8,-9999,-9999,-9999,-9999,-9999,-9999,-9999,-9999,-9999,9.320039749145508
"2025-06-19 18:10:54",38.9,38.9,38.5,38.8,41.1,41.3,39.5,39.3,39.1,38.8,38.8,-9999,-9999,-9999,-9999,-9999,-9999,-9999,-9999,-9999,9.320530891418457
"2025-06-19 18:10:57",38.9,38.9,38.5,38.8,41.1,41.3,39.5,39.3,39,38.8,38.8,-9999,-9999,-9999,-9999,-9999,-9999,-9999,-9999,-9999,9.320473670959473
"2025-06-19 18:11:04",38.9,38.8,38.5,38.8,41.1,41.3,39.5,39.3,39.1,38.8,38.8,-9999,-9999,-9999,-9999,-9999,-9999,-9999,-9999,-9999,9.320241928100586
"2025-06-19 18:11:08",38.9,38.9,38.5,38.8,41.1,41.3,39.5,39.3,39,38.8,38.8,-9999,-9999,-9999,-9999,-9999,-9999,-9999,-9999,-9999,9.320438385009766
"2025-06-19 18:11:15",38.9,38.9,38.5,38.8,41.1,41.3,39.5,39.3,39.1,38.8,38.8,-9999,-9999,-9999,-9999,-9999,-9999,-9999,-9999,-9999,9.32080078125
"2025-06-19 18:11:18",38.9,38.9,38.5,38.8,41.1,41.3,39.5,39.3,39,38.8,38.8,-9999,-9999,-9999,-9999,-9999,-9999,-9999,-9999,-9999,9.320908546447754
"2025-06-19 18:11:25",38.9,38.8,38.5,38.8,41.1,41.3,39.5,39.3,39,38.8,38.8,-9999,-9999,-9999,-9999,-9999,-9999,-9999,-9999,-9999,9.320829391479492
"2025-06-19 18:11:29",38.9,38.9,38.4,38.8,41.1,41.3,39.5,39.3,39.1,38.8,38.8,-9999,-9999,-9999,-9999,-9999,-9999,-9999,-9999,-9999,9.321480751037598
"2025-06-19 18:11:35",38.9,38.9,38.5,38.8,41.1,41.3,39.5,39.3,39,38.8,38.8,-9999,-9999,-9999,-9999,-9999,-9999,-9999,-9999,-9999,9.320879936218262
"2025-06-19 18:11:39",38.9,38.9,38.5,38.8,41.1,41.3,39.5,39.3,39,38.8,38.8,-9999,-9999,-9999,-9999,-9999,-9999,-9999,-9999,-9999,9.321423530578613
"2025-06-19 18:11:46",38.9,38.9,38.5,38.8,41.1,41.3,39.5,39.3,39,38.8,38.8,-9999,-9999,-9999,-9999,-9999,-9999,-9999,-9999,-9999,9.322112083435059
"2025-06-19 18:11:49",38.9,38.9,38.5,38.8,41.1,41.3,39.5,39.3,39,38.8,38.8,-9999,-9999,-9999,-9999,-9999,-9999,-9999,-9999,-9999,9.322196960449219
"2025-06-19 18:11:56",38.9,38.9,38.5,38.8,41.1,41.3,39.5,39.3,39,38.8,38.8,-9999,-9999,-9999,-9999,-9999,-9999,-9999,-9999,-9999,9.321683883666992
"2025-06-19 18:12:00",38.9,38.9,38.5,38.8,41.1,41.3,39.5,39.3,39,38.8,38.8,-9999,-9999,-9999,-9999,-9999,-9999,-9999,-9999,-9999,9.322870254516602
"2025-06-19 18:12:07",38.9,38.9,38.5,38.8,41.1,41.3,39.5,39.3,39,38.8,38.8,-9999,-9999,-9999,-9999,-9999,-9999,-9999,-9999,-9999,9.321864128112793
"2025-06-19 18:12:10",38.9,38.8,38.5,38.8,41.1,41.3,39.5,39.3,39,38.8,38.8,-9999,-9999,-9999,-9999,-9999,-9999,-9999,-9999,-9999,9.321842193603516
"2025-06-19 18:12:17",38.9,38.9,38.5,38.8,41.1,41.3,39.5,39.3,39,38.8,38.8,-9999,-9999,-9999,-9999,-9999,-9999,-9999,-9999,-9999,9.32219123840332
"2025-06-19 18:12:20",38.9,38.9,38.5,38.8,41.1,41.3,39.5,39.3,39,38.8,38.8,-9999,-9999,-9999,-9999,-9999,-9999,-9999,-9999,-9999,9.322059631347656
"2025-06-19 18:12:27",39,38.8,38.5,38.8,41.1,41.3,39.5,39.3,39,38.8,38.8,-9999,-9999,-9999,-9999,-9999,-9999,-9999,-9999,-9999,9.322552680969238
"2025-06-19 18:12:31",38.9,38.8,38.5,38.8,41.1,41.3,39.5,39.3,39,38.8,38.8,-9999,-9999,-9999,-9999,-9999,-9999,-9999,-9999,-9999,9.322785377502441
"2025-06-19 18:12:38",38.9,38.8,38.5,38.8,41.1,41.3,39.5,39.3,39,38.8,38.8,-9999,-9999,-9999,-9999,-9999,-9999,-9999,-9999,-9999,9.323212623596191
"2025-06-19 18:12:41",38.9,38.9,38.5,38.8,41.1,41.3,39.5,39.3,39,38.8,38.8,-9999,-9999,-9999,-9999,-9999,-9999,-9999,-9999,-9999,9.322726249694824
"2025-06-19 18:12:48",38.9,38.8,38.5,38.8,41.1,41.3,39.5,39.3,39,38.8,38.8,-9999,-9999,-9999,-9999,-9999,-9999,-9999,-9999,-9999,9.322675704956055
"2025-06-19 18:12:52",38.9,38.8,38.5,38.8,41.1,41.3,39.5,39.3,39,38.8,38.8,-9999,-9999,-9999,-9999,-9999,-9999,-9999,-9999,-9999,9.32332706451416
"2025-06-19 18:12:59",38.9,38.9,38.4,38.8,41.1,41.3,39.5,39.3,39,38.8,38.8,-9999,-9999,-9999,-9999,-9999,-9999,-9999,-9999,-9999,9.323298454284668
"2025-06-19 18:13:02",38.9,38.8,38.4,38.8,41.1,41.3,39.5,39.3,39,38.8,38.8,-9999,-9999,-9999,-9999,-9999,-9999,-9999,-9999,-9999,9.323617935180664
"2025-06-19 18:13:09",38.9,38.8,38.5,38.8,41.1,41.3,39.5,39.3,39,38.8,38.8,-9999,-9999,-9999,-9999,-9999,-9999,-9999,-9999,-9999,9.323870658874512
"2025-06-19 18:13:12",38.9,38.8,38.5,38.8,41.1,41.3,39.5,39.3,39,38.8,38.8,-9999,-9999,-9999,-9999,-9999,-9999,-9999,-9999,-9999,9.323784828186035
"2025-06-19 18:13:19",38.9,38.8,38.5,38.8,41.1,41.3,39.5,39.3,39,38.8,38.8,-9999,-9999,-9999,-9999,-9999,-9999,-9999,-9999,-9999,9.323776245117188
"2025-06-19 18:13:23",38.9,38.8,38.5,38.8,41.1,41.3,39.5,39.3,39,38.8,38.8,-9999,-9999,-9999,-9999,-9999,-9999,-9999,-9999,-9999,9.323342323303223
"2025-06-19 18:13:30",38.9,38.9,38.5,38.8,41.1,41.3,39.5,39.3,39,38.8,38.8,-9999,-9999,-9999,-9999,-9999,-9999,-9999,-9999,-9999,9.323914527893066
"2025-06-19 18:13:33",38.9,38.9,38.5,38.8,41.1,41.3,39.5,39.3,39,38.8,38.8,-9999,-9999,-9999,-9999,-9999,-9999,-9999,-9999,-9999,9.324118614196777
"2025-06-19 18:13:40",38.9,38.9,38.5,38.8,41.1,41.3,39.5,39.3,39,38.8,38.8,-9999,-9999,-9999,-9999,-9999,-9999,-9999,-9999,-9999,9.324304580688477
"2025-06-19 18:13:43",38.9,38.8,38.5,38.8,41.1,41.3,39.5,39.3,39,38.8,38.8,-9999,-9999,-9999,-9999,-9999,-9999,-9999,-9999,-9999,9.324254035949707
"2025-06-19 18:13:50",38.9,38.9,38.5,38.8,41.1,41.3,39.5,39.3,39,38.8,38.8,-9999,-9999,-9999,-9999,-9999,-9999,-9999,-9999,-9999,9.324319839477539
"2025-06-19 18:13:54",38.9,38.9,38.5,38.8,41.1,41.3,39.5,39.3,39,38.8,38.8,-9999,-9999,-9999,-9999,-9999,-9999,-9999,-9999,-9999,9.324552536010742
"2025-06-19 18:14:01",38.9,38.9,38.5,38.8,41.1,41.3,39.5,39.3,39,38.8,38.8,-9999,-9999,-9999,-9999,-9999,-9999,-9999,-9999,-9999,9.324812889099121
"2025-06-19 18:14:04",38.9,38.9,38.5,38.8,41.1,41.3,39.5,39.3,39,38.8,38.8,-9999,-9999,-9999,-9999,-9999,-9999,-9999,-9999,-9999,9.324935913085938
"2025-06-19 18:14:11",38.9,38.9,38.5,38.8,41.1,41.3,39.5,39.3,39,38.8,38.8,-9999,-9999,-9999,-9999,-9999,-9999,-9999,-9999,-9999,9.325175285339355
"2025-06-19 18:14:15",38.9,38.8,38.5,38.8,41.1,41.3,39.5,39.3,39,38.8,38.8,-9999,-9999,-9999,-9999,-9999,-9999,-9999,-9999,-9999,9.32457447052002
"2025-06-19 18:14:22",38.9,38.8,38.5,38.8,41.1,41.3,39.5,39.3,39,38.8,38.8,-9999,-9999,-9999,-9999,-9999,-9999,-9999,-9999,-9999,9.324775695800781
"2025-06-19 18:14:25",38.9,38.9,38.5,38.8,41.1,41.3,39.5,39.3,39,38.8,38.8,-9999,-9999,-9999,-9999,-9999,-9999,-9999,-9999,-9999,9.324949264526367
"2025-06-19 18:14:32",38.9,38.9,38.5,38.8,41.1,41.3,39.5,39.3,39,38.8,38.8,-9999,-9999,-9999,-9999,-9999,-9999,-9999,-9999,-9999,9.325530052185059
"2025-06-19 18:14:35",38.9,38.9,38.5,38.8,41.1,41.3,39.5,39.3,39,38.8,38.8,-9999,-9999,-9999,-9999,-9999,-9999,-9999,-9999,-9999,9.325782775878906
"2025-06-19 18:14:42",38.9,38.9,38.5,38.8,41.1,41.3,39.5,39.3,39,38.8,38.8,-9999,-9999,-9999,-9999,-9999,-9999,-9999,-9999,-9999,9.325738906860352
"2025-06-19 18:14:46",38.9,38.8,38.5,38.8,41.1,41.3,39.5,39.3,39,38.8,38.8,-9999,-9999,-9999,-9999,-9999,-9999,-9999,-9999,-9999,9.325448989868164
"2025-06-19 18:14:53",38.9,38.9,38.5,38.8,41.1,41.3,39.5,39.3,39,38.8,38.8,-9999,-9999,-9999,-9999,-9999,-9999,-9999,-9999,-9999,9.325543403625488
"2025-06-19 18:14:56",38.9,38.9,38.5,38.8,41.1,41.3,39.5,39.3,39,38.8,38.8,-9999,-9999,-9999,-9999,-9999,-9999,-9999,-9999,-9999,9.32560920715332
"2025-06-19 18:15:03",38.9,38.9,38.5,38.8,41.1,41.3,39.5,39.3,39,38.8,38.8,-9999,-9999,-9999,-9999,-9999,-9999,-9999,-9999,-9999,9.326398849487305
"2025-06-19 18:15:06",38.9,38.9,38.5,38.8,41.1,41.3,39.5,39.3,39,38.8,38.8,-9999,-9999,-9999,-9999,-9999,-9999,-9999,-9999,-9999,9.326420783996582
"2025-06-19 18:15:13",38.9,38.9,38.5,38.8,41.1,41.3,39.5,39.3,39,38.8,38.8,-9999,-9999,-9999,-9999,-9999,-9999,-9999,-9999,-9999,9.32555866241455
"2025-06-19 18:15:17",38.9,38.8,38.5,38.8,41.1,41.3,39.5,39.3,39,38.8,38.8,-9999,-9999,-9999,-9999,-9999,-9999,-9999,-9999,-9999,9.325810432434082
"2025-06-19 18:15:24",38.9,38.9,38.5,38.8,41.1,41.3,39.5,39.3,39,38.8,38.8,-9999,-9999,-9999,-9999,-9999,-9999,-9999,-9999,-9999,9.326216697692871
"2025-06-19 18:15:27",38.9,38.9,38.5,38.8,41.1,41.3,39.5,39.3,39,38.8,38.8,-9999,-9999,-9999,-9999,-9999,-9999,-9999,-9999,-9999,9.326746940612793
"2025-06-19 18:15:34",38.9,38.8,38.4,38.8,41.1,41.3,39.5,39.3,39,38.8,38.8,-9999,-9999,-9999,-9999,-9999,-9999,-9999,-9999,-9999,9.326986312866211
"2025-06-19 18:15:38",39,38.9,38.5,38.8,41.1,41.3,39.5,39.3,39,38.8,38.8,-9999,-9999,-9999,-9999,-9999,-9999,-9999,-9999,-9999,9.326797485351562
"2025-06-19 18:15:45",38.9,38.8,38.5,38.8,41.1,41.3,39.5,39.3,39,38.8,38.8,-9999,-9999,-9999,-9999,-9999,-9999,-9999,-9999,-9999,9.326913833618164
"2025-06-19 18:15:48",38.9,38.9,38.5,38.8,41.1,41.3,39.5,39.3,39,38.8,38.8,-9999,-9999,-9999,-9999,-9999,-9999,-9999,-9999,-9999,9.326622009277344
"2025-06-19 18:15:55",38.9,38.8,38.5,38.8,41.1,41.3,39.5,39.3,39.1,38.8,38.8,-9999,-9999,-9999,-9999,-9999,-9999,-9999,-9999,-9999,9.32756519317627
"2025-06-19 18:15:58",38.9,38.8,38.5,38.8,41.1,41.3,39.5,39.3,39,38.8,38.8,-9999,-9999,-9999,-9999,-9999,-9999,-9999,-9999,-9999,9.327354431152344
"2025-06-19 18:16:05",38.9,38.8,38.5,38.8,41.1,41.3,39.5,39.3,39,38.8,38.8,-9999,-9999,-9999,-9999,-9999,-9999,-9999,-9999,-9999,9.327281951904297
"2025-06-19 18:16:09",38.9,38.8,38.5,38.8,41.1,41.3,39.5,39.3,39,38.8,38.8,-9999,-9999,-9999,-9999,-9999,-9999,-9999,-9999,-9999,9.327688217163086
"2025-06-19 18:16:16",38.9,38.8,38.5,38.8,41.1,41.3,39.5,39.3,39,38.8,38.8,-9999,-9999,-9999,-9999,-9999,-9999,-9999,-9999,-9999,9.327244758605957
"2025-06-19 18:16:19",38.9,38.8,38.5,38.8,41.1,41.3,39.5,39.3,39,38.8,38.8,-9999,-9999,-9999,-9999,-9999,-9999,-9999,-9999,-9999,9.327361106872559
"2025-06-19 18:16:26",38.9,38.9,38.5,38.8,41.1,41.3,39.5,39.3,39,38.8,38.8,-9999,-9999,-9999,-9999,-9999,-9999,-9999,-9999,-9999,9.327838897705078
"2025-06-19 18:16:30",38.9,38.9,38.5,38.8,41.1,41.3,39.5,39.3,39,38.8,38.8,-9999,-9999,-9999,-9999,-9999,-9999,-9999,-9999,-9999,9.328027725219727
"2025-06-19 18:16:37",38.9,38.8,38.5,38.8,41.1,41.3,39.5,39.3,39,38.8,38.8,-9999,-9999,-9999,-9999,-9999,-9999,-9999,-9999,-9999,9.328289031982422
"2025-06-19 18:16:40",38.9,38.8,38.5,38.8,41.1,41.3,39.5,39.3,39,38.8,38.8,-9999,-9999,-9999,-9999,-9999,-9999,-9999,-9999,-9999,9.32829475402832
"2025-06-19 18:16:47",38.9,38.9,38.4,38.8,41.1,41.3,39.5,39.3,39,38.8,38.8,-9999,-9999,-9999,-9999,-9999,-9999,-9999,-9999,-9999,9.328245162963867
"2025-06-19 18:16:50",38.9,38.8,38.4,38.8,41.1,41.3,39.5,39.3,39,38.8,38.8,-9999,-9999,-9999,-9999,-9999,-9999,-9999,-9999,-9999,9.328571319580078
"2025-06-19 18:16:57",38.9,38.9,38.5,38.8,41.1,41.3,39.5,39.3,39,38.8,38.8,-9999,-9999,-9999,-9999,-9999,-9999,-9999,-9999,-9999,9.32826042175293
"2025-06-19 18:17:01",38.9,38.9,38.5,38.8,41.1,41.3,39.5,39.3,39,38.8,38.8,-9999,-9999,-9999,-9999,-9999,-9999,-9999,-9999,-9999,9.328593254089355
"2025-06-19 18:17:08",38.9,38.9,38.5,38.8,41.1,41.3,39.5,39.3,39,38.8,38.8,-9999,-9999,-9999,-9999,-9999,-9999,-9999,-9999,-9999,9.328795433044434
"2025-06-19 18:17:11",38.9,38.9,38.5,38.8,41.1,41.3,39.5,39.3,39,38.8,38.8,-9999,-9999,-9999,-9999,-9999,-9999,-9999,-9999,-9999,9.328606605529785
"2025-06-19 18:17:18",38.9,38.9,38.5,38.8,41.1,41.3,39.5,39.3,39,38.8,38.7,-9999,-9999,-9999,-9999,-9999,-9999,-9999,-9999,-9999,9.328954696655273
"2025-06-19 18:17:21",39,38.9,38.5,38.8,41.1,41.3,39.5,39.3,39,38.8,38.8,-9999,-9999,-9999,-9999,-9999,-9999,-9999,-9999,-9999,9.329266548156738
"2025-06-19 18:17:28",38.9,38.9,38.5,38.8,41.1,41.3,39.5,39.3,39,38.8,38.8,-9999,-9999,-9999,-9999,-9999,-9999,-9999,-9999,-9999,9.329323768615723
"2025-06-19 18:17:32",38.9,38.9,38.4,38.8,41.1,41.3,39.5,39.3,39,38.8,38.8,-9999,-9999,-9999,-9999,-9999,-9999,-9999,-9999,-9999,9.328998565673828
"2025-06-19 18:17:39",38.9,38.8,38.5,38.8,41.1,41.3,39.5,39.3,39,38.8,38.7,-9999,-9999,-9999,-9999,-9999,-9999,-9999,-9999,-9999,9.329904556274414
"2025-06-19 18:17:42",38.9,38.8,38.5,38.8,41.1,41.3,39.5,39.3,39,38.8,38.8,-9999,-9999,-9999,-9999,-9999,-9999,-9999,-9999,-9999,9.329838752746582
"2025-06-19 18:17:49",38.9,38.8,38.5,38.8,41.1,41.3,39.5,39.3,39,38.8,38.8,-9999,-9999,-9999,-9999,-9999,-9999,-9999,-9999,-9999,9.329440116882324
"2025-06-19 18:17:53",38.9,38.9,38.5,38.8,41.1,41.3,39.5,39.3,39,38.8,38.8,-9999,-9999,-9999,-9999,-9999,-9999,-9999,-9999,-9999,9.329599380493164
"2025-06-19 18:18:00",38.9,38.9,38.5,38.8,41.1,41.3,39.5,39.3,39,38.8,38.8,-9999,-9999,-9999,-9999,-9999,-9999,-9999,-9999,-9999,9.329477310180664
"2025-06-19 18:18:03",38.9,38.9,38.5,38.8,41.1,41.3,39.5,39.3,39,38.8,38.8,-9999,-9999,-9999,-9999,-9999,-9999,-9999,-9999,-9999,9.329875946044922
"2025-06-19 18:18:10",38.9,38.9,38.5,38.8,41.1,41.3,39.5,39.3,39,38.8,38.8,-9999,-9999,-9999,-9999,-9999,-9999,-9999,-9999,-9999,9.330571174621582
"2025-06-19 18:18:13",38.9,38.9,38.5,38.8,41.1,41.3,39.5,39.3,39,38.8,38.8,-9999,-9999,-9999,-9999,-9999,-9999,-9999,-9999,-9999,9.33050537109375
"2025-06-19 18:18:20",38.9,38.9,38.5,38.8,41.1,41.3,39.5,39.3,39,38.8,38.7,-9999,-9999,-9999,-9999,-9999,-9999,-9999,-9999,-9999,9.329983711242676
"2025-06-19 18:18:24",38.9,38.9,38.5,38.8,41.1,41.3,39.5,39.3,39,38.8,38.7,-9999,-9999,-9999,-9999,-9999,-9999,-9999,-9999,-9999,9.330323219299316
"2025-06-19 18:18:31",38.9,38.9,38.5,38.8,41.1,41.3,39.5,39.3,39,38.8,38.7,-9999,-9999,-9999,-9999,-9999,-9999,-9999,-9999,-9999,9.330643653869629
"2025-06-19 18:18:34",39,38.9,38.5,38.8,41.1,41.3,39.5,39.3,39,38.8,38.7,-9999,-9999,-9999,-9999,-9999,-9999,-9999,-9999,-9999,9.330816268920898
"2025-06-19 18:18:41",39,38.9,38.5,38.8,41.1,41.3,39.5,39.3,39,38.8,38.8,-9999,-9999,-9999,-9999,-9999,-9999,-9999,-9999,-9999,9.33115005493164
"2025-06-19 18:18:44",38.9,38.9,38.5,38.8,41.1,41.3,39.5,39.3,39,38.8,38.8,-9999,-9999,-9999,-9999,-9999,-9999,-9999,-9999,-9999,9.3309965133667
"2025-06-19 18:18:52",39,38.9,38.5,38.8,41.1,41.3,39.5,39.3,39,38.8,38.8,-9999,-9999,-9999,-9999,-9999,-9999,-9999,-9999,-9999,9.331185340881348
"2025-06-19 18:18:55",38.9,38.9,38.5,38.8,41.1,41.3,39.5,39.3,39,38.8,38.8,-9999,-9999,-9999,-9999,-9999,-9999,-9999,-9999,-9999,9.3309326171875
"2025-06-19 18:19:02",38.9,38.9,38.5,38.8,41.1,41.3,39.5,39.3,39,38.8,38.8,-9999,-9999,-9999,-9999,-9999,-9999,-9999,-9999,-9999,9.331605911254883
"2025-06-19 18:19:05",38.9,38.9,38.5,38.8,41.1,41.3,39.5,39.3,39,38.8,38.8,-9999,-9999,-9999,-9999,-9999,-9999,-9999,-9999,-9999,9.33116340637207
"2025-06-19 18:19:12",38.9,38.9,38.5,38.8,41.1,41.3,39.5,39.3,39,38.8,38.8,-9999,-9999,-9999,-9999,-9999,-9999,-9999,-9999,-9999,9.33194637298584
"2025-06-19 18:19:16",38.9,38.9,38.5,38.8,41.1,41.3,39.5,39.3,39,38.8,38.8,-9999,-9999,-9999,-9999,-9999,-9999,-9999,-9999,-9999,9.331279754638672
"2025-06-19 18:19:23",38.9,38.9,38.5,38.8,41.1,41.3,39.5,39.3,39,38.8,38.8,-9999,-9999,-9999,-9999,-9999,-9999,-9999,-9999,-9999,9.332307815551758
"2025-06-19 18:19:26",38.9,38.9,38.5,38.8,41.1,41.3,39.5,39.3,39,38.8,38.8,-9999,-9999,-9999,-9999,-9999,-9999,-9999,-9999,-9999,9.332417488098145
"2025-06-19 18:19:33",38.9,38.8,38.5,38.8,41.1,41.3,39.5,39.3,39,38.8,38.8,-9999,-9999,-9999,-9999,-9999,-9999,-9999,-9999,-9999,9.332228660583496
"2025-06-19 18:19:36",38.9,38.9,38.5,38.8,41.1,41.3,39.5,39.3,39,38.8,38.8,-9999,-9999,-9999,-9999,-9999,-9999,-9999,-9999,-9999,9.332178115844727
"2025-06-19 18:19:43",38.9,38.8,38.5,38.8,41.1,41.3,39.5,39.3,39,38.8,38.8,-9999,-9999,-9999,-9999,-9999,-9999,-9999,-9999,-9999,9.332743644714355
"2025-06-19 18:19:47",38.9,38.9,38.5,38.8,41.1,41.3,39.5,39.3,39,38.8,38.7,-9999,-9999,-9999,-9999,-9999,-9999,-9999,-9999,-9999,9.332446098327637
"2025-06-19 18:19:54",38.9,38.8,38.5,38.8,41.1,41.3,39.5,39.3,39,38.8,38.8,-9999,-9999,-9999,-9999,-9999,-9999,-9999,-9999,-9999,9.33210563659668
"2025-06-19 18:19:57",38.9,38.9,38.5,38.8,41.1,41.3,39.5,39.3,39,38.8,38.8,-9999,-9999,-9999,-9999,-9999,-9999,-9999,-9999,-9999,9.332677841186523
"2025-06-19 18:20:04",38.9,38.9,38.5,38.8,41.1,41.3,39.5,39.3,39,38.8,38.8,-9999,-9999,-9999,-9999,-9999,-9999,-9999,-9999,-9999,9.332939147949219
"2025-06-19 18:20:08",38.9,38.9,38.5,38.8,41.1,41.3,39.5,39.3,39,38.8,38.8,-9999,-9999,-9999,-9999,-9999,-9999,-9999,-9999,-9999,9.332417488098145
"2025-06-19 18:20:15",38.9,38.9,38.5,38.8,41.1,41.3,39.5,39.3,39,38.8,38.8,-9999,-9999,-9999,-9999,-9999,-9999,-9999,-9999,-9999,9.332858085632324
"2025-06-19 18:20:18",38.9,38.8,38.5,38.8,41.2,41.3,39.5,39.3,39,38.8,38.8,-9999,-9999,-9999,-9999,-9999,-9999,-9999,-9999,-9999,9.332743644714355
"2025-06-19 18:20:25",38.9,38.9,38.5,38.8,41.1,41.3,39.5,39.3,39,38.8,38.8,-9999,-9999,-9999,-9999,-9999,-9999,-9999,-9999,-9999,9.333627700805664
"2025-06-19 18:20:28",38.9,38.9,38.4,38.8,41.1,41.3,39.5,39.3,39,38.8,38.8,-9999,-9999,-9999,-9999,-9999,-9999,-9999,-9999,-9999,9.333229064941406
"2025-06-19 18:20:35",38.9,38.8,38.5,38.8,41.1,41.3,39.5,39.3,39,38.8,38.8,-9999,-9999,-9999,-9999,-9999,-9999,-9999,-9999,-9999,9.333511352539062
"2025-06-19 18:20:39",38.9,38.8,38.5,38.8,41.1,41.3,39.5,39.4,39,38.8,38.8,-9999,-9999,-9999,-9999,-9999,-9999,-9999,-9999,-9999,9.3342924118042
"2025-06-19 18:20:46",39,38.9,38.5,38.8,41.1,41.3,39.5,39.4,39,38.8,38.8,-9999,-9999,-9999,-9999,-9999,-9999,-9999,-9999,-9999,9.333908081054688
"2025-06-19 18:20:49",38.9,38.9,38.5,38.8,41.1,41.3,39.5,39.4,39,38.8,38.8,-9999,-9999,-9999,-9999,-9999,-9999,-9999,-9999,-9999,9.333329200744629
"2025-06-19 18:20:56",38.9,38.9,38.5,38.8,41.1,41.3,39.5,39.4,39,38.8,38.8,-9999,-9999,-9999,-9999,-9999,-9999,-9999,-9999,-9999,9.333313941955566
"2025-06-19 18:20:59",38.9,38.9,38.5,38.8,41.1,41.3,39.5,39.3,39,38.8,38.8,-9999,-9999,-9999,-9999,-9999,-9999,-9999,-9999,-9999,9.333229064941406
"2025-06-19 18:21:07",38.9,38.9,38.5,38.8,41.1,41.3,39.5,39.4,39.1,38.8,38.8,-9999,-9999,-9999,-9999,-9999,-9999,-9999,-9999,-9999,9.334147453308105
"2025-06-19 18:21:10",39,38.9,38.5,38.8,41.1,41.3,39.5,39.3,39,38.8,38.8,-9999,-9999,-9999,-9999,-9999,-9999,-9999,-9999,-9999,9.334213256835938
"2025-06-19 18:21:17",38.9,38.9,38.5,38.8,41.1,41.3,39.5,39.3,39,38.8,38.8,-9999,-9999,-9999,-9999,-9999,-9999,-9999,-9999,-9999,9.334697723388672
"2025-06-19 18:21:20",38.9,38.8,38.5,38.8,41.1,41.3,39.5,39.3,39,38.8,38.8,-9999,-9999,-9999,-9999,-9999,-9999,-9999,-9999,-9999,9.334314346313477
"2025-06-19 18:21:27",38.9,38.9,38.5,38.8,41.1,41.3,39.5,39.3,39,38.8,38.8,-9999,-9999,-9999,-9999,-9999,-9999,-9999,-9999,-9999,9.334096908569336
"2025-06-19 18:21:31",38.9,38.8,38.4,38.8,41.1,41.3,39.5,39.3,39.1,38.8,38.8,-9999,-9999,-9999,-9999,-9999,-9999,-9999,-9999,-9999,9.3342924118042
"2025-06-19 18:21:38",38.9,38.8,38.5,38.8,41.1,41.3,39.5,39.4,39.1,38.8,38.8,-9999,-9999,-9999,-9999,-9999,-9999,-9999,-9999,-9999,9.334864616394043
"2025-06-19 18:21:41",38.9,38.8,38.5,38.8,41.1,41.3,39.5,39.3,39.1,38.8,38.8,-9999,-9999,-9999,-9999,-9999,-9999,-9999,-9999,-9999,9.33483600616455
"2025-06-19 18:21:48",38.9,38.8,38.4,38.8,41.2,41.3,39.5,39.3,39.1,38.8,38.8,-9999,-9999,-9999,-9999,-9999,-9999,-9999,-9999,-9999,9.33487319946289
"2025-06-19 18:21:51",38.9,38.9,38.5,38.8,41.1,41.3,39.5,39.3,39,38.8,38.8,-9999,-9999,-9999,-9999,-9999,-9999,-9999,-9999,-9999,9.33574104309082
"2025-06-19 18:21:58",38.9,38.9,38.5,38.8,41.1,41.3,39.5,39.3,39,38.8,38.8,-9999,-9999,-9999,-9999,-9999,-9999,-9999,-9999,-9999,9.33536434173584
"2025-06-19 18:22:02",38.9,38.8,38.5,38.8,41.1,41.3,39.5,39.3,39,38.8,38.8,-9999,-9999,-9999,-9999,-9999,-9999,-9999,-9999,-9999,9.334996223449707
"2025-06-19 18:22:09",38.9,38.8,38.5,38.8,41.1,41.3,39.5,39.3,39,38.8,38.8,-9999,-9999,-9999,-9999,-9999,-9999,-9999,-9999,-9999,9.334778785705566
"2025-06-19 18:22:12",38.9,38.8,38.4,38.8,41.1,41.3,39.5,39.3,39,38.8,38.8,-9999,-9999,-9999,-9999,-9999,-9999,-9999,-9999,-9999,9.335539817810059
"2025-06-19 18:22:19",38.9,38.8,38.5,38.8,41.1,41.3,39.5,39.3,39,38.8,38.8,-9999,-9999,-9999,-9999,-9999,-9999,-9999,-9999,-9999,9.335806846618652
"2025-06-19 18:22:23",38.9,38.9,38.5,38.8,41.1,41.3,39.5,39.3,39,38.8,38.8,-9999,-9999,-9999,-9999,-9999,-9999,-9999,-9999,-9999,9.335725784301758
"2025-06-19 18:22:30",38.9,38.9,38.5,38.8,41.2,41.3,39.5,39.3,39,38.8,38.8,-9999,-9999,-9999,-9999,-9999,-9999,-9999,-9999,-9999,9.335784912109375
"2025-06-19 18:22:33",38.9,38.9,38.5,38.8,41.1,41.3,39.5,39.3,39,38.8,38.8,-9999,-9999,-9999,-9999,-9999,-9999,-9999,-9999,-9999,9.336458206176758
"2025-06-19 18:22:40",38.9,38.9,38.5,38.8,41.1,41.3,39.5,39.3,39,38.8,38.8,-9999,-9999,-9999,-9999,-9999,-9999,-9999,-9999,-9999,9.336153984069824
"2025-06-19 18:22:43",38.9,38.9,38.5,38.8,41.1,41.3,39.5,39.3,39,38.8,38.8,-9999,-9999,-9999,-9999,-9999,-9999,-9999,-9999,-9999,9.336263656616211
"2025-06-19 18:22:50",38.9,38.8,38.5,38.8,41.1,41.3,39.5,39.3,39,38.8,38.8,-9999,-9999,-9999,-9999,-9999,-9999,-9999,-9999,-9999,9.336090087890625
"2025-06-19 18:22:54",38.9,38.8,38.5,38.8,41.1,41.3,39.5,39.3,39,38.8,38.8,-9999,-9999,-9999,-9999,-9999,-9999,-9999,-9999,-9999,9.336175918579102
"2025-06-19 18:23:01",38.9,38.8,38.5,38.8,41.1,41.3,39.5,39.3,39,38.8,38.8,-9999,-9999,-9999,-9999,-9999,-9999,-9999,-9999,-9999,9.336979866027832
"2025-06-19 18:23:04",38.9,38.8,38.5,38.8,41.1,41.3,39.5,39.3,39,38.8,38.8,-9999,-9999,-9999,-9999,-9999,-9999,-9999,-9999,-9999,9.336935997009277
"2025-06-19 18:23:11",38.9,38.9,38.5,38.8,41.1,41.3,39.5,39.3,39,38.8,38.8,-9999,-9999,-9999,-9999,-9999,-9999,-9999,-9999,-9999,9.336986541748047
"2025-06-19 18:23:14",38.9,38.9,38.5,38.8,41.1,41.3,39.5,39.3,39,38.8,38.8,-9999,-9999,-9999,-9999,-9999,-9999,-9999,-9999,-9999,9.33670425415039
"2025-06-19 18:23:21",38.9,38.8,38.5,38.8,41.1,41.3,39.5,39.3,39,38.8,38.8,-9999,-9999,-9999,-9999,-9999,-9999,-9999,-9999,-9999,9.337175369262695
"2025-06-19 18:23:25",38.9,38.8,38.5,38.8,41.1,41.3,39.5,39.3,39,38.8,38.8,-9999,-9999,-9999,-9999,-9999,-9999,-9999,-9999,-9999,9.337637901306152
"2025-06-19 18:23:32",38.9,38.8,38.5,38.8,41.1,41.3,39.5,39.3,39,38.8,38.8,-9999,-9999,-9999,-9999,-9999,-9999,-9999,-9999,-9999,9.336857795715332
"2025-06-19 18:23:35",38.9,38.8,38.5,38.8,41,41.2,39.5,39.3,39,38.8,38.8,-9999,-9999,-9999,-9999,-9999,-9999,-9999,-9999,-9999,9.336653709411621
"2025-06-19 18:23:42",38.9,38.9,38.5,38.8,42.8,43.2,39.5,39.3,39,38.8,38.8,-9999,-9999,-9999,-9999,-9999,-9999,-9999,-9999,-9999,9.337430000305176
"2025-06-19 18:23:46",38.9,38.9,38.5,38.8,43.5,43.9,39.5,39.3,39,38.8,38.8,-9999,-9999,-9999,-9999,-9999,-9999,-9999,-9999,-9999,9.337747573852539
"2025-06-19 18:23:53",38.9,38.8,38.4,38.8,44.6,45.2,39.5,39.3,39,38.8,38.8,-9999,-9999,-9999,-9999,-9999,-9999,-9999,-9999,-9999,9.33834171295166
"2025-06-19 18:23:56",38.9,38.8,38.4,38.8,44.9,45.6,39.5,39.3,39,38.8,38.8,-9999,-9999,-9999,-9999,-9999,-9999,-9999,-9999,-9999,9.337813377380371
"2025-06-19 18:24:03",38.9,38.8,38.5,38.8,45.5,46.3,39.5,39.3,39,38.8,38.8,-9999,-9999,-9999,-9999,-9999,-9999,-9999,-9999,-9999,9.337754249572754
"2025-06-19 18:24:06",38.9,38.8,38.5,38.8,45.7,46.5,39.5,39.3,39,38.8,38.8,-9999,-9999,-9999,-9999,-9999,-9999,-9999,-9999,-9999,9.338240623474121
"2025-06-19 18:24:13",38.9,38.8,38.4,38.8,46,46.9,39.5,39.3,39,38.8,38.8,-9999,-9999,-9999,-9999,-9999,-9999,-9999,-9999,-9999,9.337921142578125
"2025-06-19 18:24:17",38.9,38.8,38.5,38.8,46.1,47,39.5,39.3,39,38.8,38.8,-9999,-9999,-9999,-9999,-9999,-9999,-9999,-9999,-9999,9.338030815124512
"2025-06-19 18:24:24",38.9,38.8,38.4,38.8,46.3,47.3,39.5,39.4,39,38.8,38.8,-9999,-9999,-9999,-9999,-9999,-9999,-9999,-9999,-9999,9.338935852050781
"2025-06-19 18:24:27",38.9,38.8,38.5,38.8,46.4,47.4,39.5,39.4,39,38.8,38.8,-9999,-9999,-9999,-9999,-9999,-9999,-9999,-9999,-9999,9.338682174682617
"2025-06-19 18:24:34",38.9,38.8,38.4,38.8,46.5,47.5,39.5,39.4,39,38.8,38.8,-9999,-9999,-9999,-9999,-9999,-9999,-9999,-9999,-9999,9.338854789733887
"2025-06-19 18:24:37",38.9,38.8,38.4,38.8,46.6,47.6,39.5,39.4,39,38.8,38.8,-9999,-9999,-9999,-9999,-9999,-9999,-9999,-9999,-9999,9.338854789733887
"2025-06-19 18:24:45",38.9,38.8,38.5,38.8,46.7,47.6,39.5,39.4,39.1,38.8,38.8,-9999,-9999,-9999,-9999,-9999,-9999,-9999,-9999,-9999,9.338876724243164
"2025-06-19 18:24:48",38.9,38.8,38.5,38.8,46.7,47.7,39.5,39.4,39.1,38.8,38.8,-9999,-9999,-9999,-9999,-9999,-9999,-9999,-9999,-9999,9.33934211730957
"2025-06-19 18:24:55",38.9,38.8,38.5,38.8,46.8,47.8,39.5,39.4,39.1,38.8,38.8,-9999,-9999,-9999,-9999,-9999,-9999,-9999,-9999,-9999,9.338841438293457
"2025-06-19 18:24:58",38.9,38.9,38.4,38.8,46.7,47.8,39.5,39.4,39.1,38.8,38.8,-9999,-9999,-9999,-9999,-9999,-9999,-9999,-9999,-9999,9.33878231048584
"2025-06-19 18:25:05",38.9,38.8,38.5,38.8,46.8,47.8,39.5,39.4,39.1,38.8,38.8,-9999,-9999,-9999,-9999,-9999,-9999,-9999,-9999,-9999,9.339219093322754
"2025-06-19 18:25:09",38.9,38.8,38.5,38.8,46.8,47.9,39.5,39.4,39.1,38.8,38.8,-9999,-9999,-9999,-9999,-9999,-9999,-9999,-9999,-9999,9.339653015136719
"2025-06-19 18:25:16",38.9,38.8,38.4,38.8,46.8,47.9,39.5,39.4,39.1,38.8,38.8,-9999,-9999,-9999,-9999,-9999,-9999,-9999,-9999,-9999,9.340593338012695
"2025-06-19 18:25:19",38.9,38.8,38.5,38.8,46.8,47.9,39.5,39.4,39.1,38.8,38.8,-9999,-9999,-9999,-9999,-9999,-9999,-9999,-9999,-9999,9.340065002441406
"2025-06-19 18:25:26",38.9,38.8,38.4,38.8,46.8,47.9,39.5,39.4,39.1,38.8,38.8,-9999,-9999,-9999,-9999,-9999,-9999,-9999,-9999,-9999,9.340115547180176
"2025-06-19 18:25:29",38.9,38.8,38.4,38.8,46.8,47.9,39.5,39.5,39.1,38.8,38.8,-9999,-9999,-9999,-9999,-9999,-9999,-9999,-9999,-9999,9.340216636657715
"2025-06-19 18:25:36",38.9,38.8,38.5,38.8,46.9,47.9,39.5,39.5,39.1,38.8,38.8,-9999,-9999,-9999,-9999,-9999,-9999,-9999,-9999,-9999,9.34068775177002
"2025-06-19 18:25:40",38.9,38.8,38.5,38.8,46.9,47.9,39.5,39.5,39.1,38.8,38.8,-9999,-9999,-9999,-9999,-9999,-9999,-9999,-9999,-9999,9.3412446975708
"2025-06-19 18:25:47",38.9,38.9,38.5,38.8,46.9,47.9,39.5,39.5,39.1,38.8,38.8,-9999,-9999,-9999,-9999,-9999,-9999,-9999,-9999,-9999,9.340731620788574
"2025-06-19 18:25:50",38.9,38.8,38.5,38.8,46.9,48,39.5,39.5,39.1,38.8,38.8,-9999,-9999,-9999,-9999,-9999,-9999,-9999,-9999,-9999,9.341087341308594
"2025-06-19 18:25:57",38.9,38.8,38.4,38.8,46.9,47.9,39.5,39.5,39.1,38.8,38.8,-9999,-9999,-9999,-9999,-9999,-9999,-9999,-9999,-9999,9.341094017028809
"2025-06-19 18:26:01",38.9,38.8,38.4,38.8,46.9,48,39.5,39.5,39.1,38.8,38.8,-9999,-9999,-9999,-9999,-9999,-9999,-9999,-9999,-9999,9.341999053955078
"2025-06-19 18:26:08",38.9,38.8,38.4,38.8,46.9,48,39.5,39.5,39.1,38.8,38.8,-9999,-9999,-9999,-9999,-9999,-9999,-9999,-9999,-9999,9.341723442077637
"2025-06-19 18:26:11",38.9,38.8,38.5,38.8,46.9,48,39.5,39.5,39.1,38.8,38.8,-9999,-9999,-9999,-9999,-9999,-9999,-9999,-9999,-9999,9.341058731079102
"2025-06-19 18:26:18",38.9,38.9,38.5,38.8,46.9,48,39.5,39.5,39.1,38.8,38.9,-9999,-9999,-9999,-9999,-9999,-9999,-9999,-9999,-9999,9.342005729675293
"2025-06-19 18:26:21",38.9,38.9,38.5,38.8,46.9,48,39.5,39.5,39.1,38.8,38.8,-9999,-9999,-9999,-9999,-9999,-9999,-9999,-9999,-9999,9.342100143432617
"2025-06-19 18:26:28",38.9,38.9,38.5,38.8,46.9,48,39.5,39.5,39.1,38.8,38.9,-9999,-9999,-9999,-9999,-9999,-9999,-9999,-9999,-9999,9.341911315917969
"2025-06-19 18:26:32",38.9,38.8,38.4,38.8,46.9,48,39.6,39.5,39.1,38.8,38.9,-9999,-9999,-9999,-9999,-9999,-9999,-9999,-9999,-9999,9.341804504394531
"2025-06-19 18:26:39",38.9,38.8,38.5,38.8,46.9,48,39.5,39.5,39.1,38.9,38.9,-9999,-9999,-9999,-9999,-9999,-9999,-9999,-9999,-9999,9.342751502990723
"2025-06-19 18:26:42",38.9,38.8,38.5,38.8,46.9,48,39.5,39.5,39.1,38.8,38.9,-9999,-9999,-9999,-9999,-9999,-9999,-9999,-9999,-9999,9.342512130737305
"2025-06-19 18:26:49",38.9,38.8,38.5,38.8,46.9,48,39.5,39.5,39.1,38.8,38.9,-9999,-9999,-9999,-9999,-9999,-9999,-9999,-9999,-9999,9.342700958251953
"2025-06-19 18:26:52",38.9,38.8,38.5,38.8,46.9,48,39.5,39.5,39.1,38.8,38.9,-9999,-9999,-9999,-9999,-9999,-9999,-9999,-9999,-9999,9.342288970947266
"2025-06-19 18:26:59",38.9,38.8,38.5,38.8,46.9,48,39.6,39.5,39.1,38.9,38.9,-9999,-9999,-9999,-9999,-9999,-9999,-9999,-9999,-9999,9.342687606811523
"2025-06-19 18:27:03",38.9,38.8,38.5,38.8,46.9,48,39.6,39.5,39.1,38.8,38.9,-9999,-9999,-9999,-9999,-9999,-9999,-9999,-9999,-9999,9.34242057800293
"2025-06-19 18:27:10",38.9,38.9,38.5,38.8,46.9,48,39.6,39.5,39.1,38.9,38.9,-9999,-9999,-9999,-9999,-9999,-9999,-9999,-9999,-9999,9.343165397644043
"2025-06-19 18:27:13",38.9,38.8,38.5,38.8,46.9,48,39.5,39.5,39.1,38.9,38.9,-9999,-9999,-9999,-9999,-9999,-9999,-9999,-9999,-9999,9.342905044555664
"2025-06-19 18:27:20",38.9,38.9,38.5,38.8,46.9,48,39.6,39.5,39.1,38.9,38.9,-9999,-9999,-9999,-9999,-9999,-9999,-9999,-9999,-9999,9.342933654785156
"2025-06-19 18:27:24",38.9,38.9,38.4,38.8,46.9,48,39.6,39.5,39.1,38.9,38.9,-9999,-9999,-9999,-9999,-9999,-9999,-9999,-9999,-9999,9.342962265014648
"2025-06-19 18:27:31",38.9,38.9,38.5,38.8,46.9,48,39.6,39.5,39.1,38.9,38.9,-9999,-9999,-9999,-9999,-9999,-9999,-9999,-9999,-9999,9.343512535095215
"2025-06-19 18:27:34",38.9,38.8,38.5,38.8,46.9,48,39.6,39.5,39.1,38.9,38.9,-9999,-9999,-9999,-9999,-9999,-9999,-9999,-9999,-9999,9.343323707580566
"2025-06-19 18:27:41",38.9,38.8,38.5,38.8,46.9,48,39.6,39.5,39.1,38.9,38.9,-9999,-9999,-9999,-9999,-9999,-9999,-9999,-9999,-9999,9.343332290649414
"2025-06-19 18:27:44",38.9,38.9,38.5,38.8,46.9,48.1,39.6,39.5,39.1,38.9,38.9,-9999,-9999,-9999,-9999,-9999,-9999,-9999,-9999,-9999,9.343628883361816
"2025-06-19 18:27:51",38.9,38.9,38.5,38.8,46.9,48,39.6,39.5,39.1,38.9,38.9,-9999,-9999,-9999,-9999,-9999,-9999,-9999,-9999,-9999,9.343794822692871
"2025-06-19 18:27:55",38.9,38.9,38.5,38.8,46.9,48,39.5,39.5,39.1,38.9,38.9,-9999,-9999,-9999,-9999,-9999,-9999,-9999,-9999,-9999,9.343512535095215
"2025-06-19 18:28:02",38.9,38.9,38.5,38.8,47,48,39.6,39.5,39.1,38.9,38.9,-9999,-9999,-9999,-9999,-9999,-9999,-9999,-9999,-9999,9.344635009765625
"2025-06-19 18:28:05",38.9,38.8,38.5,38.8,47,48,39.5,39.5,39.1,38.9,38.9,-9999,-9999,-9999,-9999,-9999,-9999,-9999,-9999,-9999,9.344599723815918
"2025-06-19 18:28:12",38.9,38.9,38.5,38.8,46.9,48,39.6,39.5,39.1,38.9,38.9,-9999,-9999,-9999,-9999,-9999,-9999,-9999,-9999,-9999,9.343917846679688
"2025-06-19 18:28:15",38.9,38.9,38.5,38.8,46.9,48,39.6,39.5,39.1,38.9,38.9,-9999,-9999,-9999,-9999,-9999,-9999,-9999,-9999,-9999,9.343707084655762
"2025-06-19 18:28:23",38.9,38.9,38.4,38.8,46.9,48,39.6,39.5,39.1,38.9,38.9,-9999,-9999,-9999,-9999,-9999,-9999,-9999,-9999,-9999,9.3451566696167
"2025-06-19 18:28:26",38.9,38.9,38.5,38.8,46.9,48,39.6,39.5,39.2,38.9,38.9,-9999,-9999,-9999,-9999,-9999,-9999,-9999,-9999,-9999,9.344758033752441
"2025-06-19 18:28:33",38.9,38.9,38.5,38.8,46.9,48,39.6,39.5,39.1,38.9,38.9,-9999,-9999,-9999,-9999,-9999,-9999,-9999,-9999,-9999,9.344338417053223
"2025-06-19 18:28:36",38.9,38.9,38.5,38.8,47,48.1,39.6,39.5,39.1,38.9,38.9,-9999,-9999,-9999,-9999,-9999,-9999,-9999,-9999,-9999,9.344923973083496
"2025-06-19 18:28:43",38.9,38.9,38.4,38.8,46.9,48,39.6,39.5,39.1,38.9,38.9,-9999,-9999,-9999,-9999,-9999,-9999,-9999,-9999,-9999,9.345040321350098
"2025-06-19 18:28:47",38.9,38.8,38.4,38.8,47,48,39.6,39.5,39.1,38.9,38.9,-9999,-9999,-9999,-9999,-9999,-9999,-9999,-9999,-9999,9.344989776611328
"2025-06-19 18:28:54",38.9,38.9,38.4,38.8,47,48,39.6,39.5,39.1,38.9,38.9,-9999,-9999,-9999,-9999,-9999,-9999,-9999,-9999,-9999,9.344758033752441
"2025-06-19 18:28:57",39,38.9,38.5,38.8,47,48,39.6,39.5,39.1,38.9,38.9,-9999,-9999,-9999,-9999,-9999,-9999,-9999,-9999,-9999,9.344895362854004
"2025-06-19 18:29:04",38.9,38.9,38.5,38.8,47,48,39.6,39.5,39.1,38.9,38.9,-9999,-9999,-9999,-9999,-9999,-9999,-9999,-9999,-9999,9.346162796020508
"2025-06-19 18:29:07",38.9,38.9,38.5,38.8,47,48,39.6,39.5,39.1,38.9,38.9,-9999,-9999,-9999,-9999,-9999,-9999,-9999,-9999,-9999,9.34580135345459
"2025-06-19 18:29:14",38.9,38.8,38.5,38.8,47,48,39.6,39.5,39.1,38.9,38.9,-9999,-9999,-9999,-9999,-9999,-9999,-9999,-9999,-9999,9.34619140625
"2025-06-19 18:29:18",38.9,38.9,38.5,38.8,46.9,48,39.6,39.5,39.1,38.9,38.9,-9999,-9999,-9999,-9999,-9999,-9999,-9999,-9999,-9999,9.3458890914917
"2025-06-19 18:29:25",39,38.9,38.5,38.8,46.9,48,39.6,39.5,39.1,38.9,38.9,-9999,-9999,-9999,-9999,-9999,-9999,-9999,-9999,-9999,9.34583854675293
"2025-06-19 18:29:28",38.9,38.9,38.5,38.8,47,48,39.6,39.5,39.1,38.9,38.9,-9999,-9999,-9999,-9999,-9999,-9999,-9999,-9999,-9999,9.345766067504883
"2025-06-19 18:29:35",38.9,38.9,38.5,38.8,46.9,48,39.6,39.5,39.1,38.9,38.9,-9999,-9999,-9999,-9999,-9999,-9999,-9999,-9999,-9999,9.345932960510254
"2025-06-19 18:29:39",39,38.8,38.5,38.8,47,48,39.6,39.5,39.1,38.9,38.9,-9999,-9999,-9999,-9999,-9999,-9999,-9999,-9999,-9999,9.346323013305664
"2025-06-19 18:29:46",38.9,38.8,38.5,38.8,46.9,48,39.6,39.5,39.1,38.9,38.9,-9999,-9999,-9999,-9999,-9999,-9999,-9999,-9999,-9999,9.346301078796387
"2025-06-19 18:29:49",39,38.9,38.5,38.8,46.9,48,39.6,39.5,39.1,38.9,38.9,-9999,-9999,-9999,-9999,-9999,-9999,-9999,-9999,-9999,9.346344947814941
"2025-06-19 18:29:56",39,38.9,38.5,38.8,47,48.1,39.6,39.5,39.1,38.9,38.9,-9999,-9999,-9999,-9999,-9999,-9999,-9999,-9999,-9999,9.34605598449707
"2025-06-19 18:29:59",38.9,38.9,38.5,38.8,47,48.1,39.6,39.5,39.1,38.9,38.9,-9999,-9999,-9999,-9999,-9999,-9999,-9999,-9999,-9999,9.346118927001953
"2025-06-19 18:30:06",38.9,38.9,38.5,38.8,47,48,39.6,39.5,39.1,38.9,38.9,-9999,-9999,-9999,-9999,-9999,-9999,-9999,-9999,-9999,9.34683609008789
"2025-06-19 18:30:10",38.9,38.9,38.5,38.8,47,48,39.6,39.5,39.1,38.9,38.9,-9999,-9999,-9999,-9999,-9999,-9999,-9999,-9999,-9999,9.347272872924805
"2025-06-19 18:30:17",38.9,38.9,38.5,38.8,47,48.1,39.6,39.5,39.1,38.9,38.9,-9999,-9999,-9999,-9999,-9999,-9999,-9999,-9999,-9999,9.347445487976074
"2025-06-19 18:30:20",39,38.9,38.5,38.8,47,48.1,39.6,39.5,39.1,38.9,38.9,-9999,-9999,-9999,-9999,-9999,-9999,-9999,-9999,-9999,9.346829414367676
"2025-06-19 18:30:27",39,38.9,38.5,38.8,47,48.1,39.6,39.5,39.1,38.9,38.9,-9999,-9999,-9999,-9999,-9999,-9999,-9999,-9999,-9999,9.347301483154297
"2025-06-19 18:30:30",38.9,38.9,38.5,38.8,47,48.1,39.6,39.5,39.1,38.9,38.9,-9999,-9999,-9999,-9999,-9999,-9999,-9999,-9999,-9999,9.347583770751953
"2025-06-19 18:30:37",38.9,38.9,38.4,38.8,47,48.1,39.6,39.5,39.1,38.9,38.9,-9999,-9999,-9999,-9999,-9999,-9999,-9999,-9999,-9999,9.348191261291504
"2025-06-19 18:30:41",38.9,38.9,38.5,38.8,47,48.1,39.5,39.5,39.1,38.9,38.9,-9999,-9999,-9999,-9999,-9999,-9999,-9999,-9999,-9999,9.348322868347168
"2025-06-19 18:30:48",39,38.9,38.5,38.8,47,48.1,39.6,39.5,39.1,38.9,38.9,-9999,-9999,-9999,-9999,-9999,-9999,-9999,-9999,-9999,9.347700119018555
"2025-06-19 18:30:51",38.9,38.9,38.5,38.8,47,48,39.6,39.5,39.1,38.9,38.9,-9999,-9999,-9999,-9999,-9999,-9999,-9999,-9999,-9999,9.348112106323242
"2025-06-19 18:30:58",38.9,38.8,38.5,38.8,47,48.1,39.6,39.5,39.2,38.9,38.9,-9999,-9999,-9999,-9999,-9999,-9999,-9999,-9999,-9999,9.347858428955078
"2025-06-19 18:31:02",38.9,38.9,38.4,38.8,46.9,48.1,39.6,39.5,39.1,38.9,38.9,-9999,-9999,-9999,-9999,-9999,-9999,-9999,-9999,-9999,9.347367286682129
"2025-06-19 18:31:09",39,38.9,38.5,38.8,47,48.1,39.6,39.5,39.2,38.9,38.9,-9999,-9999,-9999,-9999,-9999,-9999,-9999,-9999,-9999,9.34804630279541
"2025-06-19 18:31:12",38.9,38.9,38.4,38.8,47,48,39.6,39.5,39.1,38.9,38.9,-9999,-9999,-9999,-9999,-9999,-9999,-9999,-9999,-9999,9.3484525680542
"2025-06-19 18:31:19",39,38.9,38.5,38.8,47,48.1,39.6,39.5,39.1,38.9,38.9,-9999,-9999,-9999,-9999,-9999,-9999,-9999,-9999,-9999,9.3486909866333
"2025-06-19 18:31:22",39,38.9,38.5,38.8,47,48.1,39.6,39.5,39.1,38.9,38.9,-9999,-9999,-9999,-9999,-9999,-9999,-9999,-9999,-9999,9.349191665649414
"2025-06-19 18:31:29",39,38.9,38.5,38.8,47,48.1,39.6,39.5,39.2,38.9,38.9,-9999,-9999,-9999,-9999,-9999,-9999,-9999,-9999,-9999,9.349213600158691
"2025-06-19 18:31:33",39,38.9,38.5,38.8,47,48.1,39.6,39.5,39.2,38.9,38.9,-9999,-9999,-9999,-9999,-9999,-9999,-9999,-9999,-9999,9.348952293395996
"2025-06-19 18:31:40",39,38.9,38.5,38.8,47,48.1,39.6,39.5,39.2,38.9,38.9,-9999,-9999,-9999,-9999,-9999,-9999,-9999,-9999,-9999,9.349175453186035
"2025-06-19 18:31:43",39,38.9,38.5,38.8,47,48.1,39.6,39.5,39.2,38.9,38.9,-9999,-9999,-9999,-9999,-9999,-9999,-9999,-9999,-9999,9.348785400390625
"2025-06-19 18:31:50",39,38.9,38.5,38.8,47,48.1,39.6,39.5,39.2,38.9,38.9,-9999,-9999,-9999,-9999,-9999,-9999,-9999,-9999,-9999,9.349235534667969
"2025-06-19 18:31:54",39,38.9,38.5,38.8,47,48.1,39.6,39.5,39.1,38.9,38.9,-9999,-9999,-9999,-9999,-9999,-9999,-9999,-9999,-9999,9.349357604980469
"2025-06-19 18:32:01",39,38.9,38.4,38.8,47,48.1,39.6,39.5,39.1,38.9,38.9,-9999,-9999,-9999,-9999,-9999,-9999,-9999,-9999,-9999,9.349763870239258
"2025-06-19 18:32:04",39,38.9,38.5,38.8,47,48.1,39.6,39.5,39.1,38.9,38.9,-9999,-9999,-9999,-9999,-9999,-9999,-9999,-9999,-9999,9.3494234085083
"2025-06-19 18:32:11",39,38.9,38.5,38.8,47,48.1,39.6,39.5,39.2,38.9,38.9,-9999,-9999,-9999,-9999,-9999,-9999,-9999,-9999,-9999,9.349445343017578
"2025-06-19 18:32:14",39,38.9,38.5,38.8,47,48.1,39.6,39.5,39.2,38.9,38.9,-9999,-9999,-9999,-9999,-9999,-9999,-9999,-9999,-9999,9.350191116333008
"2025-06-19 18:32:21",39,38.9,38.5,38.8,47,48.1,39.6,39.5,39.2,38.9,38.9,-9999,-9999,-9999,-9999,-9999,-9999,-9999,-9999,-9999,9.34921932220459
"2025-06-19 18:32:25",39,38.9,38.5,38.8,47,48.1,39.6,39.5,39.2,38.9,38.9,-9999,-9999,-9999,-9999,-9999,-9999,-9999,-9999,-9999,9.349386215209961
"2025-06-19 18:32:32",39,38.9,38.5,38.8,47,48.1,39.6,39.5,39.2,38.9,38.9,-9999,-9999,-9999,-9999,-9999,-9999,-9999,-9999,-9999,9.349278450012207
"2025-06-19 18:32:35",38.9,38.9,38.5,38.8,47,48.1,39.6,39.5,39.2,38.9,38.9,-9999,-9999,-9999,-9999,-9999,-9999,-9999,-9999,-9999,9.349018096923828
"2025-06-19 18:32:42",39,38.9,38.5,38.8,46.9,48.1,39.6,39.5,39.2,38.9,38.9,-9999,-9999,-9999,-9999,-9999,-9999,-9999,-9999,-9999,9.34961223602295
"2025-06-19 18:32:45",39,38.9,38.5,38.8,46.9,48.1,39.6,39.5,39.2,38.9,38.9,-9999,-9999,-9999,-9999,-9999,-9999,-9999,-9999,-9999,9.34974193572998
"2025-06-19 18:32:52",38.9,38.9,38.5,38.8,47,48.1,39.6,39.5,39.2,38.9,38.9,-9999,-9999,-9999,-9999,-9999,-9999,-9999,-9999,-9999,9.350515365600586
"2025-06-19 18:32:56",38.9,38.9,38.5,38.8,47,48.1,39.6,39.5,39.2,38.9,38.9,-9999,-9999,-9999,-9999,-9999,-9999,-9999,-9999,-9999,9.350791931152344
"2025-06-19 18:33:03",39,38.9,38.5,38.8,47,48.1,39.6,39.5,39.1,38.9,38.9,-9999,-9999,-9999,-9999,-9999,-9999,-9999,-9999,-9999,9.350835800170898
"2025-06-19 18:33:06",39,38.9,38.5,38.8,47,48,39.6,39.5,39.1,38.9,38.9,-9999,-9999,-9999,-9999,-9999,-9999,-9999,-9999,-9999,9.351046562194824
"2025-06-19 18:33:13",39,38.9,38.4,38.8,47,48,39.6,39.5,39.2,38.9,38.9,-9999,-9999,-9999,-9999,-9999,-9999,-9999,-9999,-9999,9.350943565368652
"2025-06-19 18:33:17",39,38.9,38.4,38.8,47,48.1,39.6,39.5,39.2,38.9,38.9,-9999,-9999,-9999,-9999,-9999,-9999,-9999,-9999,-9999,9.350886344909668
"2025-06-19 18:33:24",39,38.9,38.5,38.8,47,48.1,39.6,39.5,39.2,38.9,38.9,-9999,-9999,-9999,-9999,-9999,-9999,-9999,-9999,-9999,9.351298332214355
"2025-06-19 18:33:27",39,38.9,38.5,38.8,47,48,39.6,39.5,39.1,38.9,38.9,-9999,-9999,-9999,-9999,-9999,-9999,-9999,-9999,-9999,9.351465225219727
"2025-06-19 18:33:34",39,38.9,38.4,38.8,46.9,48.1,39.6,39.5,39.2,38.9,38.9,-9999,-9999,-9999,-9999,-9999,-9999,-9999,-9999,-9999,9.351980209350586
"2025-06-19 18:33:37",39,38.9,38.5,38.8,47,48,39.6,39.5,39.1,38.9,38.9,-9999,-9999,-9999,-9999,-9999,-9999,-9999,-9999,-9999,9.351618766784668
"2025-06-19 18:33:44",39,38.9,38.5,38.8,47,48,39.6,39.5,39.2,38.9,38.9,-9999,-9999,-9999,-9999,-9999,-9999,-9999,-9999,-9999,9.35171890258789
"2025-06-19 18:33:48",38.9,38.9,38.5,38.8,47,48,39.6,39.5,39.2,38.9,38.9,-9999,-9999,-9999,-9999,-9999,-9999,-9999,-9999,-9999,9.351326942443848
"2025-06-19 18:33:55",38.9,38.9,38.4,38.8,46.9,48.1,39.6,39.5,39.1,38.9,38.9,-9999,-9999,-9999,-9999,-9999,-9999,-9999,-9999,-9999,9.351588249206543
"2025-06-19 18:33:58",39,38.9,38.5,38.8,46.9,48.1,39.6,39.5,39.1,38.9,38.9,-9999,-9999,-9999,-9999,-9999,-9999,-9999,-9999,-9999,9.351465225219727
"2025-06-19 18:34:05",38.9,38.9,38.5,38.8,47,48,39.6,39.5,39.2,38.9,38.9,-9999,-9999,-9999,-9999,-9999,-9999,-9999,-9999,-9999,9.351740837097168
"2025-06-19 18:34:09",38.9,38.9,38.5,38.8,46.9,48,39.6,39.5,39.1,38.9,38.9,-9999,-9999,-9999,-9999,-9999,-9999,-9999,-9999,-9999,9.35221004486084
"2025-06-19 18:34:15",39,38.9,38.5,38.8,46.9,48,39.6,39.5,39.2,38.9,38.9,-9999,-9999,-9999,-9999,-9999,-9999,-9999,-9999,-9999,9.35256576538086
"2025-06-19 18:34:19",39,38.9,38.5,38.8,47,48,39.6,39.5,39.1,38.9,38.9,-9999,-9999,-9999,-9999,-9999,-9999,-9999,-9999,-9999,9.352682113647461
"2025-06-19 18:34:26",38.9,38.9,38.5,38.8,47,48.1,39.6,39.5,39.2,38.9,38.9,-9999,-9999,-9999,-9999,-9999,-9999,-9999,-9999,-9999,9.351993560791016
"2025-06-19 18:34:29",38.9,38.9,38.5,38.8,46.9,48,39.6,39.5,39.1,38.9,38.9,-9999,-9999,-9999,-9999,-9999,-9999,-9999,-9999,-9999,9.35246467590332
"2025-06-19 18:34:36",38.9,38.9,38.5,38.8,47,48.1,39.6,39.5,39.2,38.9,38.9,-9999,-9999,-9999,-9999,-9999,-9999,-9999,-9999,-9999,9.352761268615723
"2025-06-19 18:34:40",39,38.9,38.5,38.8,46.9,48.1,39.6,39.5,39.1,38.9,38.9,-9999,-9999,-9999,-9999,-9999,-9999,-9999,-9999,-9999,9.353181838989258
"2025-06-19 18:34:47",39,38.9,38.5,38.8,47,48.1,39.6,39.5,39.1,38.9,38.9,-9999,-9999,-9999,-9999,-9999,-9999,-9999,-9999,-9999,9.353065490722656
"2025-06-19 18:34:50",38.9,38.9,38.5,38.8,47,48.1,39.6,39.5,39.2,38.9,38.9,-9999,-9999,-9999,-9999,-9999,-9999,-9999,-9999,-9999,9.353087425231934
"2025-06-19 18:34:57",39,38.9,38.5,38.8,46.9,48,39.5,39.5,39.2,38.9,38.9,-9999,-9999,-9999,-9999,-9999,-9999,-9999,-9999,-9999,9.353137969970703
"2025-06-19 18:35:00",39,38.9,38.5,38.8,46.9,48,39.6,39.5,39.1,38.9,38.9,-9999,-9999,-9999,-9999,-9999,-9999,-9999,-9999,-9999,9.353291511535645
"2025-06-19 18:35:07",38.9,38.9,38.5,38.8,46.9,48,39.6,39.5,39.1,38.9,38.9,-9999,-9999,-9999,-9999,-9999,-9999,-9999,-9999,-9999,9.353833198547363
"2025-06-19 18:35:11",38.9,38.9,38.5,38.8,47,48.1,39.6,39.5,39.1,38.9,38.9,-9999,-9999,-9999,-9999,-9999,-9999,-9999,-9999,-9999,9.353571891784668
"2025-06-19 18:35:18",39,38.9,38.5,38.8,46.9,48,39.6,39.5,39.2,38.9,38.9,-9999,-9999,-9999,-9999,-9999,-9999,-9999,-9999,-9999,9.353571891784668
"2025-06-19 18:35:21",38.9,38.9,38.5,38.8,46.9,48,39.6,39.5,39.2,38.9,38.9,-9999,-9999,-9999,-9999,-9999,-9999,-9999,-9999,-9999,9.353276252746582
"2025-06-19 18:35:28",38.9,38.9,38.5,38.8,46.9,48,39.6,39.5,39.2,38.9,38.9,-9999,-9999,-9999,-9999,-9999,-9999,-9999,-9999,-9999,9.35326099395752
"2025-06-19 18:35:32",38.9,38.9,38.5,38.8,46.9,48,39.6,39.5,39.2,38.9,38.9,-9999,-9999,-9999,-9999,-9999,-9999,-9999,-9999,-9999,9.353833198547363
"2025-06-19 18:35:39",39,38.9,38.5,38.8,47,48,39.6,39.5,39.2,38.9,38.9,-9999,-9999,-9999,-9999,-9999,-9999,-9999,-9999,-9999,9.354093551635742
"2025-06-19 18:35:42",39,38.9,38.5,38.8,47,48,39.6,39.5,39.2,38.9,38.9,-9999,-9999,-9999,-9999,-9999,-9999,-9999,-9999,-9999,9.354231834411621
"2025-06-19 18:35:49",39,38.9,38.5,38.8,47,48.1,39.6,39.5,39.2,38.9,38.9,-9999,-9999,-9999,-9999,-9999,-9999,-9999,-9999,-9999,9.35368824005127
"2025-06-19 18:35:52",39,38.9,38.5,38.8,47,48.1,39.6,39.5,39.1,38.9,38.9,-9999,-9999,-9999,-9999,-9999,-9999,-9999,-9999,-9999,9.354144096374512
"2025-06-19 18:35:59",39,38.9,38.5,38.8,46.9,48.1,39.6,39.5,39.1,38.9,38.9,-9999,-9999,-9999,-9999,-9999,-9999,-9999,-9999,-9999,9.354354858398438
"2025-06-19 18:36:03",39,38.9,38.5,38.8,46.9,48.1,39.5,39.5,39.2,38.9,38.9,-9999,-9999,-9999,-9999,-9999,-9999,-9999,-9999,-9999,9.3546724319458
"2025-06-19 18:36:10",38.9,38.9,38.5,38.8,46.9,48,39.6,39.5,39.2,38.9,38.9,-9999,-9999,-9999,-9999,-9999,-9999,-9999,-9999,-9999,9.354405403137207
"2025-06-19 18:36:13",39,38.9,38.5,38.8,47,48,39.6,39.5,39.2,38.9,38.9,-9999,-9999,-9999,-9999,-9999,-9999,-9999,-9999,-9999,9.355411529541016
"2025-06-19 18:36:20",39,38.9,38.5,38.8,47,48,39.6,39.5,39.2,38.9,38.9,-9999,-9999,-9999,-9999,-9999,-9999,-9999,-9999,-9999,9.354515075683594
"2025-06-19 18:36:23",39,38.9,38.5,38.8,47,48,39.6,39.5,39.2,38.9,38.9,-9999,-9999,-9999,-9999,-9999,-9999,-9999,-9999,-9999,9.354209899902344
"2025-06-19 18:36:30",39,38.9,38.5,38.8,47,48,39.6,39.5,39.2,38.9,38.9,-9999,-9999,-9999,-9999,-9999,-9999,-9999,-9999,-9999,9.354260444641113
"2025-06-19 18:36:34",38.9,38.9,38.5,38.8,46.9,48,39.6,39.5,39.1,38.9,38.9,-9999,-9999,-9999,-9999,-9999,-9999,-9999,-9999,-9999,9.355131149291992
"2025-06-19 18:36:41",38.9,38.9,38.5,38.8,46.9,48,39.6,39.5,39.2,38.9,38.9,-9999,-9999,-9999,-9999,-9999,-9999,-9999,-9999,-9999,9.355527877807617
"2025-06-19 18:36:44",39,38.9,38.5,38.8,46.9,48,39.6,39.5,39.1,38.9,38.9,-9999,-9999,-9999,-9999,-9999,-9999,-9999,-9999,-9999,9.355701446533203
"2025-06-19 18:36:51",39,38.9,38.5,38.8,47,48.1,39.6,39.5,39.2,38.9,38.9,-9999,-9999,-9999,-9999,-9999,-9999,-9999,-9999,-9999,9.355514526367188
"2025-06-19 18:36:55",39,38.9,38.5,38.8,47,48.1,39.6,39.5,39.2,38.9,38.9,-9999,-9999,-9999,-9999,-9999,-9999,-9999,-9999,-9999,9.355731964111328
"2025-06-19 18:37:02",39,38.9,38.5,38.8,47,48,39.6,39.5,39.1,38.9,38.9,-9999,-9999,-9999,-9999,-9999,-9999,-9999,-9999,-9999,9.355462074279785
"2025-06-19 18:37:05",38.9,38.9,38.5,38.8,47,48,39.6,39.5,39.1,38.9,38.9,-9999,-9999,-9999,-9999,-9999,-9999,-9999,-9999,-9999,9.35584831237793
"2025-06-19 18:37:12",38.9,38.9,38.5,38.8,46.9,48,39.6,39.5,39.1,38.9,38.8,-9999,-9999,-9999,-9999,-9999,-9999,-9999,-9999,-9999,9.356100082397461
"2025-06-19 18:37:15",39,38.9,38.5,38.8,46.9,48,39.6,39.5,39.2,38.9,38.9,-9999,-9999,-9999,-9999,-9999,-9999,-9999,-9999,-9999,9.355920791625977
"2025-06-19 18:37:22",38.9,38.9,38.5,38.8,46.9,48,39.5,39.5,39.1,38.9,38.8,-9999,-9999,-9999,-9999,-9999,-9999,-9999,-9999,-9999,9.356361389160156
"2025-06-19 18:37:26",39,38.8,38.5,38.8,47,48.1,39.6,39.5,39.1,38.9,38.8,-9999,-9999,-9999,-9999,-9999,-9999,-9999,-9999,-9999,9.356427192687988
"2025-06-19 18:37:33",39,38.9,38.5,38.8,47,48.1,39.6,39.5,39.1,38.9,38.9,-9999,-9999,-9999,-9999,-9999,-9999,-9999,-9999,-9999,9.356810569763184
"2025-06-19 18:37:36",39,38.9,38.5,38.8,47,48.1,39.5,39.5,39.1,38.9,38.9,-9999,-9999,-9999,-9999,-9999,-9999,-9999,-9999,-9999,9.356810569763184
"2025-06-19 18:37:43",39,38.9,38.5,38.8,46.9,48,39.6,39.5,39.1,38.9,38.9,-9999,-9999,-9999,-9999,-9999,-9999,-9999,-9999,-9999,9.357043266296387
"2025-06-19 18:37:47",38.9,38.9,38.5,38.8,47,48,39.6,39.5,39.1,38.9,38.9,-9999,-9999,-9999,-9999,-9999,-9999,-9999,-9999,-9999,9.357034683227539
"2025-06-19 18:37:53",39,38.9,38.5,38.8,47,48,39.6,39.5,39.2,38.9,38.9,-9999,-9999,-9999,-9999,-9999,-9999,-9999,-9999,-9999,9.356918334960938
"2025-06-19 18:37:57",39,38.9,38.5,38.8,47,48,39.6,39.5,39.2,38.9,38.9,-9999,-9999,-9999,-9999,-9999,-9999,-9999,-9999,-9999,9.357166290283203
"2025-06-19 18:38:04",39,38.9,38.5,38.8,47,48,39.6,39.5,39.2,38.9,38.9,-9999,-9999,-9999,-9999,-9999,-9999,-9999,-9999,-9999,9.357288360595703
"2025-06-19 18:38:07",39,38.9,38.5,38.8,47,48.1,39.6,39.5,39.2,38.9,38.9,-9999,-9999,-9999,-9999,-9999,-9999,-9999,-9999,-9999,9.357107162475586
"2025-06-19 18:38:14",38.9,38.9,38.5,38.8,47,48.1,39.6,39.5,39.1,38.9,38.9,-9999,-9999,-9999,-9999,-9999,-9999,-9999,-9999,-9999,9.357534408569336
"2025-06-19 18:38:18",38.9,38.9,38.5,38.8,46.9,48.1,39.6,39.5,39.1,38.9,38.9,-9999,-9999,-9999,-9999,-9999,-9999,-9999,-9999,-9999,9.35698413848877
"2025-06-19 18:38:25",39,38.8,38.5,38.8,46.9,48,39.6,39.5,39.1,38.9,38.9,-9999,-9999,-9999,-9999,-9999,-9999,-9999,-9999,-9999,9.35727310180664
"2025-06-19 18:38:28",38.9,38.9,38.5,38.8,46.9,48,39.6,39.5,39.2,38.9,38.9,-9999,-9999,-9999,-9999,-9999,-9999,-9999,-9999,-9999,9.357666015625
"2025-06-19 18:38:35",38.9,38.9,38.5,38.8,47,48.1,39.6,39.5,39.2,38.9,38.9,-9999,-9999,-9999,-9999,-9999,-9999,-9999,-9999,-9999,9.358511924743652
"2025-06-19 18:38:38",38.9,38.9,38.5,38.8,47,48.1,39.6,39.5,39.2,38.9,38.9,-9999,-9999,-9999,-9999,-9999,-9999,-9999,-9999,-9999,9.35832405090332
"2025-06-19 18:38:45",38.9,38.9,38.5,38.8,47,48.1,39.6,39.5,39.2,38.9,38.9,-9999,-9999,-9999,-9999,-9999,-9999,-9999,-9999,-9999,9.357760429382324
"2025-06-19 18:38:49",38.9,38.9,38.5,38.8,46.9,48.1,39.6,39.5,39.2,38.9,38.9,-9999,-9999,-9999,-9999,-9999,-9999,-9999,-9999,-9999,9.357889175415039
"2025-06-19 18:38:56",38.9,38.9,38.5,38.8,46.9,48.1,39.6,39.5,39.2,38.9,38.9,-9999,-9999,-9999,-9999,-9999,-9999,-9999,-9999,-9999,9.357933044433594
"2025-06-19 18:38:59",39,38.9,38.5,38.8,47,48.1,39.6,39.5,39.2,38.9,38.9,-9999,-9999,-9999,-9999,-9999,-9999,-9999,-9999,-9999,9.357860565185547
"2025-06-19 18:39:06",38.9,38.9,38.5,38.8,47,48,39.6,39.5,39.2,38.9,38.9,-9999,-9999,-9999,-9999,-9999,-9999,-9999,-9999,-9999,9.358634948730469
"2025-06-19 18:39:10",38.9,38.9,38.5,38.8,47,48.1,39.6,39.5,39.2,38.9,38.9,-9999,-9999,-9999,-9999,-9999,-9999,-9999,-9999,-9999,9.35815715789795
"2025-06-19 18:39:17",38.9,38.9,38.5,38.8,47,48,39.6,39.5,39.1,38.9,38.9,-9999,-9999,-9999,-9999,-9999,-9999,-9999,-9999,-9999,9.358527183532715
"2025-06-19 18:39:20",39,38.9,38.5,38.8,47,48.1,39.5,39.5,39.1,38.9,38.9,-9999,-9999,-9999,-9999,-9999,-9999,-9999,-9999,-9999,9.358830451965332
"2025-06-19 18:39:27",38.9,38.9,38.5,38.8,46.9,48.1,39.6,39.5,39.1,38.9,38.9,-9999,-9999,-9999,-9999,-9999,-9999,-9999,-9999,-9999,9.358694076538086
"2025-06-19 18:39:30",39,38.9,38.5,38.8,46.9,48.1,39.6,39.5,39.1,38.9,38.9,-9999,-9999,-9999,-9999,-9999,-9999,-9999,-9999,-9999,9.358555793762207
"2025-06-19 18:39:37",38.9,38.9,38.5,38.8,47,48.1,39.6,39.5,39.1,38.9,38.9,-9999,-9999,-9999,-9999,-9999,-9999,-9999,-9999,-9999,9.358817100524902
"2025-06-19 18:39:41",38.9,38.9,38.5,38.8,47,48,39.6,39.5,39.1,38.9,38.9,-9999,-9999,-9999,-9999,-9999,-9999,-9999,-9999,-9999,9.359505653381348
"2025-06-19 18:39:48",38.9,38.9,38.5,38.8,47,48.1,39.6,39.5,39.1,38.9,38.9,-9999,-9999,-9999,-9999,-9999,-9999,-9999,-9999,-9999,9.359527587890625
"2025-06-19 18:39:51",38.9,38.9,38.5,38.8,47,48.1,39.6,39.5,39.1,38.9,38.9,-9999,-9999,-9999,-9999,-9999,-9999,-9999,-9999,-9999,9.359374046325684
"2025-06-19 18:39:58",38.9,38.9,38.5,38.8,47,48.1,39.6,39.5,39.1,38.9,38.9,-9999,-9999,-9999,-9999,-9999,-9999,-9999,-9999,-9999,9.359301567077637
"2025-06-19 18:40:01",38.9,38.8,38.5,38.8,47,48.1,39.6,39.5,39.2,38.9,38.9,-9999,-9999,-9999,-9999,-9999,-9999,-9999,-9999,-9999,9.359207153320312
"2025-06-19 18:40:08",38.9,38.9,38.5,38.8,47,48.1,39.6,39.5,39.2,38.9,38.9,-9999,-9999,-9999,-9999,-9999,-9999,-9999,-9999,-9999,9.359099388122559
"2025-06-19 18:40:12",38.9,38.9,38.5,38.8,47,48.1,39.6,39.5,39.2,38.9,38.9,-9999,-9999,-9999,-9999,-9999,-9999,-9999,-9999,-9999,9.359402656555176
"2025-06-19 18:40:19",39,38.9,38.5,38.8,47,48.1,39.6,39.5,39.2,38.9,38.9,-9999,-9999,-9999,-9999,-9999,-9999,-9999,-9999,-9999,9.360084533691406
"2025-06-19 18:40:22",38.9,38.9,38.5,38.8,47,48.1,39.6,39.5,39.1,38.9,38.9,-9999,-9999,-9999,-9999,-9999,-9999,-9999,-9999,-9999,9.360055923461914
"2025-06-19 18:40:29",39,38.8,38.5,38.8,47,48.1,39.6,39.5,39.2,38.9,38.9,-9999,-9999,-9999,-9999,-9999,-9999,-9999,-9999,-9999,9.359678268432617
"2025-06-19 18:40:33",39,38.8,38.5,38.8,46.9,48.1,39.6,39.5,39.2,38.9,38.9,-9999,-9999,-9999,-9999,-9999,-9999,-9999,-9999,-9999,9.360150337219238
"2025-06-19 18:40:40",39,38.9,38.5,38.8,47,48.1,39.6,39.5,39.2,38.9,38.9,-9999,-9999,-9999,-9999,-9999,-9999,-9999,-9999,-9999,9.360207557678223
"2025-06-19 18:40:43",38.9,38.9,38.5,38.8,47,48.1,39.6,39.5,39.2,38.9,38.9,-9999,-9999,-9999,-9999,-9999,-9999,-9999,-9999,-9999,9.359990119934082
"2025-06-19 18:40:50",38.9,38.8,38.5,38.8,46.9,48.1,39.6,39.5,39.1,38.9,38.9,-9999,-9999,-9999,-9999,-9999,-9999,-9999,-9999,-9999,9.359562873840332
"2025-06-19 18:40:53",38.9,38.8,38.5,38.8,46.9,48.1,39.6,39.5,39.1,38.9,38.9,-9999,-9999,-9999,-9999,-9999,-9999,-9999,-9999,-9999,9.360128402709961
"2025-06-19 18:41:00",38.9,38.9,38.5,38.8,46.9,48.1,39.6,39.5,39.2,38.9,38.9,-9999,-9999,-9999,-9999,-9999,-9999,-9999,-9999,-9999,9.360518455505371
"2025-06-19 18:41:04",38.9,38.9,38.5,38.8,46.9,48.1,39.6,39.5,39.2,38.9,38.9,-9999,-9999,-9999,-9999,-9999,-9999,-9999,-9999,-9999,9.36056900024414
"2025-06-19 18:41:11",38.9,38.8,38.5,38.8,47,48,39.6,39.5,39.2,38.9,38.9,-9999,-9999,-9999,-9999,-9999,-9999,-9999,-9999,-9999,9.360857963562012
"2025-06-19 18:41:14",39,38.8,38.5,38.8,47,48.1,39.6,39.5,39.2,38.9,38.9,-9999,-9999,-9999,-9999,-9999,-9999,-9999,-9999,-9999,9.361002922058105
"2025-06-19 18:41:21",38.9,38.9,38.5,38.8,47,48.1,39.6,39.5,39.1,38.9,38.9,-9999,-9999,-9999,-9999,-9999,-9999,-9999,-9999,-9999,9.361169815063477
"2025-06-19 18:41:25",38.9,38.9,38.5,38.8,46.9,48.1,39.6,39.5,39.2,38.9,38.9,-9999,-9999,-9999,-9999,-9999,-9999,-9999,-9999,-9999,9.361002922058105
"2025-06-19 18:41:31",38.9,38.8,38.5,38.8,47,48.1,39.6,39.5,39.1,38.9,38.9,-9999,-9999,-9999,-9999,-9999,-9999,-9999,-9999,-9999,9.361075401306152
"2025-06-19 18:41:35",38.9,38.8,38.5,38.8,47,48.1,39.6,39.5,39.1,38.9,38.9,-9999,-9999,-9999,-9999,-9999,-9999,-9999,-9999,-9999,9.360845565795898
"2025-06-19 18:41:42",38.9,38.8,38.5,38.8,47,48.1,39.6,39.5,39.1,38.9,38.9,-9999,-9999,-9999,-9999,-9999,-9999,-9999,-9999,-9999,9.361257553100586
"2025-06-19 18:41:45",38.9,38.9,38.5,38.8,47,48.1,39.6,39.5,39.1,38.9,38.9,-9999,-9999,-9999,-9999,-9999,-9999,-9999,-9999,-9999,9.361002922058105
"2025-06-19 18:41:52",38.9,38.8,38.5,38.8,47,48.1,39.6,39.5,39.1,38.9,38.8,-9999,-9999,-9999,-9999,-9999,-9999,-9999,-9999,-9999,9.361430168151855
"2025-06-19 18:41:56",38.9,38.9,38.5,38.8,46.9,48.1,39.6,39.5,39.1,38.9,38.9,-9999,-9999,-9999,-9999,-9999,-9999,-9999,-9999,-9999,9.361468315124512
"2025-06-19 18:42:03",39,38.9,38.5,38.8,47,48.1,39.6,39.5,39.2,38.9,38.9,-9999,-9999,-9999,-9999,-9999,-9999,-9999,-9999,-9999,9.36131477355957
"2025-06-19 18:42:06",38.9,38.9,38.5,38.9,47,48.1,39.6,39.5,39.2,38.9,38.9,-9999,-9999,-9999,-9999,-9999,-9999,-9999,-9999,-9999,9.36208438873291
"2025-06-19 18:42:13",39,38.9,38.5,38.8,46.9,48.1,39.6,39.5,39.2,38.9,38.9,-9999,-9999,-9999,-9999,-9999,-9999,-9999,-9999,-9999,9.361937522888184
"2025-06-19 18:42:16",39,38.9,38.5,38.8,47,48.1,39.6,39.5,39.1,38.9,38.9,-9999,-9999,-9999,-9999,-9999,-9999,-9999,-9999,-9999,9.362103462219238
"2025-06-19 18:42:23",38.9,38.8,38.5,38.8,47,48.1,39.6,39.5,39.1,38.9,38.9,-9999,-9999,-9999,-9999,-9999,-9999,-9999,-9999,-9999,9.362481117248535
"2025-06-19 18:42:27",38.9,38.9,38.5,38.8,47,48.1,39.6,39.5,39.1,38.9,38.9,-9999,-9999,-9999,-9999,-9999,-9999,-9999,-9999,-9999,9.362250328063965
"2025-06-19 18:42:34",39,38.8,38.5,38.8,46.9,48.1,39.6,39.5,39.1,38.9,38.9,-9999,-9999,-9999,-9999,-9999,-9999,-9999,-9999,-9999,9.362467765808105
"2025-06-19 18:42:37",39,38.9,38.5,38.8,47,48.1,39.6,39.5,39.1,38.9,38.9,-9999,-9999,-9999,-9999,-9999,-9999,-9999,-9999,-9999,9.362778663635254
"2025-06-19 18:42:44",39,38.9,38.5,38.8,47,48.1,39.6,39.5,39.1,38.9,38.9,-9999,-9999,-9999,-9999,-9999,-9999,-9999,-9999,-9999,9.362923622131348
"2025-06-19 18:42:48",38.9,38.8,38.5,38.8,47,48.1,39.6,39.5,39.1,38.9,38.9,-9999,-9999,-9999,-9999,-9999,-9999,-9999,-9999,-9999,9.362364768981934
"2025-06-19 18:42:54",39,38.9,38.5,38.8,47,48.1,39.6,39.5,39.1,38.9,38.9,-9999,-9999,-9999,-9999,-9999,-9999,-9999,-9999,-9999,9.362175941467285
"2025-06-19 18:42:58",38.9,38.9,38.5,38.8,47,48.1,39.6,39.5,39.2,38.8,38.9,-9999,-9999,-9999,-9999,-9999,-9999,-9999,-9999,-9999,9.3627290725708
"2025-06-19 18:43:05",39,38.9,38.5,38.8,46.9,48.1,39.6,39.5,39.2,38.9,38.9,-9999,-9999,-9999,-9999,-9999,-9999,-9999,-9999,-9999,9.363018035888672
"2025-06-19 18:43:08",39,38.9,38.5,38.8,47,48.1,39.6,39.5,39.2,38.9,38.9,-9999,-9999,-9999,-9999,-9999,-9999,-9999,-9999,-9999,9.362873077392578
"2025-06-19 18:43:15",39,38.9,38.5,38.8,46.9,48.1,39.6,39.5,39.1,38.9,38.9,-9999,-9999,-9999,-9999,-9999,-9999,-9999,-9999,-9999,9.362820625305176
"2025-06-19 18:43:19",38.9,38.9,38.5,38.8,47,48.1,39.6,39.5,39.1,38.9,38.9,-9999,-9999,-9999,-9999,-9999,-9999,-9999,-9999,-9999,9.363458633422852
"2025-06-19 18:43:26",38.9,38.9,38.5,38.8,47,48.1,39.6,39.5,39.1,38.9,38.8,-9999,-9999,-9999,-9999,-9999,-9999,-9999,-9999,-9999,9.363473892211914
"2025-06-19 18:43:29",38.9,38.8,38.5,38.8,47,48.1,39.6,39.5,39.1,38.9,38.9,-9999,-9999,-9999,-9999,-9999,-9999,-9999,-9999,-9999,9.363458633422852
"2025-06-19 18:43:36",39,38.9,38.5,38.8,47,48.1,39.6,39.5,39.1,38.9,38.9,-9999,-9999,-9999,-9999,-9999,-9999,-9999,-9999,-9999,9.363618850708008
"2025-06-19 18:43:39",39,38.9,38.5,38.8,47,48.1,39.6,39.5,39.1,38.9,38.8,-9999,-9999,-9999,-9999,-9999,-9999,-9999,-9999,-9999,9.363320350646973
"2025-06-19 18:43:46",38.9,38.9,38.5,38.8,46.9,48.1,39.6,39.5,39.2,38.9,38.9,-9999,-9999,-9999,-9999,-9999,-9999,-9999,-9999,-9999,9.363546371459961
"2025-06-19 18:43:50",38.9,38.9,38.5,38.8,46.9,48.1,39.6,39.5,39.1,38.9,38.9,-9999,-9999,-9999,-9999,-9999,-9999,-9999,-9999,-9999,9.363777160644531
"2025-06-19 18:43:57",38.9,38.9,38.5,38.8,47,48.1,39.6,39.5,39.2,38.9,38.9,-9999,-9999,-9999,-9999,-9999,-9999,-9999,-9999,-9999,9.364241600036621
"2025-06-19 18:44:00",38.9,38.9,38.5,38.8,47,48.1,39.6,39.6,39.2,38.9,38.9,-9999,-9999,-9999,-9999,-9999,-9999,-9999,-9999,-9999,9.36398696899414
"2025-06-19 18:44:07",39,38.9,38.5,38.8,47,48.1,39.6,39.5,39.1,38.9,38.9,-9999,-9999,-9999,-9999,-9999,-9999,-9999,-9999,-9999,9.364008903503418
"2025-06-19 18:44:11",38.9,38.9,38.5,38.8,47,48.1,39.6,39.5,39.1,38.9,38.9,-9999,-9999,-9999,-9999,-9999,-9999,-9999,-9999,-9999,9.364618301391602
"2025-06-19 18:44:18",38.9,38.9,38.5,38.8,47,48.1,39.6,39.5,39.2,38.9,38.9,-9999,-9999,-9999,-9999,-9999,-9999,-9999,-9999,-9999,9.364118576049805
"2025-06-19 18:44:21",38.9,38.9,38.5,38.8,47,48.1,39.6,39.5,39.2,38.9,38.9,-9999,-9999,-9999,-9999,-9999,-9999,-9999,-9999,-9999,9.364147186279297
"2025-06-19 18:44:28",38.9,38.9,38.5,38.8,47,48.1,39.6,39.5,39.1,38.9,38.8,-9999,-9999,-9999,-9999,-9999,-9999,-9999,-9999,-9999,9.363936424255371
"2025-06-19 18:44:31",38.9,38.9,38.5,38.8,47,48.1,39.6,39.5,39.1,38.9,38.9,-9999,-9999,-9999,-9999,-9999,-9999,-9999,-9999,-9999,9.364336013793945
"2025-06-19 18:44:38",38.9,38.9,38.5,38.8,47,48.1,39.6,39.5,39.2,38.9,38.9,-9999,-9999,-9999,-9999,-9999,-9999,-9999,-9999,-9999,9.364320755004883
"2025-06-19 18:44:42",39,38.9,38.5,38.8,47,48.1,39.6,39.5,39.2,38.9,38.9,-9999,-9999,-9999,-9999,-9999,-9999,-9999,-9999,-9999,9.364537239074707
"2025-06-19 18:44:49",39,38.9,38.5,38.8,46.9,48.1,39.6,39.5,39.2,38.9,38.9,-9999,-9999,-9999,-9999,-9999,-9999,-9999,-9999,-9999,9.364609718322754
"2025-06-19 18:44:52",39,38.9,38.5,38.8,47,48.1,39.6,39.5,39.1,38.9,38.9,-9999,-9999,-9999,-9999,-9999,-9999,-9999,-9999,-9999,9.364776611328125
"2025-06-19 18:44:59",39,38.9,38.5,38.8,47,48.1,39.6,39.5,39.2,38.9,38.9,-9999,-9999,-9999,-9999,-9999,-9999,-9999,-9999,-9999,9.365971565246582
"2025-06-19 18:45:03",39,38.9,38.5,38.8,47,48.1,39.6,39.5,39.2,38.9,38.9,-9999,-9999,-9999,-9999,-9999,-9999,-9999,-9999,-9999,9.365458488464355
"2025-06-19 18:45:09",38.9,38.9,38.5,38.8,47,48.1,39.6,39.5,39.2,38.9,38.9,-9999,-9999,-9999,-9999,-9999,-9999,-9999,-9999,-9999,9.365386009216309
"2025-06-19 18:45:13",39,38.9,38.5,38.8,47,48.1,39.6,39.5,39.2,38.9,38.9,-9999,-9999,-9999,-9999,-9999,-9999,-9999,-9999,-9999,9.364726066589355
"2025-06-19 18:45:20",38.9,38.9,38.5,38.8,47,48.1,39.6,39.5,39.1,38.9,38.9,-9999,-9999,-9999,-9999,-9999,-9999,-9999,-9999,-9999,9.365269660949707
"2025-06-19 18:45:23",39,38.9,38.5,38.8,47,48.1,39.6,39.5,39.1,38.9,38.9,-9999,-9999,-9999,-9999,-9999,-9999,-9999,-9999,-9999,9.365848541259766
"2025-06-19 18:45:30",39,38.9,38.5,38.8,47,48.1,39.6,39.5,39.2,38.9,38.9,-9999,-9999,-9999,-9999,-9999,-9999,-9999,-9999,-9999,9.365386009216309
"2025-06-19 18:45:34",39,38.9,38.5,38.8,47,48.1,39.6,39.5,39.2,38.9,38.9,-9999,-9999,-9999,-9999,-9999,-9999,-9999,-9999,-9999,9.365638732910156
"2025-06-19 18:45:41",39,38.9,38.5,38.8,47,48.1,39.6,39.5,39.2,38.9,38.9,-9999,-9999,-9999,-9999,-9999,-9999,-9999,-9999,-9999,9.36556625366211
"2025-06-19 18:45:44",39,38.9,38.5,38.8,47,48.1,39.6,39.6,39.2,38.9,38.9,-9999,-9999,-9999,-9999,-9999,-9999,-9999,-9999,-9999,9.366175651550293
"2025-06-19 18:45:51",39,38.9,38.5,38.8,46.9,48.1,39.6,39.5,39.2,38.9,38.9,-9999,-9999,-9999,-9999,-9999,-9999,-9999,-9999,-9999,9.365682601928711
"2025-06-19 18:45:55",39,38.9,38.5,38.8,47,48.1,39.6,39.5,39.2,38.9,38.9,-9999,-9999,-9999,-9999,-9999,-9999,-9999,-9999,-9999,9.36584186553955
"2025-06-19 18:46:01",38.9,38.9,38.5,38.8,46.9,48.1,39.6,39.5,39.2,38.9,38.9,-9999,-9999,-9999,-9999,-9999,-9999,-9999,-9999,-9999,9.365697860717773
"2025-06-19 18:46:05",38.9,38.9,38.5,38.8,47,48.1,39.6,39.5,39.2,38.9,38.9,-9999,-9999,-9999,-9999,-9999,-9999,-9999,-9999,-9999,9.365364074707031
"2025-06-19 18:46:12",38.9,38.9,38.5,38.8,47,48.1,39.6,39.5,39.2,38.9,38.9,-9999,-9999,-9999,-9999,-9999,-9999,-9999,-9999,-9999,9.366508483886719
"2025-06-19 18:46:15",39,38.9,38.5,38.8,46.9,48.1,39.6,39.5,39.2,38.9,38.9,-9999,-9999,-9999,-9999,-9999,-9999,-9999,-9999,-9999,9.367181777954102
"2025-06-19 18:46:22",39,38.9,38.5,38.8,46.9,48.1,39.6,39.6,39.2,38.9,38.9,-9999,-9999,-9999,-9999,-9999,-9999,-9999,-9999,-9999,9.366928100585938
"2025-06-19 18:46:26",39,38.9,38.5,38.8,46.9,48.1,39.6,39.6,39.1,38.9,38.9,-9999,-9999,-9999,-9999,-9999,-9999,-9999,-9999,-9999,9.366936683654785
"2025-06-19 18:46:33",39,38.9,38.5,38.8,46.9,48.1,39.6,39.5,39.1,38.9,38.9,-9999,-9999,-9999,-9999,-9999,-9999,-9999,-9999,-9999,9.36728286743164
"2025-06-19 18:46:36",39,38.9,38.5,38.8,46.9,48.1,39.6,39.5,39.2,38.9,38.9,-9999,-9999,-9999,-9999,-9999,-9999,-9999,-9999,-9999,9.367298126220703
"2025-06-19 18:46:43",39,38.9,38.5,38.8,47,48.1,39.6,39.5,39.2,38.9,38.9,-9999,-9999,-9999,-9999,-9999,-9999,-9999,-9999,-9999,9.366783142089844
"2025-06-19 18:46:47",38.9,38.9,38.5,38.8,46.9,48.1,39.6,39.5,39.1,38.9,38.8,-9999,-9999,-9999,-9999,-9999,-9999,-9999,-9999,-9999,9.366805076599121
"2025-06-19 18:46:53",38.9,38.9,38.5,38.8,46.9,48.1,39.6,39.5,39.2,38.9,38.9,-9999,-9999,-9999,-9999,-9999,-9999,-9999,-9999,-9999,9.367341995239258
"2025-06-19 18:46:57",39,38.9,38.5,38.8,47,48.1,39.6,39.5,39.2,38.9,38.9,-9999,-9999,-9999,-9999,-9999,-9999,-9999,-9999,-9999,9.36732006072998
"2025-06-19 18:47:04",38.9,38.9,38.5,38.8,47,48.1,39.6,39.5,39.2,38.9,38.9,-9999,-9999,-9999,-9999,-9999,-9999,-9999,-9999,-9999,9.367175102233887
"2025-06-19 18:47:07",38.9,38.9,38.5,38.8,47,48,39.6,39.5,39.2,38.9,38.9,-9999,-9999,-9999,-9999,-9999,-9999,-9999,-9999,-9999,9.36737060546875
"2025-06-19 18:47:14",38.9,38.9,38.5,38.8,46.9,48.1,39.6,39.5,39.2,38.9,38.9,-9999,-9999,-9999,-9999,-9999,-9999,-9999,-9999,-9999,9.367789268493652
"2025-06-19 18:47:18",39,38.9,38.5,38.8,47,48.1,39.6,39.6,39.1,38.9,38.9,-9999,-9999,-9999,-9999,-9999,-9999,-9999,-9999,-9999,9.367515563964844
"2025-06-19 18:47:24",39,38.9,38.5,38.8,47,48.1,39.6,39.5,39.2,38.9,38.9,-9999,-9999,-9999,-9999,-9999,-9999,-9999,-9999,-9999,9.367456436157227
"2025-06-19 18:47:28",38.9,38.9,38.5,38.8,46.9,48.1,39.6,39.5,39.2,38.9,38.9,-9999,-9999,-9999,-9999,-9999,-9999,-9999,-9999,-9999,9.36828899383545
"2025-06-19 18:47:35",38.9,38.9,38.5,38.8,46.9,48.1,39.6,39.5,39.2,38.9,38.9,-9999,-9999,-9999,-9999,-9999,-9999,-9999,-9999,-9999,9.368297576904297
"2025-06-19 18:47:38",38.9,38.9,38.5,38.8,46.9,48.1,39.6,39.5,39.2,38.9,38.9,-9999,-9999,-9999,-9999,-9999,-9999,-9999,-9999,-9999,9.368226051330566
"2025-06-19 18:47:45",39,38.9,38.5,38.8,46.9,48.1,39.6,39.5,39.2,38.9,38.9,-9999,-9999,-9999,-9999,-9999,-9999,-9999,-9999,-9999,9.36892032623291
"2025-06-19 18:47:49",38.9,38.9,38.5,38.8,47,48,39.6,39.5,39.2,38.9,38.9,-9999,-9999,-9999,-9999,-9999,-9999,-9999,-9999,-9999,9.368558883666992
"2025-06-19 18:47:56",38.9,38.9,38.5,38.8,46.9,48,39.6,39.5,39.2,38.9,38.9,-9999,-9999,-9999,-9999,-9999,-9999,-9999,-9999,-9999,9.368622779846191
"2025-06-19 18:47:59",38.9,38.9,38.5,38.8,46.9,48,39.6,39.6,39.2,38.9,38.9,-9999,-9999,-9999,-9999,-9999,-9999,-9999,-9999,-9999,9.368216514587402
"2025-06-19 18:48:06",39,38.9,38.5,38.8,46.9,48.1,39.6,39.5,39.2,38.9,38.9,-9999,-9999,-9999,-9999,-9999,-9999,-9999,-9999,-9999,9.3687105178833
"2025-06-19 18:48:10",39,38.9,38.5,38.8,46.9,48.1,39.6,39.5,39.2,38.9,38.9,-9999,-9999,-9999,-9999,-9999,-9999,-9999,-9999,-9999,9.368817329406738
"2025-06-19 18:48:16",39,38.9,38.5,38.8,46.9,48.1,39.6,39.6,39.2,38.9,38.9,-9999,-9999,-9999,-9999,-9999,-9999,-9999,-9999,-9999,9.369210243225098
"2025-06-19 18:48:20",38.9,38.9,38.5,38.8,46.9,48.1,39.6,39.6,39.2,38.9,38.9,-9999,-9999,-9999,-9999,-9999,-9999,-9999,-9999,-9999,9.369194984436035
"2025-06-19 18:48:27",38.9,38.9,38.5,38.8,46.9,48.1,39.6,39.5,39.2,38.9,38.9,-9999,-9999,-9999,-9999,-9999,-9999,-9999,-9999,-9999,9.368964195251465
"2025-06-19 18:48:30",38.9,38.9,38.5,38.8,46.9,48.1,39.6,39.5,39.2,38.9,38.9,-9999,-9999,-9999,-9999,-9999,-9999,-9999,-9999,-9999,9.36898422241211
"2025-06-19 18:48:37",38.9,38.9,38.5,38.8,47,48.1,39.6,39.5,39.2,38.9,38.9,-9999,-9999,-9999,-9999,-9999,-9999,-9999,-9999,-9999,9.369304656982422
"2025-06-19 18:48:41",38.9,38.9,38.5,38.8,47,48.1,39.6,39.5,39.2,38.9,38.9,-9999,-9999,-9999,-9999,-9999,-9999,-9999,-9999,-9999,9.369600296020508
"2025-06-19 18:48:48",38.9,38.9,38.5,38.8,46.9,48.1,39.6,39.5,39.2,38.9,38.9,-9999,-9999,-9999,-9999,-9999,-9999,-9999,-9999,-9999,9.369898796081543
"2025-06-19 18:48:51",38.9,38.9,38.5,38.8,47,48.1,39.6,39.5,39.2,38.9,38.9,-9999,-9999,-9999,-9999,-9999,-9999,-9999,-9999,-9999,9.3693265914917
"2025-06-19 18:48:58",39,38.9,38.5,38.8,47,48.1,39.6,39.5,39.2,38.9,38.9,-9999,-9999,-9999,-9999,-9999,-9999,-9999,-9999,-9999,9.369804382324219
"2025-06-19 18:49:01",38.9,38.9,38.5,38.8,47,48.1,39.6,39.5,39.2,38.8,38.8,-9999,-9999,-9999,-9999,-9999,-9999,-9999,-9999,-9999,9.369868278503418
"2025-06-19 18:49:08",38.9,38.9,38.5,38.8,47,48.1,39.6,39.5,39.2,38.9,38.8,-9999,-9999,-9999,-9999,-9999,-9999,-9999,-9999,-9999,9.370231628417969
"2025-06-19 18:49:12",38.9,38.9,38.5,38.8,47,48.1,39.6,39.5,39.2,38.9,38.9,-9999,-9999,-9999,-9999,-9999,-9999,-9999,-9999,-9999,9.370034217834473
"2025-06-19 18:49:19",38.9,38.9,38.5,38.8,47,48.1,39.6,39.5,39.2,38.9,38.9,-9999,-9999,-9999,-9999,-9999,-9999,-9999,-9999,-9999,9.370433807373047
"2025-06-19 18:49:22",38.9,38.9,38.5,38.8,47,48,39.6,39.5,39.2,38.9,38.9,-9999,-9999,-9999,-9999,-9999,-9999,-9999,-9999,-9999,9.370433807373047
"2025-06-19 18:49:29",38.9,38.9,38.5,38.8,46.9,48.1,39.6,39.5,39.2,38.9,38.9,-9999,-9999,-9999,-9999,-9999,-9999,-9999,-9999,-9999,9.371355056762695
"2025-06-19 18:49:33",38.9,38.9,38.5,38.8,46.9,48.1,39.6,39.5,39.2,38.9,38.9,-9999,-9999,-9999,-9999,-9999,-9999,-9999,-9999,-9999,9.370904922485352
"2025-06-19 18:49:39",39,38.9,38.5,38.8,46.9,48.1,39.6,39.5,39.2,38.9,38.9,-9999,-9999,-9999,-9999,-9999,-9999,-9999,-9999,-9999,9.370729446411133
"2025-06-19 18:49:43",39,38.9,38.5,38.8,47,48.1,39.6,39.5,39.2,38.9,38.9,-9999,-9999,-9999,-9999,-9999,-9999,-9999,-9999,-9999,9.371135711669922
"2025-06-19 18:49:50",39,38.9,38.5,38.8,47,48.1,39.6,39.6,39.2,38.9,38.9,-9999,-9999,-9999,-9999,-9999,-9999,-9999,-9999,-9999,9.371166229248047
"2025-06-19 18:49:53",38.9,38.9,38.5,38.8,46.9,48.1,39.6,39.5,39.2,38.9,38.8,-9999,-9999,-9999,-9999,-9999,-9999,-9999,-9999,-9999,9.370882987976074
"2025-06-19 18:50:00",38.9,38.9,38.5,38.8,46.9,48.1,39.6,39.5,39.2,38.9,38.9,-9999,-9999,-9999,-9999,-9999,-9999,-9999,-9999,-9999,9.370427131652832
"2025-06-19 18:50:04",39,38.9,38.5,38.8,47,48.1,39.6,39.5,39.2,38.9,38.9,-9999,-9999,-9999,-9999,-9999,-9999,-9999,-9999,-9999,9.37087631225586
"2025-06-19 18:50:11",39,38.9,38.5,38.8,47,48.1,39.6,39.5,39.2,38.9,38.9,-9999,-9999,-9999,-9999,-9999,-9999,-9999,-9999,-9999,9.371541023254395
"2025-06-19 18:50:14",39,38.9,38.5,38.8,46.9,48.1,39.6,39.5,39.2,38.9,38.9,-9999,-9999,-9999,-9999,-9999,-9999,-9999,-9999,-9999,9.371505737304688
"2025-06-19 18:50:21",38.9,38.9,38.5,38.8,46.9,48.1,39.6,39.5,39.2,38.9,38.9,-9999,-9999,-9999,-9999,-9999,-9999,-9999,-9999,-9999,9.371468544006348
"2025-06-19 18:50:25",38.9,38.9,38.5,38.8,46.9,48.1,39.6,39.5,39.2,38.9,38.9,-9999,-9999,-9999,-9999,-9999,-9999,-9999,-9999,-9999,9.371512413024902
"2025-06-19 18:50:31",38.9,38.9,38.5,38.8,46.9,48.1,39.6,39.5,39.2,38.9,38.9,-9999,-9999,-9999,-9999,-9999,-9999,-9999,-9999,-9999,9.371861457824707
"2025-06-19 18:50:35",39,38.9,38.5,38.8,47,48.1,39.6,39.5,39.2,38.9,38.9,-9999,-9999,-9999,-9999,-9999,-9999,-9999,-9999,-9999,9.372389793395996
"2025-06-19 18:50:42",38.9,38.9,38.5,38.8,46.9,48.1,39.6,39.5,39.2,38.9,38.9,-9999,-9999,-9999,-9999,-9999,-9999,-9999,-9999,-9999,9.372518539428711
"2025-06-19 18:50:45",38.9,38.9,38.5,38.8,46.9,48.1,39.6,39.6,39.2,38.9,38.9,-9999,-9999,-9999,-9999,-9999,-9999,-9999,-9999,-9999,9.371946334838867
"2025-06-19 18:50:52",39,38.9,38.5,38.8,47,48.1,39.6,39.5,39.2,38.9,38.9,-9999,-9999,-9999,-9999,-9999,-9999,-9999,-9999,-9999,9.372512817382812
"2025-06-19 18:50:56",38.9,38.9,38.5,38.8,46.9,48.1,39.6,39.5,39.2,38.9,38.9,-9999,-9999,-9999,-9999,-9999,-9999,-9999,-9999,-9999,9.37248420715332
"2025-06-19 18:51:02",39,38.9,38.5,38.8,47,48.1,39.6,39.5,39.2,38.9,38.9,-9999,-9999,-9999,-9999,-9999,-9999,-9999,-9999,-9999,9.372200965881348
"2025-06-19 18:51:06",39,38.9,38.5,38.8,47,48.1,39.6,39.5,39.2,38.9,38.9,-9999,-9999,-9999,-9999,-9999,-9999,-9999,-9999,-9999,9.372345924377441
"2025-06-19 18:51:13",39,38.9,38.5,38.8,46.9,48.1,39.6,39.5,39.2,38.9,38.9,-9999,-9999,-9999,-9999,-9999,-9999,-9999,-9999,-9999,9.37296199798584
"2025-06-19 18:51:16",38.9,38.9,38.5,38.8,47,48.1,39.6,39.5,39.2,38.9,38.9,-9999,-9999,-9999,-9999,-9999,-9999,-9999,-9999,-9999,9.372512817382812
"2025-06-19 18:51:23",39,38.9,38.5,38.8,47,48.1,39.6,39.5,39.2,38.9,38.9,-9999,-9999,-9999,-9999,-9999,-9999,-9999,-9999,-9999,9.373751640319824
"2025-06-19 18:51:27",39,38.9,38.5,38.8,47,48.1,39.6,39.5,39.2,38.9,38.9,-9999,-9999,-9999,-9999,-9999,-9999,-9999,-9999,-9999,9.373735427856445
"2025-06-19 18:51:34",39,38.9,38.5,38.8,46.9,48.1,39.6,39.5,39.2,38.9,38.9,-9999,-9999,-9999,-9999,-9999,-9999,-9999,-9999,-9999,9.372990608215332
"2025-06-19 18:51:37",38.9,38.9,38.5,38.8,46.9,48.1,39.6,39.5,39.2,38.9,38.9,-9999,-9999,-9999,-9999,-9999,-9999,-9999,-9999,-9999,9.37297534942627
"2025-06-19 18:51:44",39,38.9,38.5,38.8,47,48.1,39.6,39.5,39.2,38.9,38.9,-9999,-9999,-9999,-9999,-9999,-9999,-9999,-9999,-9999,9.373817443847656
"2025-06-19 18:51:48",38.9,38.9,38.5,38.8,46.9,48.1,39.6,39.5,39.2,38.9,38.9,-9999,-9999,-9999,-9999,-9999,-9999,-9999,-9999,-9999,9.374222755432129
"2025-06-19 18:51:54",39,38.9,38.5,38.8,46.9,48.1,39.6,39.5,39.2,38.9,38.9,-9999,-9999,-9999,-9999,-9999,-9999,-9999,-9999,-9999,9.373801231384277
"2025-06-19 18:51:58",39,38.9,38.5,38.8,47,48.1,39.6,39.5,39.2,38.9,38.9,-9999,-9999,-9999,-9999,-9999,-9999,-9999,-9999,-9999,9.373461723327637
"2025-06-19 18:52:05",38.9,38.9,38.5,38.8,47,48.1,39.6,39.5,39.2,38.9,38.9,-9999,-9999,-9999,-9999,-9999,-9999,-9999,-9999,-9999,9.372663497924805
"2025-06-19 18:52:08",38.9,38.9,38.5,38.8,47,48.1,39.6,39.5,39.2,38.9,38.9,-9999,-9999,-9999,-9999,-9999,-9999,-9999,-9999,-9999,9.373801231384277
"2025-06-19 18:52:15",38.9,38.9,38.5,38.8,47,48.1,39.6,39.5,39.2,38.9,38.9,-9999,-9999,-9999,-9999,-9999,-9999,-9999,-9999,-9999,9.374156951904297
"2025-06-19 18:52:19",38.9,38.9,38.5,38.8,47,48.1,39.6,39.5,39.2,38.9,38.9,-9999,-9999,-9999,-9999,-9999,-9999,-9999,-9999,-9999,9.374178886413574
"2025-06-19 18:52:25",38.9,38.9,38.5,38.8,47,48.1,39.6,39.5,39.2,38.9,38.9,-9999,-9999,-9999,-9999,-9999,-9999,-9999,-9999,-9999,9.373952865600586
"2025-06-19 18:52:29",38.9,38.9,38.5,38.8,47,48.1,39.6,39.5,39.2,38.9,38.9,-9999,-9999,-9999,-9999,-9999,-9999,-9999,-9999,-9999,9.374236106872559
"2025-06-19 18:52:36",38.9,38.9,38.5,38.8,47,48.1,39.6,39.5,39.1,38.9,38.9,-9999,-9999,-9999,-9999,-9999,-9999,-9999,-9999,-9999,9.374946594238281
"2025-06-19 18:52:40",39,38.9,38.5,38.8,47,48.1,39.6,39.5,39.2,38.9,38.9,-9999,-9999,-9999,-9999,-9999,-9999,-9999,-9999,-9999,9.374700546264648
"2025-06-19 18:52:46",38.9,38.9,38.5,38.8,46.9,48.1,39.6,39.5,39.2,38.9,38.9,-9999,-9999,-9999,-9999,-9999,-9999,-9999,-9999,-9999,9.37404727935791
"2025-06-19 18:52:50",38.9,38.9,38.5,38.8,46.9,48.1,39.6,39.5,39.2,38.9,38.9,-9999,-9999,-9999,-9999,-9999,-9999,-9999,-9999,-9999,9.373858451843262
"2025-06-19 18:52:57",38.9,38.9,38.5,38.8,46.9,48.1,39.6,39.5,39.1,38.9,38.9,-9999,-9999,-9999,-9999,-9999,-9999,-9999,-9999,-9999,9.374794960021973
"2025-06-19 18:53:00",39,38.9,38.5,38.8,47,48.1,39.6,39.5,39.1,38.9,38.8,-9999,-9999,-9999,-9999,-9999,-9999,-9999,-9999,-9999,9.374634742736816
"2025-06-19 18:53:07",38.9,38.9,38.5,38.8,46.9,48.1,39.6,39.5,39.1,38.9,38.9,-9999,-9999,-9999,-9999,-9999,-9999,-9999,-9999,-9999,9.374678611755371
"2025-06-19 18:53:11",38.9,38.9,38.5,38.8,46.9,48.1,39.6,39.5,39.1,38.9,38.9,-9999,-9999,-9999,-9999,-9999,-9999,-9999,-9999,-9999,9.374707221984863
"2025-06-19 18:53:17",39,38.9,38.5,38.8,47,48.1,39.6,39.5,39.2,38.9,38.9,-9999,-9999,-9999,-9999,-9999,-9999,-9999,-9999,-9999,9.37503433227539
"2025-06-19 18:53:21",38.9,38.9,38.5,38.8,46.9,48.1,39.6,39.5,39.1,38.9,38.9,-9999,-9999,-9999,-9999,-9999,-9999,-9999,-9999,-9999,9.37568473815918
"2025-06-19 18:53:28",39,38.9,38.5,38.8,46.9,48.1,39.5,39.5,39.2,38.9,38.8,-9999,-9999,-9999,-9999,-9999,-9999,-9999,-9999,-9999,9.376069068908691
"2025-06-19 18:53:31",38.9,38.9,38.5,38.8,46.9,48.1,39.6,39.5,39.2,38.9,38.8,-9999,-9999,-9999,-9999,-9999,-9999,-9999,-9999,-9999,9.375720024108887
"2025-06-19 18:53:38",38.9,38.9,38.5,38.8,46.9,48.1,39.6,39.5,39.1,38.9,38.8,-9999,-9999,-9999,-9999,-9999,-9999,-9999,-9999,-9999,9.375575065612793
"2025-06-19 18:53:42",38.9,38.9,38.5,38.8,46.9,48.1,39.6,39.5,39.1,38.9,38.9,-9999,-9999,-9999,-9999,-9999,-9999,-9999,-9999,-9999,9.375640869140625
"2025-06-19 18:53:49",38.9,38.9,38.5,38.8,46.9,48.1,39.6,39.5,39.2,38.9,38.9,-9999,-9999,-9999,-9999,-9999,-9999,-9999,-9999,-9999,9.375575065612793
"2025-06-19 18:53:52",38.9,38.9,38.5,38.8,46.9,48.1,39.6,39.5,39.1,38.8,38.9,-9999,-9999,-9999,-9999,-9999,-9999,-9999,-9999,-9999,9.376053810119629
"2025-06-19 18:53:59",39,38.9,38.5,38.8,46.9,48.1,39.6,39.5,39.1,38.9,38.9,-9999,-9999,-9999,-9999,-9999,-9999,-9999,-9999,-9999,9.37573528289795
"2025-06-19 18:54:03",39,38.9,38.5,38.8,46.9,48.1,39.6,39.5,39.1,38.9,38.9,-9999,-9999,-9999,-9999,-9999,-9999,-9999,-9999,-9999,9.376214027404785
"2025-06-19 18:54:09",38.9,38.9,38.5,38.8,46.9,48.1,39.6,39.5,39.1,38.9,38.8,-9999,-9999,-9999,-9999,-9999,-9999,-9999,-9999,-9999,9.376053810119629
"2025-06-19 18:54:13",39,38.9,38.5,38.8,46.9,48.1,39.6,39.5,39.1,38.9,38.8,-9999,-9999,-9999,-9999,-9999,-9999,-9999,-9999,-9999,9.3760404586792
"2025-06-19 18:54:20",38.9,38.9,38.5,38.8,46.9,48.1,39.6,39.5,39.1,38.9,38.9,-9999,-9999,-9999,-9999,-9999,-9999,-9999,-9999,-9999,9.376654624938965
"2025-06-19 18:54:23",38.9,38.9,38.5,38.8,46.9,48.1,39.6,39.5,39.1,38.9,38.9,-9999,-9999,-9999,-9999,-9999,-9999,-9999,-9999,-9999,9.376663208007812
"2025-06-19 18:54:30",39,38.9,38.5,38.8,47,48.1,39.6,39.5,39.2,38.9,38.9,-9999,-9999,-9999,-9999,-9999,-9999,-9999,-9999,-9999,9.376901626586914
"2025-06-19 18:54:34",39,38.9,38.5,38.8,46.9,48.1,39.5,39.5,39.1,38.8,38.9,-9999,-9999,-9999,-9999,-9999,-9999,-9999,-9999,-9999,9.376531600952148
"2025-06-19 18:54:40",38.9,38.9,38.5,38.8,46.9,48.1,39.6,39.5,39.2,38.9,38.9,-9999,-9999,-9999,-9999,-9999,-9999,-9999,-9999,-9999,9.377046585083008
"2025-06-19 18:54:44",38.9,38.9,38.5,38.8,47,48.1,39.6,39.5,39.1,38.9,38.9,-9999,-9999,-9999,-9999,-9999,-9999,-9999,-9999,-9999,9.376864433288574
"2025-06-19 18:54:51",38.9,38.9,38.5,38.8,46.9,48.1,39.6,39.5,39.1,38.9,38.9,-9999,-9999,-9999,-9999,-9999,-9999,-9999,-9999,-9999,9.377546310424805
"2025-06-19 18:54:54",38.9,38.9,38.5,38.8,47,48.1,39.6,39.5,39.1,38.9,38.8,-9999,-9999,-9999,-9999,-9999,-9999,-9999,-9999,-9999,9.377285957336426
"2025-06-19 18:55:01",38.9,38.9,38.5,38.8,46.9,48.1,39.6,39.5,39.2,38.9,38.9,-9999,-9999,-9999,-9999,-9999,-9999,-9999,-9999,-9999,9.37702465057373
"2025-06-19 18:55:05",39,38.9,38.5,38.8,46.9,48.1,39.6,39.5,39.1,38.9,38.9,-9999,-9999,-9999,-9999,-9999,-9999,-9999,-9999,-9999,9.377496719360352
"2025-06-19 18:55:12",38.9,38.9,38.5,38.8,46.9,48.1,39.6,39.5,39.1,38.9,38.9,-9999,-9999,-9999,-9999,-9999,-9999,-9999,-9999,-9999,9.377559661865234
"2025-06-19 18:55:15",38.9,38.9,38.5,38.8,46.9,48.1,39.6,39.5,39.2,38.8,38.9,-9999,-9999,-9999,-9999,-9999,-9999,-9999,-9999,-9999,9.377204895019531
"2025-06-19 18:55:22",38.9,38.9,38.5,38.8,47,48.1,39.6,39.5,39.1,38.9,38.9,-9999,-9999,-9999,-9999,-9999,-9999,-9999,-9999,-9999,9.377741813659668
"2025-06-19 18:55:26",38.9,38.9,38.5,38.8,47,48.1,39.6,39.5,39.2,38.8,38.9,-9999,-9999,-9999,-9999,-9999,-9999,-9999,-9999,-9999,9.377119064331055
"2025-06-19 18:55:32",38.9,38.9,38.5,38.8,47,48.1,39.6,39.5,39.2,38.8,38.9,-9999,-9999,-9999,-9999,-9999,-9999,-9999,-9999,-9999,9.37734317779541
"2025-06-19 18:55:36",38.9,38.9,38.5,38.8,47,48.1,39.6,39.5,39.2,38.9,38.9,-9999,-9999,-9999,-9999,-9999,-9999,-9999,-9999,-9999,9.37782096862793
"2025-06-19 18:55:43",38.9,38.9,38.5,38.8,47,48.1,39.6,39.5,39.1,38.8,38.9,-9999,-9999,-9999,-9999,-9999,-9999,-9999,-9999,-9999,9.37841510772705
"2025-06-19 18:55:46",38.9,38.9,38.5,38.8,46.9,48.1,39.6,39.5,39.1,38.9,38.9,-9999,-9999,-9999,-9999,-9999,-9999,-9999,-9999,-9999,9.378401756286621
"2025-06-19 18:55:53",38.9,38.9,38.5,38.8,46.9,48.1,39.6,39.5,39.1,38.9,38.9,-9999,-9999,-9999,-9999,-9999,-9999,-9999,-9999,-9999,9.378914833068848
"2025-06-19 18:55:57",38.9,38.9,38.5,38.8,47,48.1,39.6,39.5,39.2,38.9,38.9,-9999,-9999,-9999,-9999,-9999,-9999,-9999,-9999,-9999,9.378763198852539
"2025-06-19 18:56:03",38.9,38.9,38.5,38.8,46.9,48.1,39.6,39.5,39.1,38.9,38.8,-9999,-9999,-9999,-9999,-9999,-9999,-9999,-9999,-9999,9.379226684570312
"2025-06-19 18:56:07",38.9,38.9,38.5,38.8,47,48.1,39.6,39.5,39.1,38.9,38.9,-9999,-9999,-9999,-9999,-9999,-9999,-9999,-9999,-9999,9.379096984863281
"2025-06-19 18:56:14",38.9,38.9,38.5,38.8,46.9,48.1,39.6,39.5,39.2,38.9,38.9,-9999,-9999,-9999,-9999,-9999,-9999,-9999,-9999,-9999,9.3788423538208
"2025-06-19 18:56:18",38.9,38.9,38.5,38.8,47,48.1,39.5,39.5,39.2,38.9,38.9,-9999,-9999,-9999,-9999,-9999,-9999,-9999,-9999,-9999,9.378307342529297
"2025-06-19 18:56:24",38.9,38.9,38.5,38.8,46.9,48.1,39.6,39.5,39.1,38.9,38.9,-9999,-9999,-9999,-9999,-9999,-9999,-9999,-9999,-9999,9.379182815551758
"2025-06-19 18:56:28",38.9,38.9,38.5,38.8,46.9,48.1,39.6,39.5,39.2,38.8,38.9,-9999,-9999,-9999,-9999,-9999,-9999,-9999,-9999,-9999,9.378886222839355
"2025-06-19 18:56:35",38.9,38.9,38.5,38.8,47,48.1,39.6,39.5,39.2,38.8,38.9,-9999,-9999,-9999,-9999,-9999,-9999,-9999,-9999,-9999,9.379138946533203
"2025-06-19 18:56:38",38.9,38.9,38.5,38.8,47,48.1,39.6,39.5,39.2,38.9,38.8,-9999,-9999,-9999,-9999,-9999,-9999,-9999,-9999,-9999,9.379304885864258
"2025-06-19 18:56:45",38.9,38.9,38.5,38.8,47,48.1,39.6,39.5,39.2,38.9,38.9,-9999,-9999,-9999,-9999,-9999,-9999,-9999,-9999,-9999,9.379449844360352
"2025-06-19 18:56:49",38.9,38.9,38.5,38.8,47,48.1,39.6,39.5,39.1,38.9,38.9,-9999,-9999,-9999,-9999,-9999,-9999,-9999,-9999,-9999,9.378647804260254
"2025-06-19 18:56:55",38.9,38.9,38.5,38.8,47,48.1,39.6,39.5,39.1,38.9,38.9,-9999,-9999,-9999,-9999,-9999,-9999,-9999,-9999,-9999,9.379741668701172
"2025-06-19 18:56:59",38.9,38.9,38.5,38.8,46.9,48.1,39.5,39.5,39.1,38.9,38.9,-9999,-9999,-9999,-9999,-9999,-9999,-9999,-9999,-9999,9.379631996154785
"2025-06-19 18:57:06",38.9,38.9,38.5,38.8,47,48.1,39.5,39.5,39.1,38.9,38.9,-9999,-9999,-9999,-9999,-9999,-9999,-9999,-9999,-9999,9.380125045776367
"2025-06-19 18:57:09",38.9,38.9,38.5,38.8,47,48.1,39.6,39.5,39.2,38.9,38.9,-9999,-9999,-9999,-9999,-9999,-9999,-9999,-9999,-9999,9.37972640991211
"2025-06-19 18:57:16",38.9,38.9,38.5,38.8,47,48.1,39.6,39.5,39.2,38.9,38.9,-9999,-9999,-9999,-9999,-9999,-9999,-9999,-9999,-9999,9.379697799682617
"2025-06-19 18:57:20",38.9,38.9,38.5,38.8,47,48.1,39.6,39.5,39.2,38.9,38.9,-9999,-9999,-9999,-9999,-9999,-9999,-9999,-9999,-9999,9.380175590515137
"2025-06-19 18:57:27",38.9,38.9,38.5,38.8,47,48.1,39.6,39.5,39.2,38.9,38.9,-9999,-9999,-9999,-9999,-9999,-9999,-9999,-9999,-9999,9.380188941955566
"2025-06-19 18:57:30",38.9,38.9,38.5,38.8,47,48.1,39.6,39.5,39.2,38.9,38.9,-9999,-9999,-9999,-9999,-9999,-9999,-9999,-9999,-9999,9.379776954650879
"2025-06-19 18:57:37",38.9,38.9,38.5,38.8,46.9,48.1,39.6,39.5,39.2,38.9,38.9,-9999,-9999,-9999,-9999,-9999,-9999,-9999,-9999,-9999,9.380703926086426
"2025-06-19 18:57:41",38.9,38.9,38.5,38.8,47,48.1,39.6,39.5,39.1,38.9,38.9,-9999,-9999,-9999,-9999,-9999,-9999,-9999,-9999,-9999,9.380499839782715
"2025-06-19 18:57:47",38.9,38.9,38.5,38.8,47,48.1,39.6,39.5,39.2,38.9,38.9,-9999,-9999,-9999,-9999,-9999,-9999,-9999,-9999,-9999,9.380210876464844
"2025-06-19 18:57:51",38.9,38.9,38.5,38.8,47,48.1,39.6,39.5,39.2,38.9,38.9,-9999,-9999,-9999,-9999,-9999,-9999,-9999,-9999,-9999,9.380499839782715
"2025-06-19 18:57:58",38.9,38.9,38.5,38.8,47,48.1,39.6,39.5,39.1,38.9,38.9,-9999,-9999,-9999,-9999,-9999,-9999,-9999,-9999,-9999,9.38074779510498
"2025-06-19 18:58:01",38.9,38.9,38.5,38.8,47,48.1,39.6,39.5,39.2,38.9,38.9,-9999,-9999,-9999,-9999,-9999,-9999,-9999,-9999,-9999,9.380609512329102
"2025-06-19 18:58:08",38.9,38.9,38.5,38.8,47,48.1,39.6,39.5,39.2,38.9,38.9,-9999,-9999,-9999,-9999,-9999,-9999,-9999,-9999,-9999,9.380965232849121
"2025-06-19 18:58:12",38.9,38.9,38.5,38.8,47,48.1,39.6,39.5,39.2,38.9,38.8,-9999,-9999,-9999,-9999,-9999,-9999,-9999,-9999,-9999,9.381667137145996
"2025-06-19 18:58:18",38.9,38.9,38.5,38.8,47,48.1,39.6,39.5,39.2,38.9,38.9,-9999,-9999,-9999,-9999,-9999,-9999,-9999,-9999,-9999,9.381319999694824
"2025-06-19 18:58:22",38.9,38.9,38.5,38.8,47,48.1,39.6,39.5,39.1,38.9,38.9,-9999,-9999,-9999,-9999,-9999,-9999,-9999,-9999,-9999,9.380958557128906
"2025-06-19 18:58:29",38.9,38.9,38.5,38.8,47,48.1,39.6,39.5,39.2,38.9,38.9,-9999,-9999,-9999,-9999,-9999,-9999,-9999,-9999,-9999,9.38171100616455
"2025-06-19 18:58:33",38.9,38.9,38.5,38.8,47,48.1,39.6,39.5,39.2,38.9,38.9,-9999,-9999,-9999,-9999,-9999,-9999,-9999,-9999,-9999,9.381175994873047
"2025-06-19 18:58:39",38.9,38.9,38.5,38.8,47,48.1,39.6,39.5,39.2,38.9,38.9,-9999,-9999,-9999,-9999,-9999,-9999,-9999,-9999,-9999,9.381839752197266
"2025-06-19 18:58:43",38.9,38.9,38.5,38.8,47,48.1,39.6,39.5,39.2,38.9,38.9,-9999,-9999,-9999,-9999,-9999,-9999,-9999,-9999,-9999,9.381566047668457
"2025-06-19 18:58:50",38.9,38.9,38.5,38.8,47,48.1,39.6,39.5,39.2,38.9,38.9,-9999,-9999,-9999,-9999,-9999,-9999,-9999,-9999,-9999,9.382101058959961
"2025-06-19 18:58:53",38.9,38.9,38.5,38.8,47,48.1,39.6,39.5,39.2,38.9,38.9,-9999,-9999,-9999,-9999,-9999,-9999,-9999,-9999,-9999,9.381914138793945
"2025-06-19 18:59:00",38.9,38.9,38.5,38.8,46.9,48.1,39.6,39.5,39.2,38.9,38.9,-9999,-9999,-9999,-9999,-9999,-9999,-9999,-9999,-9999,9.382254600524902
"2025-06-19 18:59:04",38.9,38.9,38.5,38.8,47,48.1,39.6,39.5,39.1,38.9,38.9,-9999,-9999,-9999,-9999,-9999,-9999,-9999,-9999,-9999,9.382587432861328
"2025-06-19 18:59:10",38.9,38.9,38.5,38.8,46.9,48.1,39.6,39.5,39.2,38.9,38.9,-9999,-9999,-9999,-9999,-9999,-9999,-9999,-9999,-9999,9.382210731506348
"2025-06-19 18:59:14",38.9,38.9,38.5,38.8,47,48.1,39.5,39.5,39.2,38.9,38.9,-9999,-9999,-9999,-9999,-9999,-9999,-9999,-9999,-9999,9.382195472717285
"2025-06-19 18:59:21",38.9,38.9,38.5,38.8,47,48.1,39.6,39.5,39.2,38.9,38.9,-9999,-9999,-9999,-9999,-9999,-9999,-9999,-9999,-9999,9.381956100463867
"2025-06-19 18:59:24",38.9,38.9,38.5,38.8,47,48.1,39.6,39.5,39.2,38.9,38.9,-9999,-9999,-9999,-9999,-9999,-9999,-9999,-9999,-9999,9.382204055786133
"2025-06-19 18:59:31",38.9,38.9,38.5,38.8,47,48.1,39.6,39.5,39.2,38.9,38.9,-9999,-9999,-9999,-9999,-9999,-9999,-9999,-9999,-9999,9.38256549835205
"2025-06-19 18:59:35",38.9,38.9,38.5,38.8,47,48.1,39.6,39.5,39.2,38.9,38.9,-9999,-9999,-9999,-9999,-9999,-9999,-9999,-9999,-9999,9.3828706741333
"2025-06-19 18:59:42",38.9,38.9,38.5,38.8,47,48.1,39.6,39.5,39.2,38.9,38.9,-9999,-9999,-9999,-9999,-9999,-9999,-9999,-9999,-9999,9.383122444152832
"2025-06-19 18:59:45",38.9,38.8,38.5,38.8,47,48.1,39.6,39.5,39.2,38.9,38.9,-9999,-9999,-9999,-9999,-9999,-9999,-9999,-9999,-9999,9.383159637451172
"2025-06-19 18:59:52",38.9,38.9,38.5,38.8,47,48.1,39.6,39.5,39.2,38.9,38.9,-9999,-9999,-9999,-9999,-9999,-9999,-9999,-9999,-9999,9.383622169494629
"2025-06-19 18:59:56",38.9,38.9,38.5,38.8,47,48.1,39.6,39.5,39.2,38.9,38.9,-9999,-9999,-9999,-9999,-9999,-9999,-9999,-9999,-9999,9.384122848510742
"2025-06-19 19:00:02",38.9,38.9,38.5,38.8,46.9,48.1,39.6,39.5,39.2,38.9,38.9,-9999,-9999,-9999,-9999,-9999,-9999,-9999,-9999,-9999,9.383644104003906
"2025-06-19 19:00:06",38.9,38.8,38.5,38.8,47,48.1,39.6,39.5,39.2,38.9,38.9,-9999,-9999,-9999,-9999,-9999,-9999,-9999,-9999,-9999,9.38353443145752
"2025-06-19 19:00:13",38.9,38.9,38.5,38.8,47,48.1,39.6,39.5,39.2,38.9,38.9,-9999,-9999,-9999,-9999,-9999,-9999,-9999,-9999,-9999,9.383267402648926
"2025-06-19 19:00:16",38.9,38.9,38.5,38.8,47,48.1,39.6,39.5,39.2,38.9,38.9,-9999,-9999,-9999,-9999,-9999,-9999,-9999,-9999,-9999,9.383267402648926
"2025-06-19 19:00:23",38.9,38.9,38.5,38.8,47,48.1,39.6,39.5,39.2,38.9,38.9,-9999,-9999,-9999,-9999,-9999,-9999,-9999,-9999,-9999,9.383810997009277
"2025-06-19 19:00:27",38.9,38.8,38.5,38.8,47,48.1,39.6,39.5,39.2,38.9,38.9,-9999,-9999,-9999,-9999,-9999,-9999,-9999,-9999,-9999,9.383977890014648
"2025-06-19 19:00:33",38.9,38.9,38.5,38.8,47,48.1,39.6,39.5,39.2,38.9,38.9,-9999,-9999,-9999,-9999,-9999,-9999,-9999,-9999,-9999,9.384129524230957
"2025-06-19 19:00:37",38.9,38.9,38.5,38.9,47,48.1,39.6,39.5,39.2,38.9,38.9,-9999,-9999,-9999,-9999,-9999,-9999,-9999,-9999,-9999,9.384260177612305
"2025-06-19 19:00:44",38.9,38.9,38.5,38.8,47,48.1,39.6,39.5,39.2,38.9,38.9,-9999,-9999,-9999,-9999,-9999,-9999,-9999,-9999,-9999,9.38473892211914
"2025-06-19 19:00:47",38.9,38.9,38.5,38.8,47,48.1,39.6,39.5,39.2,38.9,38.9,-9999,-9999,-9999,-9999,-9999,-9999,-9999,-9999,-9999,9.384418487548828
"2025-06-19 19:00:54",38.9,38.9,38.5,38.8,47,48.1,39.6,39.5,39.2,38.9,38.9,-9999,-9999,-9999,-9999,-9999,-9999,-9999,-9999,-9999,9.38487720489502
"2025-06-19 19:00:58",38.9,38.9,38.5,38.9,47,48.1,39.6,39.6,39.2,38.9,38.9,-9999,-9999,-9999,-9999,-9999,-9999,-9999,-9999,-9999,9.384260177612305
"2025-06-19 19:01:05",38.9,38.9,38.5,38.8,47,48.1,39.6,39.5,39.2,38.9,38.9,-9999,-9999,-9999,-9999,-9999,-9999,-9999,-9999,-9999,9.384354591369629
"2025-06-19 19:01:08",38.9,38.9,38.5,38.8,47,48.1,39.6,39.5,39.2,38.9,38.9,-9999,-9999,-9999,-9999,-9999,-9999,-9999,-9999,-9999,9.384411811828613
"2025-06-19 19:01:15",38.9,38.9,38.5,38.9,47,48.1,39.6,39.5,39.2,38.9,38.9,-9999,-9999,-9999,-9999,-9999,-9999,-9999,-9999,-9999,9.384729385375977
"2025-06-19 19:01:19",38.9,38.9,38.5,38.9,47,48.1,39.6,39.5,39.2,38.9,38.9,-9999,-9999,-9999,-9999,-9999,-9999,-9999,-9999,-9999,9.385107040405273
"2025-06-19 19:01:25",38.9,38.8,38.5,38.8,47,48.1,39.6,39.5,39.2,38.9,38.9,-9999,-9999,-9999,-9999,-9999,-9999,-9999,-9999,-9999,9.385396003723145
"2025-06-19 19:01:29",38.9,38.8,38.5,38.8,47,48.1,39.6,39.5,39.2,38.9,38.9,-9999,-9999,-9999,-9999,-9999,-9999,-9999,-9999,-9999,9.385512351989746
"2025-06-19 19:01:36",38.9,38.8,38.5,38.9,47,48.1,39.6,39.5,39.2,38.9,38.9,-9999,-9999,-9999,-9999,-9999,-9999,-9999,-9999,-9999,9.3854398727417
"2025-06-19 19:01:39",38.9,38.8,38.5,38.9,47,48.1,39.6,39.5,39.2,38.9,38.9,-9999,-9999,-9999,-9999,-9999,-9999,-9999,-9999,-9999,9.38608455657959
"2025-06-19 19:01:46",38.9,38.8,38.5,38.9,47,48.1,39.6,39.5,39.2,38.9,38.9,-9999,-9999,-9999,-9999,-9999,-9999,-9999,-9999,-9999,9.385361671447754
"2025-06-19 19:01:50",38.9,38.8,38.5,38.8,47,48.1,39.6,39.5,39.2,38.9,38.9,-9999,-9999,-9999,-9999,-9999,-9999,-9999,-9999,-9999,9.385333061218262
"2025-06-19 19:01:56",38.9,38.9,38.5,38.9,47,48.1,39.6,39.5,39.2,38.9,38.9,-9999,-9999,-9999,-9999,-9999,-9999,-9999,-9999,-9999,9.38603401184082
"2025-06-19 19:02:00",38.9,38.9,38.5,38.9,47,48.1,39.6,39.5,39.2,38.9,38.9,-9999,-9999,-9999,-9999,-9999,-9999,-9999,-9999,-9999,9.385468482971191
"2025-06-19 19:02:07",38.9,38.8,38.5,38.9,47,48.1,39.6,39.5,39.2,38.9,38.9,-9999,-9999,-9999,-9999,-9999,-9999,-9999,-9999,-9999,9.385810852050781
"2025-06-19 19:02:10",38.9,38.9,38.5,38.9,47,48.1,39.6,39.5,39.2,38.9,38.9,-9999,-9999,-9999,-9999,-9999,-9999,-9999,-9999,-9999,9.385578155517578
"2025-06-19 19:02:17",38.9,38.8,38.5,38.9,47,48.2,39.6,39.5,39.2,38.9,38.9,-9999,-9999,-9999,-9999,-9999,-9999,-9999,-9999,-9999,9.386519432067871
"2025-06-19 19:02:21",38.9,38.9,38.5,38.8,47,48.1,39.6,39.5,39.2,38.9,38.9,-9999,-9999,-9999,-9999,-9999,-9999,-9999,-9999,-9999,9.386578559875488
"2025-06-19 19:02:28",38.9,38.9,38.5,38.8,47,48.1,39.6,39.5,39.2,38.9,38.9,-9999,-9999,-9999,-9999,-9999,-9999,-9999,-9999,-9999,9.386106491088867
"2025-06-19 19:02:31",38.9,38.9,38.5,38.9,47,48.1,39.6,39.5,39.2,38.9,38.9,-9999,-9999,-9999,-9999,-9999,-9999,-9999,-9999,-9999,9.38630199432373
"2025-06-19 19:02:38",38.9,38.9,38.5,38.9,47,48.1,39.6,39.5,39.2,38.9,38.9,-9999,-9999,-9999,-9999,-9999,-9999,-9999,-9999,-9999,9.385758399963379
"2025-06-19 19:02:42",38.9,38.8,38.5,38.9,47,48.1,39.6,39.5,39.2,38.9,38.9,-9999,-9999,-9999,-9999,-9999,-9999,-9999,-9999,-9999,9.386541366577148
"2025-06-19 19:02:48",38.9,38.9,38.5,38.9,47,48.1,39.6,39.5,39.2,38.9,38.9,-9999,-9999,-9999,-9999,-9999,-9999,-9999,-9999,-9999,9.386455535888672
"2025-06-19 19:02:52",38.9,38.9,38.5,38.9,47,48.1,39.6,39.5,39.2,38.9,38.9,-9999,-9999,-9999,-9999,-9999,-9999,-9999,-9999,-9999,9.386534690856934
"2025-06-19 19:02:59",38.9,38.9,38.5,38.9,47,48.1,39.6,39.5,39.2,38.9,38.9,-9999,-9999,-9999,-9999,-9999,-9999,-9999,-9999,-9999,9.386946678161621
"2025-06-19 19:03:02",38.9,38.9,38.5,38.8,47,48.1,39.6,39.5,39.1,38.9,38.9,-9999,-9999,-9999,-9999,-9999,-9999,-9999,-9999,-9999,9.387786865234375
"2025-06-19 19:03:09",38.9,38.9,38.5,38.9,47,48.1,39.6,39.5,39.2,38.9,38.9,-9999,-9999,-9999,-9999,-9999,-9999,-9999,-9999,-9999,9.387229919433594
"2025-06-19 19:03:13",38.9,38.8,38.5,38.8,47,48.1,39.6,39.5,39.2,38.9,38.9,-9999,-9999,-9999,-9999,-9999,-9999,-9999,-9999,-9999,9.387056350708008
"2025-06-19 19:03:20",38.9,38.9,38.5,38.9,47,48.1,39.6,39.5,39.2,38.9,38.9,-9999,-9999,-9999,-9999,-9999,-9999,-9999,-9999,-9999,9.387351989746094
"2025-06-19 19:03:23",38.9,38.9,38.5,38.9,47,48.2,39.6,39.5,39.1,38.9,38.9,-9999,-9999,-9999,-9999,-9999,-9999,-9999,-9999,-9999,9.387889862060547
"2025-06-19 19:03:30",38.9,38.8,38.5,38.8,47,48.1,39.6,39.5,39.2,38.9,38.9,-9999,-9999,-9999,-9999,-9999,-9999,-9999,-9999,-9999,9.388606071472168
"2025-06-19 19:03:34",38.9,38.8,38.5,38.9,47,48.1,39.6,39.6,39.2,38.9,38.9,-9999,-9999,-9999,-9999,-9999,-9999,-9999,-9999,-9999,9.387569427490234
"2025-06-19 19:03:40",38.9,38.8,38.5,38.8,47,48.1,39.6,39.6,39.2,38.9,38.9,-9999,-9999,-9999,-9999,-9999,-9999,-9999,-9999,-9999,9.387490272521973
"2025-06-19 19:03:44",38.9,38.8,38.5,38.8,47,48.1,39.6,39.5,39.2,38.9,38.9,-9999,-9999,-9999,-9999,-9999,-9999,-9999,-9999,-9999,9.388229370117188
"2025-06-19 19:03:51",38.9,38.8,38.5,38.8,47,48.1,39.6,39.5,39.2,38.9,38.9,-9999,-9999,-9999,-9999,-9999,-9999,-9999,-9999,-9999,9.388792991638184
"2025-06-19 19:03:54",38.9,38.8,38.5,38.8,47,48.1,39.6,39.5,39.2,38.9,38.9,-9999,-9999,-9999,-9999,-9999,-9999,-9999,-9999,-9999,9.388381004333496
"2025-06-19 19:04:01",38.9,38.8,38.5,38.9,47,48.1,39.6,39.5,39.1,38.9,38.9,-9999,-9999,-9999,-9999,-9999,-9999,-9999,-9999,-9999,9.387889862060547
"2025-06-19 19:04:05",38.9,38.8,38.5,38.9,47,48.1,39.6,39.5,39.1,38.9,38.8,-9999,-9999,-9999,-9999,-9999,-9999,-9999,-9999,-9999,9.388345718383789
"2025-06-19 19:04:11",38.9,38.8,38.5,38.8,47,48.1,39.6,39.5,39.2,38.9,38.8,-9999,-9999,-9999,-9999,-9999,-9999,-9999,-9999,-9999,9.388663291931152
"2025-06-19 19:04:15",38.9,38.8,38.5,38.8,47,48.1,39.6,39.5,39.1,38.9,38.9,-9999,-9999,-9999,-9999,-9999,-9999,-9999,-9999,-9999,9.38893985748291
"2025-06-19 19:04:22",38.9,38.8,38.5,38.8,47,48.1,39.6,39.5,39.1,38.9,38.9,-9999,-9999,-9999,-9999,-9999,-9999,-9999,-9999,-9999,9.388612747192383
"2025-06-19 19:04:26",38.9,38.8,38.5,38.8,47,48.1,39.6,39.5,39.1,38.9,38.9,-9999,-9999,-9999,-9999,-9999,-9999,-9999,-9999,-9999,9.3880033493042
"2025-06-19 19:04:32",38.9,38.8,38.5,38.8,47,48.1,39.6,39.5,39.2,38.9,38.9,-9999,-9999,-9999,-9999,-9999,-9999,-9999,-9999,-9999,9.388641357421875
"2025-06-19 19:04:36",38.9,38.8,38.5,38.8,47,48.1,39.6,39.5,39.2,38.9,38.8,-9999,-9999,-9999,-9999,-9999,-9999,-9999,-9999,-9999,9.38864803314209
"2025-06-19 19:04:43",38.9,38.8,38.5,38.8,47,48.1,39.6,39.5,39.1,38.9,38.9,-9999,-9999,-9999,-9999,-9999,-9999,-9999,-9999,-9999,9.388997077941895
"2025-06-19 19:04:46",38.9,38.8,38.5,38.8,47,48.1,39.6,39.5,39.2,38.9,38.9,-9999,-9999,-9999,-9999,-9999,-9999,-9999,-9999,-9999,9.389069557189941
"2025-06-19 19:04:53",38.9,38.8,38.5,38.8,47,48.1,39.6,39.5,39.1,38.9,38.8,-9999,-9999,-9999,-9999,-9999,-9999,-9999,-9999,-9999,9.389446258544922
"2025-06-19 19:04:57",38.9,38.8,38.5,38.8,47,48.1,39.6,39.5,39.1,38.9,38.8,-9999,-9999,-9999,-9999,-9999,-9999,-9999,-9999,-9999,9.389358520507812
"2025-06-19 19:05:03",38.9,38.8,38.5,38.9,47,48.1,39.6,39.5,39.2,38.9,38.8,-9999,-9999,-9999,-9999,-9999,-9999,-9999,-9999,-9999,9.389272689819336
"2025-06-19 19:05:07",38.9,38.8,38.5,38.9,47,48.1,39.6,39.5,39.2,38.9,38.8,-9999,-9999,-9999,-9999,-9999,-9999,-9999,-9999,-9999,9.389424324035645
"2025-06-19 19:05:14",38.9,38.8,38.5,38.8,47,48.2,39.6,39.5,39.2,38.9,38.8,-9999,-9999,-9999,-9999,-9999,-9999,-9999,-9999,-9999,9.389323234558105
"2025-06-19 19:05:17",38.9,38.8,38.5,38.9,47,48.1,39.6,39.5,39.2,38.9,38.8,-9999,-9999,-9999,-9999,-9999,-9999,-9999,-9999,-9999,9.389437675476074
"2025-06-19 19:05:24",38.9,38.8,38.5,38.8,47,48.1,39.6,39.5,39.2,38.9,38.8,-9999,-9999,-9999,-9999,-9999,-9999,-9999,-9999,-9999,9.389959335327148
"2025-06-19 19:05:28",38.9,38.8,38.5,38.9,47,48.2,39.6,39.5,39.2,38.9,38.9,-9999,-9999,-9999,-9999,-9999,-9999,-9999,-9999,-9999,9.390257835388184
"2025-06-19 19:05:34",38.9,38.8,38.5,38.9,47,48.2,39.6,39.5,39.1,38.8,38.8,-9999,-9999,-9999,-9999,-9999,-9999,-9999,-9999,-9999,9.390104293823242
"2025-06-19 19:05:38",38.9,38.8,38.5,38.9,47,48.1,39.6,39.5,39.1,38.8,38.9,-9999,-9999,-9999,-9999,-9999,-9999,-9999,-9999,-9999,9.3897705078125
"2025-06-19 19:05:45",38.9,38.8,38.5,38.9,47,48.1,39.6,39.5,39.1,38.9,38.8,-9999,-9999,-9999,-9999,-9999,-9999,-9999,-9999,-9999,9.389981269836426
"2025-06-19 19:05:49",38.9,38.8,38.5,38.8,47,48.1,39.6,39.5,39.1,38.9,38.8,-9999,-9999,-9999,-9999,-9999,-9999,-9999,-9999,-9999,9.390524864196777
"2025-06-19 19:05:55",39,38.9,38.5,38.9,47,48.1,39.6,39.5,39.1,38.9,38.9,-9999,-9999,-9999,-9999,-9999,-9999,-9999,-9999,-9999,9.389713287353516
"2025-06-19 19:05:59",38.9,38.9,38.5,38.8,47,48.1,39.5,39.5,39.1,38.9,38.9,-9999,-9999,-9999,-9999,-9999,-9999,-9999,-9999,-9999,9.390009880065918
"2025-06-19 19:06:06",38.9,38.8,38.5,38.9,47,48.1,39.6,39.5,39.1,38.9,38.9,-9999,-9999,-9999,-9999,-9999,-9999,-9999,-9999,-9999,9.39016342163086
"2025-06-19 19:06:09",38.9,38.8,38.5,38.9,47,48.1,39.6,39.5,39.2,38.9,38.9,-9999,-9999,-9999,-9999,-9999,-9999,-9999,-9999,-9999,9.39059066772461
"2025-06-19 19:06:16",38.9,38.8,38.5,38.9,47,48.1,39.6,39.5,39.1,38.9,38.9,-9999,-9999,-9999,-9999,-9999,-9999,-9999,-9999,-9999,9.390625953674316
"2025-06-19 19:06:20",38.9,38.8,38.5,38.9,47,48.1,39.6,39.5,39.2,38.9,38.9,-9999,-9999,-9999,-9999,-9999,-9999,-9999,-9999,-9999,9.390357971191406
"2025-06-19 19:06:26",38.9,38.9,38.5,38.9,47,48.1,39.6,39.5,39.2,38.9,38.8,-9999,-9999,-9999,-9999,-9999,-9999,-9999,-9999,-9999,9.390524864196777
"2025-06-19 19:06:30",38.9,38.8,38.5,38.8,47,48.1,39.6,39.5,39.2,38.9,38.9,-9999,-9999,-9999,-9999,-9999,-9999,-9999,-9999,-9999,9.391242027282715
"2025-06-19 19:06:37",38.9,38.8,38.5,38.9,47,48.1,39.6,39.5,39.2,38.9,38.9,-9999,-9999,-9999,-9999,-9999,-9999,-9999,-9999,-9999,9.390931129455566
"2025-06-19 19:06:41",38.9,38.8,38.5,38.9,47,48.1,39.6,39.5,39.2,38.9,38.9,-9999,-9999,-9999,-9999,-9999,-9999,-9999,-9999,-9999,9.391037940979004
"2025-06-19 19:06:47",38.9,38.8,38.5,38.9,47,48.1,39.6,39.5,39.2,38.9,38.9,-9999,-9999,-9999,-9999,-9999,-9999,-9999,-9999,-9999,9.39145278930664
"2025-06-19 19:06:51",39,38.9,38.5,38.9,47,48.2,39.6,39.5,39.2,38.9,38.9,-9999,-9999,-9999,-9999,-9999,-9999,-9999,-9999,-9999,9.391735076904297
"2025-06-19 19:06:57",38.9,38.9,38.5,38.9,47,48.2,39.6,39.5,39.2,38.9,38.9,-9999,-9999,-9999,-9999,-9999,-9999,-9999,-9999,-9999,9.391336441040039
"2025-06-19 19:07:01",38.9,38.8,38.5,38.9,47,48.2,39.6,39.5,39.2,38.9,38.9,-9999,-9999,-9999,-9999,-9999,-9999,-9999,-9999,-9999,9.391119003295898
"2025-06-19 19:07:08",39,38.8,38.5,38.9,47,48.2,39.6,39.6,39.2,38.9,38.9,-9999,-9999,-9999,-9999,-9999,-9999,-9999,-9999,-9999,9.39167594909668
"2025-06-19 19:07:12",38.9,38.9,38.5,38.9,47,48.2,39.6,39.5,39.2,38.9,38.9,-9999,-9999,-9999,-9999,-9999,-9999,-9999,-9999,-9999,9.391829490661621
"2025-06-19 19:07:18",38.9,38.8,38.5,38.9,47,48.2,39.6,39.5,39.2,38.9,38.9,-9999,-9999,-9999,-9999,-9999,-9999,-9999,-9999,-9999,9.391336441040039
"2025-06-19 19:07:22",38.9,38.8,38.5,38.9,47,48.2,39.6,39.5,39.2,38.9,38.9,-9999,-9999,-9999,-9999,-9999,-9999,-9999,-9999,-9999,9.391393661499023
"2025-06-19 19:07:29",38.9,38.8,38.5,38.9,47,48.2,39.6,39.6,39.2,38.9,38.9,-9999,-9999,-9999,-9999,-9999,-9999,-9999,-9999,-9999,9.392131805419922
"2025-06-19 19:07:32",38.9,38.8,38.5,38.9,47,48.2,39.6,39.6,39.2,38.9,38.9,-9999,-9999,-9999,-9999,-9999,-9999,-9999,-9999,-9999,9.391965866088867
"2025-06-19 19:07:39",38.9,38.9,38.5,38.9,47,48.2,39.6,39.6,39.2,38.9,38.9,-9999,-9999,-9999,-9999,-9999,-9999,-9999,-9999,-9999,9.392197608947754
"2025-06-19 19:07:43",38.9,38.9,38.5,38.9,47,48.2,39.6,39.5,39.2,38.9,38.9,-9999,-9999,-9999,-9999,-9999,-9999,-9999,-9999,-9999,9.39258861541748
"2025-06-19 19:07:49",38.9,38.9,38.5,38.9,47,48.2,39.6,39.6,39.2,38.9,38.9,-9999,-9999,-9999,-9999,-9999,-9999,-9999,-9999,-9999,9.392399787902832
"2025-06-19 19:07:53",38.9,38.9,38.5,38.9,47.9,49.3,39.6,39.6,39.2,38.9,38.9,-9999,-9999,-9999,-9999,-9999,-9999,-9999,-9999,-9999,9.392704963684082
"2025-06-19 19:08:00",38.9,38.9,38.5,38.9,50.6,52.3,39.6,39.6,39.2,38.9,38.9,-9999,-9999,-9999,-9999,-9999,-9999,-9999,-9999,-9999,9.392516136169434
"2025-06-19 19:08:04",38.9,38.9,38.5,38.9,51.7,53.6,39.6,39.5,39.2,38.9,38.9,-9999,-9999,-9999,-9999,-9999,-9999,-9999,-9999,-9999,9.392965316772461
"2025-06-19 19:08:10",38.9,38.8,38.5,38.9,53.2,55.3,39.6,39.6,39.2,38.9,38.9,-9999,-9999,-9999,-9999,-9999,-9999,-9999,-9999,-9999,9.393305778503418
"2025-06-19 19:08:14",38.9,38.9,38.5,38.9,53.9,56,39.6,39.6,39.2,38.9,38.9,-9999,-9999,-9999,-9999,-9999,-9999,-9999,-9999,-9999,9.392908096313477
"2025-06-19 19:08:20",39,38.8,38.5,38.9,54.6,56.9,39.6,39.6,39.2,38.9,38.9,-9999,-9999,-9999,-9999,-9999,-9999,-9999,-9999,-9999,9.39328384399414
"2025-06-19 19:08:24",38.9,38.9,38.5,38.9,55,57.3,39.6,39.6,39.2,38.9,38.9,-9999,-9999,-9999,-9999,-9999,-9999,-9999,-9999,-9999,9.393110275268555
"2025-06-19 19:08:31",38.9,38.9,38.5,38.9,55.5,57.8,39.6,39.6,39.2,38.9,38.9,-9999,-9999,-9999,-9999,-9999,-9999,-9999,-9999,-9999,9.394059181213379
"2025-06-19 19:08:35",38.9,38.9,38.5,38.9,55.7,58.1,39.6,39.6,39.2,38.9,38.9,-9999,-9999,-9999,-9999,-9999,-9999,-9999,-9999,-9999,9.39397144317627
"2025-06-19 19:08:41",38.9,38.9,38.5,38.9,56,58.4,39.6,39.7,39.2,38.9,38.9,-9999,-9999,-9999,-9999,-9999,-9999,-9999,-9999,-9999,9.393625259399414
"2025-06-19 19:08:45",39,38.9,38.5,38.9,56.1,58.5,39.6,39.7,39.3,38.9,39,-9999,-9999,-9999,-9999,-9999,-9999,-9999,-9999,-9999,9.39427661895752
"2025-06-19 19:08:52",38.9,38.9,38.5,38.9,56.2,58.7,39.7,39.7,39.3,38.9,39,-9999,-9999,-9999,-9999,-9999,-9999,-9999,-9999,-9999,9.394811630249023
"2025-06-19 19:08:55",39,38.9,38.5,38.9,56.3,58.8,39.6,39.7,39.3,38.9,39,-9999,-9999,-9999,-9999,-9999,-9999,-9999,-9999,-9999,9.39417552947998
"2025-06-19 19:09:02",39,38.9,38.5,38.9,56.4,59,39.6,39.7,39.3,38.9,39,-9999,-9999,-9999,-9999,-9999,-9999,-9999,-9999,-9999,9.395081520080566
"2025-06-19 19:09:06",38.9,38.9,38.5,38.9,56.5,59,39.7,39.7,39.3,38.9,39,-9999,-9999,-9999,-9999,-9999,-9999,-9999,-9999,-9999,9.394776344299316
"2025-06-19 19:09:12",39,38.9,38.5,38.9,56.6,59.1,39.7,39.8,39.3,38.9,39,-9999,-9999,-9999,-9999,-9999,-9999,-9999,-9999,-9999,9.395233154296875
"2025-06-19 19:09:16",39,38.9,38.5,38.9,56.6,59.2,39.7,39.8,39.3,39,39,-9999,-9999,-9999,-9999,-9999,-9999,-9999,-9999,-9999,9.395515441894531
"2025-06-19 19:09:23",38.9,38.9,38.5,38.9,56.6,59.2,39.7,39.8,39.3,38.9,39,-9999,-9999,-9999,-9999,-9999,-9999,-9999,-9999,-9999,9.395414352416992
"2025-06-19 19:09:27",39,38.9,38.5,38.9,56.7,59.3,39.7,39.8,39.3,38.9,39,-9999,-9999,-9999,-9999,-9999,-9999,-9999,-9999,-9999,9.395405769348145
"2025-06-19 19:09:33",39,38.9,38.5,38.9,56.7,59.3,39.7,39.8,39.3,39,39,-9999,-9999,-9999,-9999,-9999,-9999,-9999,-9999,-9999,9.395689010620117
"2025-06-19 19:09:37",38.9,38.9,38.5,38.9,56.7,59.3,39.7,39.8,39.3,38.9,39,-9999,-9999,-9999,-9999,-9999,-9999,-9999,-9999,-9999,9.395255088806152
"2025-06-19 19:09:44",39,38.9,38.5,38.9,56.7,59.4,39.7,39.8,39.3,38.9,39,-9999,-9999,-9999,-9999,-9999,-9999,-9999,-9999,-9999,9.395942687988281
"2025-06-19 19:09:47",39,38.9,38.5,38.9,56.7,59.4,39.7,39.8,39.3,39,39,-9999,-9999,-9999,-9999,-9999,-9999,-9999,-9999,-9999,9.395248413085938
"2025-06-19 19:09:54",39,38.9,38.5,38.9,56.8,59.4,39.7,39.8,39.3,38.9,39,-9999,-9999,-9999,-9999,-9999,-9999,-9999,-9999,-9999,9.39604377746582
"2025-06-19 19:09:58",39,38.9,38.5,38.9,56.8,59.4,39.7,39.8,39.4,39,39,-9999,-9999,-9999,-9999,-9999,-9999,-9999,-9999,-9999,9.3962984085083
"2025-06-19 19:10:04",39,38.9,38.5,38.9,56.8,59.4,39.7,39.8,39.3,39,39.1,-9999,-9999,-9999,-9999,-9999,-9999,-9999,-9999,-9999,9.396695137023926
"2025-06-19 19:10:08",39,38.9,38.5,38.9,56.8,59.4,39.7,39.8,39.4,39,39,-9999,-9999,-9999,-9999,-9999,-9999,-9999,-9999,-9999,9.396644592285156
"2025-06-19 19:10:15",39,38.9,38.5,38.9,56.8,59.5,39.7,39.8,39.3,39,39,-9999,-9999,-9999,-9999,-9999,-9999,-9999,-9999,-9999,9.3962984085083
"2025-06-19 19:10:18",39,38.9,38.5,38.9,56.8,59.5,39.7,39.8,39.3,39,39,-9999,-9999,-9999,-9999,-9999,-9999,-9999,-9999,-9999,9.396993637084961
"2025-06-19 19:10:25",39,38.9,38.5,38.9,56.8,59.5,39.7,39.8,39.4,39,39.1,-9999,-9999,-9999,-9999,-9999,-9999,-9999,-9999,-9999,9.396927833557129
"2025-06-19 19:10:29",39,38.9,38.5,38.9,56.8,59.5,39.7,39.9,39.4,39,39.1,-9999,-9999,-9999,-9999,-9999,-9999,-9999,-9999,-9999,9.397022247314453
"2025-06-19 19:10:35",39,38.9,38.5,38.9,56.8,59.5,39.7,39.9,39.3,39,39.1,-9999,-9999,-9999,-9999,-9999,-9999,-9999,-9999,-9999,9.397773742675781
"2025-06-19 19:10:39",39,38.9,38.5,38.9,56.9,59.5,39.7,39.9,39.4,39,39.1,-9999,-9999,-9999,-9999,-9999,-9999,-9999,-9999,-9999,9.397723197937012
"2025-06-19 19:10:46",39,38.9,38.5,38.9,56.8,59.5,39.7,39.9,39.4,39,39.1,-9999,-9999,-9999,-9999,-9999,-9999,-9999,-9999,-9999,9.397876739501953
"2025-06-19 19:10:50",39,38.9,38.5,38.9,56.8,59.5,39.7,39.9,39.4,39,39.1,-9999,-9999,-9999,-9999,-9999,-9999,-9999,-9999,-9999,9.398158073425293
"2025-06-19 19:10:56",39,38.9,38.5,38.9,56.9,59.6,39.7,39.9,39.4,39,39.1,-9999,-9999,-9999,-9999,-9999,-9999,-9999,-9999,-9999,9.397587776184082
"2025-06-19 19:11:00",39,38.9,38.5,38.9,56.8,59.5,39.7,39.9,39.3,39,39.1,-9999,-9999,-9999,-9999,-9999,-9999,-9999,-9999,-9999,9.397876739501953
"2025-06-19 19:11:07",39,38.9,38.5,38.9,56.9,59.5,39.7,39.9,39.4,39,39.1,-9999,-9999,-9999,-9999,-9999,-9999,-9999,-9999,-9999,9.397854804992676
"2025-06-19 19:11:10",39,38.9,38.5,38.9,56.9,59.5,39.7,39.9,39.4,39,39.1,-9999,-9999,-9999,-9999,-9999,-9999,-9999,-9999,-9999,9.39794921875
"2025-06-19 19:11:17",39,38.9,38.5,38.9,56.9,59.5,39.7,39.9,39.4,39,39.1,-9999,-9999,-9999,-9999,-9999,-9999,-9999,-9999,-9999,9.398405075073242
"2025-06-19 19:11:21",39,38.9,38.5,38.9,56.9,59.6,39.7,39.9,39.4,39,39.1,-9999,-9999,-9999,-9999,-9999,-9999,-9999,-9999,-9999,9.397955894470215
"2025-06-19 19:11:27",39,38.9,38.5,38.9,56.9,59.6,39.7,39.9,39.4,39,39.1,-9999,-9999,-9999,-9999,-9999,-9999,-9999,-9999,-9999,9.397826194763184
"2025-06-19 19:11:31",39,38.9,38.5,38.9,56.9,59.6,39.7,39.9,39.4,39,39.1,-9999,-9999,-9999,-9999,-9999,-9999,-9999,-9999,-9999,9.399128913879395
"2025-06-19 19:11:38",39,38.9,38.5,38.9,56.9,59.6,39.7,39.9,39.4,39,39.1,-9999,-9999,-9999,-9999,-9999,-9999,-9999,-9999,-9999,9.399106979370117
"2025-06-19 19:11:42",39,38.9,38.5,38.9,56.9,59.6,39.7,39.9,39.4,39,39.1,-9999,-9999,-9999,-9999,-9999,-9999,-9999,-9999,-9999,9.398934364318848
"2025-06-19 19:11:48",39,38.9,38.5,38.9,56.9,59.6,39.7,39.9,39.4,39,39.1,-9999,-9999,-9999,-9999,-9999,-9999,-9999,-9999,-9999,9.39933967590332
"2025-06-19 19:11:52",39,38.9,38.5,38.9,56.9,59.6,39.7,39.9,39.4,39,39.1,-9999,-9999,-9999,-9999,-9999,-9999,-9999,-9999,-9999,9.398927688598633
"2025-06-19 19:11:58",39,38.9,38.5,38.9,56.9,59.6,39.7,39.9,39.4,39,39.1,-9999,-9999,-9999,-9999,-9999,-9999,-9999,-9999,-9999,9.399650573730469
"2025-06-19 19:12:02",39,38.9,38.5,38.9,56.9,59.6,39.7,39.9,39.4,39,39.1,-9999,-9999,-9999,-9999,-9999,-9999,-9999,-9999,-9999,9.39917278289795
"2025-06-19 19:12:09",39,38.9,38.5,38.9,56.9,59.6,39.7,39.9,39.4,39,39.1,-9999,-9999,-9999,-9999,-9999,-9999,-9999,-9999,-9999,9.3994779586792
"2025-06-19 19:12:13",39,38.9,38.5,38.9,56.9,59.6,39.7,39.9,39.4,39,39.1,-9999,-9999,-9999,-9999,-9999,-9999,-9999,-9999,-9999,9.399606704711914
"2025-06-19 19:12:19",39,38.9,38.5,38.9,56.9,59.6,39.7,39.9,39.4,39,39.1,-9999,-9999,-9999,-9999,-9999,-9999,-9999,-9999,-9999,9.39902114868164
"2025-06-19 19:12:23",39,38.9,38.5,38.9,56.9,59.6,39.7,39.9,39.4,39,39.1,-9999,-9999,-9999,-9999,-9999,-9999,-9999,-9999,-9999,9.399925231933594
"2025-06-19 19:12:30",39,38.9,38.5,38.9,56.9,59.6,39.7,39.9,39.4,39,39.1,-9999,-9999,-9999,-9999,-9999,-9999,-9999,-9999,-9999,9.399846076965332
"2025-06-19 19:12:33",39,38.9,38.5,38.9,56.9,59.6,39.7,39.9,39.4,39,39.1,-9999,-9999,-9999,-9999,-9999,-9999,-9999,-9999,-9999,9.400050163269043
"2025-06-19 19:12:40",39,38.9,38.5,38.9,56.9,59.6,39.7,39.9,39.4,39,39.1,-9999,-9999,-9999,-9999,-9999,-9999,-9999,-9999,-9999,9.399679183959961
"2025-06-19 19:12:44",39,38.9,38.5,38.9,56.9,59.6,39.8,39.9,39.4,39,39.1,-9999,-9999,-9999,-9999,-9999,-9999,-9999,-9999,-9999,9.399955749511719
"2025-06-19 19:12:50",39,39,38.5,38.9,56.9,59.6,39.7,39.9,39.4,39,39.1,-9999,-9999,-9999,-9999,-9999,-9999,-9999,-9999,-9999,9.399694442749023
"2025-06-19 19:12:54",39,38.9,38.5,38.9,56.9,59.6,39.7,39.9,39.4,39,39,-9999,-9999,-9999,-9999,-9999,-9999,-9999,-9999,-9999,9.400418281555176
"2025-06-19 19:13:01",39,39,38.5,38.9,56.9,59.6,39.7,39.9,39.4,39,39.1,-9999,-9999,-9999,-9999,-9999,-9999,-9999,-9999,-9999,9.400933265686035
"2025-06-19 19:13:05",39,38.9,38.5,38.9,56.9,59.6,39.7,39.9,39.4,39,39,-9999,-9999,-9999,-9999,-9999,-9999,-9999,-9999,-9999,9.400808334350586
"2025-06-19 19:13:11",39,38.9,38.6,38.9,56.9,59.6,39.7,39.9,39.4,39,39.1,-9999,-9999,-9999,-9999,-9999,-9999,-9999,-9999,-9999,9.401078224182129
"2025-06-19 19:13:15",39,38.9,38.5,38.9,56.9,59.6,39.7,39.9,39.4,39,39.1,-9999,-9999,-9999,-9999,-9999,-9999,-9999,-9999,-9999,9.400896072387695
"2025-06-19 19:13:22",39,39,38.5,38.9,56.9,59.6,39.7,39.9,39.4,39,39.1,-9999,-9999,-9999,-9999,-9999,-9999,-9999,-9999,-9999,9.400672912597656
"2025-06-19 19:13:25",39,39,38.5,38.9,56.9,59.6,39.7,39.9,39.4,39,39.1,-9999,-9999,-9999,-9999,-9999,-9999,-9999,-9999,-9999,9.400801658630371
"2025-06-19 19:13:32",39,38.9,38.5,38.9,56.9,59.6,39.7,39.9,39.4,39,39.1,-9999,-9999,-9999,-9999,-9999,-9999,-9999,-9999,-9999,9.400933265686035
"2025-06-19 19:13:36",39,39,38.5,38.9,56.9,59.6,39.7,39.9,39.4,39,39.1,-9999,-9999,-9999,-9999,-9999,-9999,-9999,-9999,-9999,9.400723457336426
"2025-06-19 19:13:42",39,38.9,38.5,38.9,56.9,59.6,39.7,39.9,39.4,39,39.1,-9999,-9999,-9999,-9999,-9999,-9999,-9999,-9999,-9999,9.401650428771973
"2025-06-19 19:13:46",39,38.9,38.5,38.9,56.9,59.6,39.7,39.9,39.4,39,39.1,-9999,-9999,-9999,-9999,-9999,-9999,-9999,-9999,-9999,9.401373863220215
"2025-06-19 19:13:53",39,38.9,38.5,38.9,56.9,59.6,39.7,39.9,39.4,39,39.1,-9999,-9999,-9999,-9999,-9999,-9999,-9999,-9999,-9999,9.401402473449707
"2025-06-19 19:13:57",39,38.9,38.5,38.9,56.9,59.7,39.7,39.9,39.4,39,39.1,-9999,-9999,-9999,-9999,-9999,-9999,-9999,-9999,-9999,9.401358604431152
"2025-06-19 19:14:03",39,39,38.5,38.9,56.9,59.7,39.7,39.9,39.4,39,39,-9999,-9999,-9999,-9999,-9999,-9999,-9999,-9999,-9999,9.401339530944824
"2025-06-19 19:14:07",39,39,38.5,38.9,56.9,59.7,39.7,39.9,39.4,39,39.1,-9999,-9999,-9999,-9999,-9999,-9999,-9999,-9999,-9999,9.402235984802246
"2025-06-19 19:14:13",39,38.9,38.5,38.9,56.9,59.7,39.8,39.9,39.4,39,39.1,-9999,-9999,-9999,-9999,-9999,-9999,-9999,-9999,-9999,9.401373863220215
"2025-06-19 19:14:17",39,38.9,38.5,38.9,56.9,59.7,39.8,39.9,39.4,39,39.1,-9999,-9999,-9999,-9999,-9999,-9999,-9999,-9999,-9999,9.401780128479004
"2025-06-19 19:14:24",39,38.9,38.5,38.9,56.9,59.7,39.7,39.9,39.4,39,39.1,-9999,-9999,-9999,-9999,-9999,-9999,-9999,-9999,-9999,9.401496887207031
"2025-06-19 19:14:28",39,38.9,38.5,38.9,56.9,59.7,39.7,39.9,39.4,39,39.1,-9999,-9999,-9999,-9999,-9999,-9999,-9999,-9999,-9999,9.401947021484375
"2025-06-19 19:14:34",39,38.9,38.5,38.9,56.9,59.7,39.7,39.9,39.4,39,39.1,-9999,-9999,-9999,-9999,-9999,-9999,-9999,-9999,-9999,9.402482032775879
"2025-06-19 19:14:38",39,38.9,38.5,38.9,56.9,59.7,39.7,39.9,39.4,39,39.1,-9999,-9999,-9999,-9999,-9999,-9999,-9999,-9999,-9999,9.40255355834961
"2025-06-19 19:14:45",39,38.9,38.5,38.9,56.9,59.7,39.7,39.9,39.4,39,39,-9999,-9999,-9999,-9999,-9999,-9999,-9999,-9999,-9999,9.40238094329834
"2025-06-19 19:14:48",39,39,38.5,38.9,56.9,59.7,39.7,39.9,39.4,39,39.1,-9999,-9999,-9999,-9999,-9999,-9999,-9999,-9999,-9999,9.402134895324707
"2025-06-19 19:14:55",39,38.9,38.5,38.9,56.9,59.7,39.7,39.9,39.4,39,39,-9999,-9999,-9999,-9999,-9999,-9999,-9999,-9999,-9999,9.40206241607666
"2025-06-19 19:14:59",39,38.9,38.5,38.9,56.9,59.7,39.7,39.9,39.4,39,39,-9999,-9999,-9999,-9999,-9999,-9999,-9999,-9999,-9999,9.402257919311523
"2025-06-19 19:15:05",39,39,38.5,38.9,56.9,59.7,39.7,39.9,39.4,39,39.1,-9999,-9999,-9999,-9999,-9999,-9999,-9999,-9999,-9999,9.402887344360352
"2025-06-19 19:15:09",39,38.9,38.5,38.9,56.9,59.7,39.7,39.9,39.4,39,39.1,-9999,-9999,-9999,-9999,-9999,-9999,-9999,-9999,-9999,9.402497291564941
"2025-06-19 19:15:16",39,38.9,38.5,38.9,56.9,59.7,39.7,39.9,39.4,39,39,-9999,-9999,-9999,-9999,-9999,-9999,-9999,-9999,-9999,9.40311336517334
"2025-06-19 19:15:20",39,38.9,38.5,38.9,56.9,59.7,39.7,39.9,39.4,39,39,-9999,-9999,-9999,-9999,-9999,-9999,-9999,-9999,-9999,9.403336524963379
"2025-06-19 19:15:26",39,39,38.5,38.9,56.9,59.7,39.7,39.9,39.4,39,39,-9999,-9999,-9999,-9999,-9999,-9999,-9999,-9999,-9999,9.403098106384277
"2025-06-19 19:15:30",39,38.9,38.5,38.9,56.9,59.7,39.7,39.9,39.4,39,39,-9999,-9999,-9999,-9999,-9999,-9999,-9999,-9999,-9999,9.40349006652832
"2025-06-19 19:15:36",39,38.9,38.5,38.9,56.9,59.7,39.7,39.9,39.4,39,39,-9999,-9999,-9999,-9999,-9999,-9999,-9999,-9999,-9999,9.40285873413086
"2025-06-19 19:15:40",39,39,38.5,38.9,56.9,59.7,39.7,39.9,39.4,39,39,-9999,-9999,-9999,-9999,-9999,-9999,-9999,-9999,-9999,9.4030122756958
"2025-06-19 19:15:47",39,38.9,38.5,38.9,56.9,59.7,39.7,39.9,39.4,39,39,-9999,-9999,-9999,-9999,-9999,-9999,-9999,-9999,-9999,9.403823852539062
"2025-06-19 19:15:51",39,39,38.5,38.9,56.9,59.7,39.7,39.9,39.4,39,39,-9999,-9999,-9999,-9999,-9999,-9999,-9999,-9999,-9999,9.403430938720703
"2025-06-19 19:15:57",39,38.9,38.5,38.9,56.9,59.7,39.7,39.9,39.4,39,39,-9999,-9999,-9999,-9999,-9999,-9999,-9999,-9999,-9999,9.403220176696777
"2025-06-19 19:16:01",39,38.9,38.5,38.9,56.9,59.7,39.7,39.9,39.4,39,39,-9999,-9999,-9999,-9999,-9999,-9999,-9999,-9999,-9999,9.403902053833008
"2025-06-19 19:16:08",39,39,38.5,38.9,56.9,59.7,39.7,39.9,39.4,39,39,-9999,-9999,-9999,-9999,-9999,-9999,-9999,-9999,-9999,9.403207778930664
"2025-06-19 19:16:11",39,38.9,38.5,38.9,56.9,59.7,39.7,39.9,39.4,39,39,-9999,-9999,-9999,-9999,-9999,-9999,-9999,-9999,-9999,9.403974533081055
"2025-06-19 19:16:18",39,38.9,38.5,38.9,56.9,59.7,39.7,39.9,39.4,39,39,-9999,-9999,-9999,-9999,-9999,-9999,-9999,-9999,-9999,9.404141426086426
"2025-06-19 19:16:22",39,38.9,38.5,38.9,56.9,59.7,39.7,39.9,39.4,39,39,-9999,-9999,-9999,-9999,-9999,-9999,-9999,-9999,-9999,9.403582572937012
"2025-06-19 19:16:28",39,38.9,38.5,38.9,56.9,59.7,39.7,39.9,39.4,39,39,-9999,-9999,-9999,-9999,-9999,-9999,-9999,-9999,-9999,9.404308319091797
"2025-06-19 19:16:32",39,38.9,38.5,38.9,56.9,59.7,39.7,39.9,39.4,39,39,-9999,-9999,-9999,-9999,-9999,-9999,-9999,-9999,-9999,9.404352188110352
"2025-06-19 19:16:39",39,38.9,38.5,38.9,56.9,59.7,39.7,39.9,39.4,39,39,-9999,-9999,-9999,-9999,-9999,-9999,-9999,-9999,-9999,9.404431343078613
"2025-06-19 19:16:43",39,38.9,38.5,38.9,56.9,59.7,39.7,39.9,39.4,39,39,-9999,-9999,-9999,-9999,-9999,-9999,-9999,-9999,-9999,9.40445327758789
"2025-06-19 19:16:49",39,38.9,38.5,38.9,56.9,59.7,39.7,39.9,39.4,39,39,-9999,-9999,-9999,-9999,-9999,-9999,-9999,-9999,-9999,9.404509544372559
"2025-06-19 19:16:53",39,38.9,38.5,38.9,56.9,59.7,39.7,39.9,39.4,39,39,-9999,-9999,-9999,-9999,-9999,-9999,-9999,-9999,-9999,9.404691696166992
"2025-06-19 19:17:00",39,38.9,38.5,38.9,57,59.7,39.7,39.9,39.3,39,39,-9999,-9999,-9999,-9999,-9999,-9999,-9999,-9999,-9999,9.404748916625977
"2025-06-19 19:17:03",39,38.9,38.5,38.9,56.9,59.7,39.7,39.9,39.4,39,39,-9999,-9999,-9999,-9999,-9999,-9999,-9999,-9999,-9999,9.404531478881836
"2025-06-19 19:17:10",39,38.9,38.5,38.9,56.9,59.7,39.7,39.9,39.4,39,39,-9999,-9999,-9999,-9999,-9999,-9999,-9999,-9999,-9999,9.40423583984375
"2025-06-19 19:17:14",39,39,38.5,38.9,56.9,59.7,39.7,39.9,39.4,39,39,-9999,-9999,-9999,-9999,-9999,-9999,-9999,-9999,-9999,9.4046630859375
"2025-06-19 19:17:20",39,38.9,38.5,38.9,56.9,59.7,39.7,39.8,39.4,39,39,-9999,-9999,-9999,-9999,-9999,-9999,-9999,-9999,-9999,9.404531478881836
"2025-06-19 19:17:24",39,38.9,38.5,38.9,56.9,59.7,39.7,39.8,39.4,39,39,-9999,-9999,-9999,-9999,-9999,-9999,-9999,-9999,-9999,9.404352188110352
"2025-06-19 19:17:31",39,39,38.5,38.9,56.9,59.7,39.7,39.8,39.4,39,39,-9999,-9999,-9999,-9999,-9999,-9999,-9999,-9999,-9999,9.40571403503418
"2025-06-19 19:17:35",39,38.9,38.5,38.9,56.9,59.7,39.7,39.8,39.4,39,39,-9999,-9999,-9999,-9999,-9999,-9999,-9999,-9999,-9999,9.405474662780762
"2025-06-19 19:17:41",39,38.9,38.5,38.9,56.9,59.7,39.7,39.8,39.4,39,39,-9999,-9999,-9999,-9999,-9999,-9999,-9999,-9999,-9999,9.405226707458496
"2025-06-19 19:17:45",39,38.9,38.5,38.9,56.9,59.7,39.7,39.8,39.4,39,39,-9999,-9999,-9999,-9999,-9999,-9999,-9999,-9999,-9999,9.405474662780762
"2025-06-19 19:17:52",39,38.9,38.5,38.9,56.9,59.7,39.7,39.8,39.3,39,39,-9999,-9999,-9999,-9999,-9999,-9999,-9999,-9999,-9999,9.405632019042969
"2025-06-19 19:17:55",39,38.9,38.5,38.9,56.9,59.7,39.7,39.9,39.4,39,39,-9999,-9999,-9999,-9999,-9999,-9999,-9999,-9999,-9999,9.405814170837402
"2025-06-19 19:18:02",39,38.9,38.5,38.9,56.9,59.7,39.7,39.9,39.4,39,39,-9999,-9999,-9999,-9999,-9999,-9999,-9999,-9999,-9999,9.406698226928711
"2025-06-19 19:18:06",39,38.9,38.5,38.9,56.9,59.7,39.7,39.9,39.4,39,39,-9999,-9999,-9999,-9999,-9999,-9999,-9999,-9999,-9999,9.406566619873047
"2025-06-19 19:18:12",39,38.9,38.5,38.8,56.9,59.7,39.7,39.9,39.4,39,39,-9999,-9999,-9999,-9999,-9999,-9999,-9999,-9999,-9999,9.406249046325684
"2025-06-19 19:18:16",39,38.9,38.5,38.9,56.9,59.7,39.7,39.9,39.3,39,39,-9999,-9999,-9999,-9999,-9999,-9999,-9999,-9999,-9999,9.406502723693848
"2025-06-19 19:18:23",39,38.9,38.5,38.9,56.9,59.7,39.7,39.9,39.4,39,39,-9999,-9999,-9999,-9999,-9999,-9999,-9999,-9999,-9999,9.40661907196045
"2025-06-19 19:18:26",39,38.9,38.5,38.9,56.9,59.7,39.7,39.9,39.4,39,39,-9999,-9999,-9999,-9999,-9999,-9999,-9999,-9999,-9999,9.406242370605469
"2025-06-19 19:18:33",39,38.9,38.5,38.9,56.9,59.7,39.7,39.8,39.4,39,39,-9999,-9999,-9999,-9999,-9999,-9999,-9999,-9999,-9999,9.406742095947266
"2025-06-19 19:18:37",39,38.9,38.5,38.9,56.9,59.7,39.7,39.8,39.3,39,39,-9999,-9999,-9999,-9999,-9999,-9999,-9999,-9999,-9999,9.406242370605469
"2025-06-19 19:18:43",39,38.9,38.5,38.9,57,59.7,39.7,39.9,39.3,39,39,-9999,-9999,-9999,-9999,-9999,-9999,-9999,-9999,-9999,9.406720161437988
"2025-06-19 19:18:47",39,38.9,38.5,38.9,57,59.7,39.7,39.8,39.3,39,39,-9999,-9999,-9999,-9999,-9999,-9999,-9999,-9999,-9999,9.407211303710938
"2025-06-19 19:18:54",39,38.9,38.5,38.9,56.9,59.7,39.7,39.8,39.3,39,39,-9999,-9999,-9999,-9999,-9999,-9999,-9999,-9999,-9999,9.406843185424805
"2025-06-19 19:18:58",39,38.9,38.5,38.9,56.9,59.7,39.7,39.8,39.3,39,39,-9999,-9999,-9999,-9999,-9999,-9999,-9999,-9999,-9999,9.406930923461914
"2025-06-19 19:19:04",39,38.9,38.5,38.9,56.9,59.7,39.7,39.8,39.3,39,39,-9999,-9999,-9999,-9999,-9999,-9999,-9999,-9999,-9999,9.407493591308594
"2025-06-19 19:19:08",39,38.9,38.5,38.9,57,59.7,39.7,39.8,39.3,39,39,-9999,-9999,-9999,-9999,-9999,-9999,-9999,-9999,-9999,9.407459259033203
"2025-06-19 19:19:15",39,38.9,38.5,38.9,56.9,59.7,39.7,39.8,39.3,39,39,-9999,-9999,-9999,-9999,-9999,-9999,-9999,-9999,-9999,9.407408714294434
"2025-06-19 19:19:18",39,38.9,38.5,38.9,56.9,59.7,39.7,39.8,39.3,39,39,-9999,-9999,-9999,-9999,-9999,-9999,-9999,-9999,-9999,9.406610488891602
"2025-06-19 19:19:25",39,38.9,38.5,38.9,56.9,59.7,39.7,39.8,39.3,39,39,-9999,-9999,-9999,-9999,-9999,-9999,-9999,-9999,-9999,9.406993865966797
"2025-06-19 19:19:29",39,38.9,38.5,38.9,56.9,59.7,39.7,39.8,39.3,39,39,-9999,-9999,-9999,-9999,-9999,-9999,-9999,-9999,-9999,9.407594680786133
"2025-06-19 19:19:35",39,38.9,38.5,38.9,57,59.8,39.7,39.8,39.3,39,39,-9999,-9999,-9999,-9999,-9999,-9999,-9999,-9999,-9999,9.407792091369629
"2025-06-19 19:19:39",39,38.9,38.5,38.9,56.9,59.7,39.7,39.8,39.3,39,39,-9999,-9999,-9999,-9999,-9999,-9999,-9999,-9999,-9999,9.407915115356445
"2025-06-19 19:19:46",39,38.9,38.5,38.8,56.9,59.7,39.7,39.8,39.3,39,39,-9999,-9999,-9999,-9999,-9999,-9999,-9999,-9999,-9999,9.40748119354248
"2025-06-19 19:19:49",39,38.9,38.5,38.8,57,59.7,39.7,39.8,39.4,38.9,39,-9999,-9999,-9999,-9999,-9999,-9999,-9999,-9999,-9999,9.408283233642578
"2025-06-19 19:19:56",39,38.9,38.5,38.8,56.9,59.7,39.7,39.8,39.3,38.9,39,-9999,-9999,-9999,-9999,-9999,-9999,-9999,-9999,-9999,9.407459259033203
"2025-06-19 19:20:00",39,38.9,38.5,38.8,56.9,59.7,39.7,39.8,39.3,39,39,-9999,-9999,-9999,-9999,-9999,-9999,-9999,-9999,-9999,9.40817642211914
"2025-06-19 19:20:06",39,38.9,38.5,38.8,56.9,59.8,39.7,39.8,39.3,38.9,39,-9999,-9999,-9999,-9999,-9999,-9999,-9999,-9999,-9999,9.40797233581543
"2025-06-19 19:20:10",39,38.9,38.5,38.9,56.9,59.8,39.7,39.8,39.3,39,39,-9999,-9999,-9999,-9999,-9999,-9999,-9999,-9999,-9999,9.4080228805542
"2025-06-19 19:20:17",39,38.9,38.5,38.9,56.9,59.8,39.7,39.8,39.3,38.9,39,-9999,-9999,-9999,-9999,-9999,-9999,-9999,-9999,-9999,9.408472061157227
"2025-06-19 19:20:21",39,38.9,38.5,38.8,56.9,59.7,39.7,39.8,39.3,39,39,-9999,-9999,-9999,-9999,-9999,-9999,-9999,-9999,-9999,9.408551216125488
"2025-06-19 19:20:27",39,38.9,38.5,38.9,57,59.8,39.7,39.8,39.3,39,39,-9999,-9999,-9999,-9999,-9999,-9999,-9999,-9999,-9999,9.408392906188965
"2025-06-19 19:20:31",39,38.9,38.5,38.9,56.9,59.8,39.7,39.8,39.4,39,39,-9999,-9999,-9999,-9999,-9999,-9999,-9999,-9999,-9999,9.408116340637207
"2025-06-19 19:20:38",39,38.9,38.5,38.9,56.9,59.8,39.7,39.8,39.3,38.9,39,-9999,-9999,-9999,-9999,-9999,-9999,-9999,-9999,-9999,9.408682823181152
"2025-06-19 19:20:41",39,38.9,38.5,38.9,57,59.8,39.7,39.8,39.3,38.9,39,-9999,-9999,-9999,-9999,-9999,-9999,-9999,-9999,-9999,9.408588409423828
"2025-06-19 19:20:48",39,38.9,38.5,38.9,57,59.8,39.7,39.8,39.3,39,39,-9999,-9999,-9999,-9999,-9999,-9999,-9999,-9999,-9999,9.408798217773438
"2025-06-19 19:20:52",39,38.9,38.5,38.9,57,59.8,39.7,39.8,39.3,39,39,-9999,-9999,-9999,-9999,-9999,-9999,-9999,-9999,-9999,9.40929889678955
"2025-06-19 19:20:58",39,38.9,38.5,38.9,57,59.8,39.7,39.8,39.3,39,39,-9999,-9999,-9999,-9999,-9999,-9999,-9999,-9999,-9999,9.408811569213867
"2025-06-19 19:21:02",39,38.9,38.5,38.9,57,59.8,39.7,39.8,39.3,39,39,-9999,-9999,-9999,-9999,-9999,-9999,-9999,-9999,-9999,9.409283638000488
"2025-06-19 19:21:09",39,38.9,38.5,38.9,57,59.8,39.7,39.8,39.3,39,39,-9999,-9999,-9999,-9999,-9999,-9999,-9999,-9999,-9999,9.409110069274902
"2025-06-19 19:21:12",39,38.9,38.5,38.9,57,59.8,39.6,39.8,39.3,39,39,-9999,-9999,-9999,-9999,-9999,-9999,-9999,-9999,-9999,9.409037590026855
"2025-06-19 19:21:19",39,38.9,38.5,38.9,57,59.8,39.7,39.8,39.3,39,39,-9999,-9999,-9999,-9999,-9999,-9999,-9999,-9999,-9999,9.409072875976562
"2025-06-19 19:21:23",39,38.9,38.5,38.9,57,59.8,39.7,39.8,39.3,39,39,-9999,-9999,-9999,-9999,-9999,-9999,-9999,-9999,-9999,9.409500122070312
"2025-06-19 19:21:29",39,38.9,38.5,38.9,56.9,59.8,39.7,39.8,39.3,39,39,-9999,-9999,-9999,-9999,-9999,-9999,-9999,-9999,-9999,9.409543991088867
"2025-06-19 19:21:33",39,38.9,38.5,38.9,57,59.8,39.7,39.8,39.3,39,39,-9999,-9999,-9999,-9999,-9999,-9999,-9999,-9999,-9999,9.409717559814453
"2025-06-19 19:21:40",39,38.9,38.5,38.9,56.9,59.8,39.7,39.8,39.3,39,39,-9999,-9999,-9999,-9999,-9999,-9999,-9999,-9999,-9999,9.40982723236084
"2025-06-19 19:21:44",39,38.9,38.5,38.9,56.9,59.8,39.7,39.8,39.3,39,39,-9999,-9999,-9999,-9999,-9999,-9999,-9999,-9999,-9999,9.409921646118164
"2025-06-19 19:21:50",39,38.9,38.5,38.9,56.9,59.8,39.7,39.8,39.3,39,39,-9999,-9999,-9999,-9999,-9999,-9999,-9999,-9999,-9999,9.410399436950684
"2025-06-19 19:21:54",39,38.9,38.5,38.9,56.9,59.8,39.7,39.8,39.3,39,39,-9999,-9999,-9999,-9999,-9999,-9999,-9999,-9999,-9999,9.41021728515625
"2025-06-19 19:22:01",39,38.9,38.5,38.9,57,59.8,39.7,39.8,39.3,39,39,-9999,-9999,-9999,-9999,-9999,-9999,-9999,-9999,-9999,9.41086196899414
"2025-06-19 19:22:04",39,38.9,38.5,38.8,57,59.8,39.7,39.8,39.3,39,39,-9999,-9999,-9999,-9999,-9999,-9999,-9999,-9999,-9999,9.410276412963867
"2025-06-19 19:22:11",39,38.9,38.5,38.9,56.9,59.8,39.7,39.8,39.3,39,39,-9999,-9999,-9999,-9999,-9999,-9999,-9999,-9999,-9999,9.411145210266113
"2025-06-19 19:22:15",39,38.9,38.5,38.9,57,59.8,39.7,39.8,39.3,39,39,-9999,-9999,-9999,-9999,-9999,-9999,-9999,-9999,-9999,9.410855293273926
"2025-06-19 19:22:21",39,38.9,38.5,38.9,57,59.8,39.7,39.8,39.3,39,39,-9999,-9999,-9999,-9999,-9999,-9999,-9999,-9999,-9999,9.41069507598877
"2025-06-19 19:22:25",39,38.9,38.5,38.9,57,59.8,39.7,39.8,39.3,39,39,-9999,-9999,-9999,-9999,-9999,-9999,-9999,-9999,-9999,9.410848617553711
"2025-06-19 19:22:32",39,38.9,38.5,38.9,57,59.8,39.7,39.8,39.3,39,39,-9999,-9999,-9999,-9999,-9999,-9999,-9999,-9999,-9999,9.410701751708984
"2025-06-19 19:22:36",39,38.9,38.5,38.9,57,59.8,39.7,39.8,39.3,39,39,-9999,-9999,-9999,-9999,-9999,-9999,-9999,-9999,-9999,9.410688400268555
"2025-06-19 19:22:42",39,38.9,38.5,38.9,57,59.8,39.7,39.8,39.3,39,39,-9999,-9999,-9999,-9999,-9999,-9999,-9999,-9999,-9999,9.41094970703125
"2025-06-19 19:22:46",39,38.9,38.5,38.9,57,59.8,39.7,39.8,39.3,39,39,-9999,-9999,-9999,-9999,-9999,-9999,-9999,-9999,-9999,9.410868644714355
"2025-06-19 19:22:53",39,38.9,38.5,38.9,57,59.8,39.7,39.8,39.3,39,39,-9999,-9999,-9999,-9999,-9999,-9999,-9999,-9999,-9999,9.4112548828125
"2025-06-19 19:22:56",39,38.9,38.5,38.9,57,59.8,39.7,39.8,39.4,39,39,-9999,-9999,-9999,-9999,-9999,-9999,-9999,-9999,-9999,9.411805152893066
"2025-06-19 19:23:03",39,38.9,38.5,38.9,57,59.8,39.7,39.8,39.3,39,39,-9999,-9999,-9999,-9999,-9999,-9999,-9999,-9999,-9999,9.411565780639648
"2025-06-19 19:23:07",39,38.9,38.5,38.9,57,59.8,39.7,39.8,39.3,39,39,-9999,-9999,-9999,-9999,-9999,-9999,-9999,-9999,-9999,9.411933898925781
"2025-06-19 19:23:13",39,38.9,38.5,38.9,57,59.8,39.7,39.8,39.3,39,39,-9999,-9999,-9999,-9999,-9999,-9999,-9999,-9999,-9999,9.411977767944336
"2025-06-19 19:23:17",39,38.9,38.5,38.9,57,59.8,39.7,39.9,39.3,39,39,-9999,-9999,-9999,-9999,-9999,-9999,-9999,-9999,-9999,9.411616325378418
"2025-06-19 19:23:24",39,38.9,38.5,38.9,57,59.8,39.7,39.8,39.3,39,39,-9999,-9999,-9999,-9999,-9999,-9999,-9999,-9999,-9999,9.41164493560791
"2025-06-19 19:23:27",39,38.9,38.5,38.9,57,59.8,39.7,39.8,39.3,39,39,-9999,-9999,-9999,-9999,-9999,-9999,-9999,-9999,-9999,9.412355422973633
"2025-06-19 19:23:34",39,38.9,38.5,38.9,57,59.8,39.7,39.8,39.3,39,39,-9999,-9999,-9999,-9999,-9999,-9999,-9999,-9999,-9999,9.411751747131348
"2025-06-19 19:23:38",39,38.9,38.5,38.9,57,59.8,39.7,39.8,39.3,39,39,-9999,-9999,-9999,-9999,-9999,-9999,-9999,-9999,-9999,9.41237735748291
"2025-06-19 19:23:44",39,38.9,38.5,38.9,57,59.8,39.7,39.8,39.4,39,39,-9999,-9999,-9999,-9999,-9999,-9999,-9999,-9999,-9999,9.411761283874512
"2025-06-19 19:23:48",39,38.9,38.5,38.9,57,59.8,39.7,39.8,39.4,39,39,-9999,-9999,-9999,-9999,-9999,-9999,-9999,-9999,-9999,9.412195205688477
"2025-06-19 19:23:55",39,38.9,38.5,38.9,57,59.8,39.7,39.8,39.4,39,39,-9999,-9999,-9999,-9999,-9999,-9999,-9999,-9999,-9999,9.41202163696289
"2025-06-19 19:23:59",39,38.9,38.5,38.9,57,59.8,39.7,39.8,39.3,39,39,-9999,-9999,-9999,-9999,-9999,-9999,-9999,-9999,-9999,9.41249942779541
"2025-06-19 19:24:05",39,38.9,38.5,38.9,57,59.8,39.7,39.8,39.3,39,39,-9999,-9999,-9999,-9999,-9999,-9999,-9999,-9999,-9999,9.412760734558105
"2025-06-19 19:24:09",39,38.9,38.5,38.9,57,59.8,39.7,39.8,39.3,39,39,-9999,-9999,-9999,-9999,-9999,-9999,-9999,-9999,-9999,9.412521362304688
"2025-06-19 19:24:16",39,38.9,38.5,38.9,57,59.8,39.7,39.8,39.3,39,39,-9999,-9999,-9999,-9999,-9999,-9999,-9999,-9999,-9999,9.412947654724121
"2025-06-19 19:24:19",39,38.9,38.5,38.9,57,59.8,39.7,39.8,39.3,39,39,-9999,-9999,-9999,-9999,-9999,-9999,-9999,-9999,-9999,9.412541389465332
"2025-06-19 19:24:26",39,38.9,38.5,38.9,57,59.8,39.7,39.8,39.3,39,39,-9999,-9999,-9999,-9999,-9999,-9999,-9999,-9999,-9999,9.412927627563477
"2025-06-19 19:24:30",39,38.9,38.5,38.9,57,59.8,39.7,39.8,39.3,39,39,-9999,-9999,-9999,-9999,-9999,-9999,-9999,-9999,-9999,9.412752151489258
"2025-06-19 19:24:36",39,38.9,38.5,38.9,57,59.8,39.7,39.8,39.3,39,39,-9999,-9999,-9999,-9999,-9999,-9999,-9999,-9999,-9999,9.412978172302246
"2025-06-19 19:24:40",39,38.9,38.5,38.9,57,59.8,39.7,39.8,39.3,39,39,-9999,-9999,-9999,-9999,-9999,-9999,-9999,-9999,-9999,9.413267135620117
"2025-06-19 19:24:47",39,38.9,38.5,38.9,57,59.8,39.7,39.8,39.3,39,39,-9999,-9999,-9999,-9999,-9999,-9999,-9999,-9999,-9999,9.413707733154297
"2025-06-19 19:24:50",39,38.9,38.5,38.9,57,59.8,39.7,39.8,39.3,39,39,-9999,-9999,-9999,-9999,-9999,-9999,-9999,-9999,-9999,9.413179397583008
"2025-06-19 19:24:57",39,38.9,38.5,38.9,57,59.9,39.7,39.8,39.3,39,39,-9999,-9999,-9999,-9999,-9999,-9999,-9999,-9999,-9999,9.414006233215332
"2025-06-19 19:25:01",39,38.9,38.5,38.9,57,59.8,39.7,39.8,39.3,39,39,-9999,-9999,-9999,-9999,-9999,-9999,-9999,-9999,-9999,9.413657188415527
"2025-06-19 19:25:08",39,38.9,38.5,38.9,57,59.8,39.7,39.8,39.3,39,39,-9999,-9999,-9999,-9999,-9999,-9999,-9999,-9999,-9999,9.413324356079102
"2025-06-19 19:25:11",39,38.9,38.5,38.9,57,59.9,39.7,39.8,39.3,39,39,-9999,-9999,-9999,-9999,-9999,-9999,-9999,-9999,-9999,9.413773536682129
"2025-06-19 19:25:18",39,38.9,38.5,38.9,57,59.8,39.7,39.8,39.4,39,39,-9999,-9999,-9999,-9999,-9999,-9999,-9999,-9999,-9999,9.414113998413086
"2025-06-19 19:25:22",39,38.9,38.5,38.9,57,59.8,39.7,39.8,39.4,39,39,-9999,-9999,-9999,-9999,-9999,-9999,-9999,-9999,-9999,9.414135932922363
"2025-06-19 19:25:28",39,38.9,38.5,38.9,57,59.9,39.7,39.8,39.3,39,39,-9999,-9999,-9999,-9999,-9999,-9999,-9999,-9999,-9999,9.414563179016113
"2025-06-19 19:25:32",39,38.9,38.5,38.9,57,59.8,39.7,39.8,39.4,39,39,-9999,-9999,-9999,-9999,-9999,-9999,-9999,-9999,-9999,9.41436767578125
"2025-06-19 19:25:39",39,38.9,38.5,38.9,57,59.8,39.7,39.8,39.3,39,39,-9999,-9999,-9999,-9999,-9999,-9999,-9999,-9999,-9999,9.41424560546875
"2025-06-19 19:25:42",39,38.9,38.5,38.9,57,59.8,39.7,39.8,39.3,39,39,-9999,-9999,-9999,-9999,-9999,-9999,-9999,-9999,-9999,9.414236068725586
"2025-06-19 19:25:49",39,38.9,38.5,38.9,57,59.9,39.7,39.8,39.3,39,39,-9999,-9999,-9999,-9999,-9999,-9999,-9999,-9999,-9999,9.414534568786621
"2025-06-19 19:25:53",39,38.9,38.5,38.9,57,59.9,39.7,39.8,39.3,39,39,-9999,-9999,-9999,-9999,-9999,-9999,-9999,-9999,-9999,9.414924621582031
"2025-06-19 19:25:59",39,38.9,38.5,38.9,57,59.9,39.7,39.8,39.3,39,39,-9999,-9999,-9999,-9999,-9999,-9999,-9999,-9999,-9999,9.414512634277344
"2025-06-19 19:26:03",39,38.9,38.5,38.9,57,59.8,39.7,39.8,39.3,39,39,-9999,-9999,-9999,-9999,-9999,-9999,-9999,-9999,-9999,9.414607048034668
"2025-06-19 19:26:10",39,38.9,38.5,38.9,57,59.9,39.7,39.8,39.3,39,39,-9999,-9999,-9999,-9999,-9999,-9999,-9999,-9999,-9999,9.41454792022705
"2025-06-19 19:26:13",39,38.9,38.5,38.9,57,59.9,39.7,39.9,39.3,39,39,-9999,-9999,-9999,-9999,-9999,-9999,-9999,-9999,-9999,9.415396690368652
"2025-06-19 19:26:20",39,38.9,38.5,38.9,57,59.9,39.7,39.8,39.3,39,39,-9999,-9999,-9999,-9999,-9999,-9999,-9999,-9999,-9999,9.4149751663208
"2025-06-19 19:26:24",39,38.9,38.5,38.9,57,59.9,39.7,39.8,39.3,39,39,-9999,-9999,-9999,-9999,-9999,-9999,-9999,-9999,-9999,9.415324211120605
"2025-06-19 19:26:31",39,38.9,38.5,38.9,57,59.9,39.7,39.8,39.3,39,39,-9999,-9999,-9999,-9999,-9999,-9999,-9999,-9999,-9999,9.415346145629883
"2025-06-19 19:26:34",39,38.9,38.5,38.9,57,59.9,39.7,39.8,39.3,39,39,-9999,-9999,-9999,-9999,-9999,-9999,-9999,-9999,-9999,9.415005683898926
"2025-06-19 19:26:41",39,38.9,38.5,38.9,57,59.9,39.7,39.9,39.4,39,39,-9999,-9999,-9999,-9999,-9999,-9999,-9999,-9999,-9999,9.415396690368652
"2025-06-19 19:26:45",39,38.9,38.5,38.9,57,59.9,39.7,39.8,39.3,39,39,-9999,-9999,-9999,-9999,-9999,-9999,-9999,-9999,-9999,9.415403366088867
"2025-06-19 19:26:51",39,38.9,38.5,38.9,57,59.9,39.7,39.8,39.4,39,39,-9999,-9999,-9999,-9999,-9999,-9999,-9999,-9999,-9999,9.415657043457031
"2025-06-19 19:26:55",39,38.9,38.5,38.9,57,59.9,39.7,39.8,39.4,39,39,-9999,-9999,-9999,-9999,-9999,-9999,-9999,-9999,-9999,9.415786743164062
"2025-06-19 19:27:02",39,38.9,38.5,38.9,57,59.9,39.7,39.8,39.3,39,39,-9999,-9999,-9999,-9999,-9999,-9999,-9999,-9999,-9999,9.416034698486328
"2025-06-19 19:27:05",39,38.9,38.5,38.9,57,59.9,39.7,39.8,39.3,39,39,-9999,-9999,-9999,-9999,-9999,-9999,-9999,-9999,-9999,9.416069984436035
"2025-06-19 19:27:12",39,38.9,38.5,38.9,57,59.9,39.7,39.8,39.3,39,39,-9999,-9999,-9999,-9999,-9999,-9999,-9999,-9999,-9999,9.416156768798828
"2025-06-19 19:27:16",39,38.9,38.5,38.9,57,59.9,39.7,39.8,39.4,39,39,-9999,-9999,-9999,-9999,-9999,-9999,-9999,-9999,-9999,9.415518760681152
"2025-06-19 19:27:22",39,38.9,38.5,38.9,57,59.9,39.7,39.8,39.3,39,39,-9999,-9999,-9999,-9999,-9999,-9999,-9999,-9999,-9999,9.41580867767334
"2025-06-19 19:27:26",39,38.9,38.5,38.9,57,59.9,39.7,39.8,39.3,39,39,-9999,-9999,-9999,-9999,-9999,-9999,-9999,-9999,-9999,9.415982246398926
"2025-06-19 19:27:33",39,38.9,38.5,38.9,57,59.9,39.7,39.8,39.3,39,39,-9999,-9999,-9999,-9999,-9999,-9999,-9999,-9999,-9999,9.416308403015137
"2025-06-19 19:27:37",39,38.9,38.5,38.9,57,59.9,39.7,39.8,39.3,39,39,-9999,-9999,-9999,-9999,-9999,-9999,-9999,-9999,-9999,9.417126655578613
"2025-06-19 19:27:43",39,38.9,38.5,38.9,57,59.9,39.7,39.8,39.3,39,39,-9999,-9999,-9999,-9999,-9999,-9999,-9999,-9999,-9999,9.416069984436035
"2025-06-19 19:27:47",39,38.9,38.5,38.9,57,59.9,39.7,39.8,39.3,39,39,-9999,-9999,-9999,-9999,-9999,-9999,-9999,-9999,-9999,9.416119575500488
"2025-06-19 19:27:54",39,38.9,38.5,38.9,57,59.9,39.7,39.8,39.4,39,39,-9999,-9999,-9999,-9999,-9999,-9999,-9999,-9999,-9999,9.416402816772461
"2025-06-19 19:27:57",39,38.9,38.5,38.9,57,59.9,39.7,39.8,39.4,39,39,-9999,-9999,-9999,-9999,-9999,-9999,-9999,-9999,-9999,9.416720390319824
"2025-06-19 19:28:04",39,38.9,38.5,38.9,57,59.9,39.7,39.8,39.4,39,39.1,-9999,-9999,-9999,-9999,-9999,-9999,-9999,-9999,-9999,9.41740894317627
"2025-06-19 19:28:08",38.9,38.9,38.5,38.9,57,59.9,39.7,39.8,39.3,39,39.1,-9999,-9999,-9999,-9999,-9999,-9999,-9999,-9999,-9999,9.416895866394043
"2025-06-19 19:28:14",39,38.9,38.5,38.9,57,59.9,39.7,39.8,39.3,39,39.1,-9999,-9999,-9999,-9999,-9999,-9999,-9999,-9999,-9999,9.417141914367676
"2025-06-19 19:28:18",39,38.9,38.5,38.9,57,59.9,39.7,39.8,39.3,39,39.1,-9999,-9999,-9999,-9999,-9999,-9999,-9999,-9999,-9999,9.417685508728027
"2025-06-19 19:28:25",39,38.9,38.5,38.9,57,59.9,39.7,39.8,39.3,39,39.1,-9999,-9999,-9999,-9999,-9999,-9999,-9999,-9999,-9999,9.417525291442871
"2025-06-19 19:28:28",39,38.9,38.5,38.9,57,59.9,39.7,39.8,39.3,39,39.1,-9999,-9999,-9999,-9999,-9999,-9999,-9999,-9999,-9999,9.416858673095703
"2025-06-19 19:28:35",39,38.9,38.5,38.9,57,59.9,39.7,39.8,39.3,39,39.1,-9999,-9999,-9999,-9999,-9999,-9999,-9999,-9999,-9999,9.41761302947998
"2025-06-19 19:28:39",39,38.9,38.5,38.9,57,59.9,39.7,39.8,39.4,39,39.1,-9999,-9999,-9999,-9999,-9999,-9999,-9999,-9999,-9999,9.4173583984375
"2025-06-19 19:28:46",39,38.9,38.5,38.9,57,59.9,39.7,39.8,39.4,39,39.1,-9999,-9999,-9999,-9999,-9999,-9999,-9999,-9999,-9999,9.418235778808594
"2025-06-19 19:28:49",39,38.9,38.5,38.9,57,59.9,39.7,39.8,39.4,39,39.1,-9999,-9999,-9999,-9999,-9999,-9999,-9999,-9999,-9999,9.41845989227295
"2025-06-19 19:28:56",39,38.9,38.5,38.9,57,59.9,39.7,39.8,39.3,39,39.1,-9999,-9999,-9999,-9999,-9999,-9999,-9999,-9999,-9999,9.417547225952148
"2025-06-19 19:29:00",39,38.9,38.5,38.9,57,59.9,39.7,39.8,39.3,39,39.1,-9999,-9999,-9999,-9999,-9999,-9999,-9999,-9999,-9999,9.417720794677734
"2025-06-19 19:29:06",39,38.9,38.5,38.9,57,59.9,39.7,39.8,39.4,39,39.1,-9999,-9999,-9999,-9999,-9999,-9999,-9999,-9999,-9999,9.418279647827148
"2025-06-19 19:29:10",39,38.9,38.5,38.9,57,59.9,39.7,39.8,39.4,39,39.1,-9999,-9999,-9999,-9999,-9999,-9999,-9999,-9999,-9999,9.41845989227295
"2025-06-19 19:29:17",39,38.9,38.5,38.9,57,59.9,39.7,39.8,39.4,39,39.1,-9999,-9999,-9999,-9999,-9999,-9999,-9999,-9999,-9999,9.419132232666016
"2025-06-19 19:29:20",39,38.9,38.5,38.9,57,59.9,39.7,39.8,39.4,39,39.1,-9999,-9999,-9999,-9999,-9999,-9999,-9999,-9999,-9999,9.418858528137207
"2025-06-19 19:29:27",39,38.9,38.5,38.9,57,59.9,39.7,39.8,39.3,39,39,-9999,-9999,-9999,-9999,-9999,-9999,-9999,-9999,-9999,9.419025421142578
"2025-06-19 19:29:31",39,38.9,38.5,38.9,57,59.9,39.7,39.8,39.4,39,39,-9999,-9999,-9999,-9999,-9999,-9999,-9999,-9999,-9999,9.419025421142578
"2025-06-19 19:29:37",39,38.9,38.5,38.9,57,59.9,39.7,39.8,39.4,39,39.1,-9999,-9999,-9999,-9999,-9999,-9999,-9999,-9999,-9999,9.418453216552734
"2025-06-19 19:29:41",39,38.9,38.5,38.9,57,59.9,39.7,39.8,39.4,39,39.1,-9999,-9999,-9999,-9999,-9999,-9999,-9999,-9999,-9999,9.418352127075195
"2025-06-19 19:29:48",39,38.9,38.5,38.9,57,60,39.7,39.8,39.4,39,39.1,-9999,-9999,-9999,-9999,-9999,-9999,-9999,-9999,-9999,9.418924331665039
"2025-06-19 19:29:52",39,38.9,38.5,38.9,57.1,60,39.7,39.8,39.4,39,39.1,-9999,-9999,-9999,-9999,-9999,-9999,-9999,-9999,-9999,9.41978645324707
"2025-06-19 19:29:58",39,38.9,38.5,38.9,57.1,60,39.7,39.8,39.4,39,39.1,-9999,-9999,-9999,-9999,-9999,-9999,-9999,-9999,-9999,9.418821334838867
"2025-06-19 19:30:02",39,38.9,38.5,38.9,57,60,39.7,39.9,39.4,39,39.1,-9999,-9999,-9999,-9999,-9999,-9999,-9999,-9999,-9999,9.419110298156738
"2025-06-19 19:30:09",39,38.9,38.5,38.9,57,60,39.7,39.8,39.3,39,39.1,-9999,-9999,-9999,-9999,-9999,-9999,-9999,-9999,-9999,9.419342994689941
"2025-06-19 19:30:12",39,38.9,38.5,38.9,57.1,60,39.7,39.8,39.4,39,39.1,-9999,-9999,-9999,-9999,-9999,-9999,-9999,-9999,-9999,9.419525146484375
"2025-06-19 19:30:19",39,38.9,38.5,38.9,57,60,39.7,39.8,39.3,39,39.1,-9999,-9999,-9999,-9999,-9999,-9999,-9999,-9999,-9999,9.419994354248047
"2025-06-19 19:30:23",39,38.9,38.5,38.9,57.1,59.9,39.7,39.8,39.3,39,39.1,-9999,-9999,-9999,-9999,-9999,-9999,-9999,-9999,-9999,9.420669555664062
"2025-06-19 19:30:29",39,38.9,38.5,38.9,57,60,39.7,39.8,39.4,39,39.1,-9999,-9999,-9999,-9999,-9999,-9999,-9999,-9999,-9999,9.419459342956543
"2025-06-19 19:30:33",39,38.9,38.5,38.9,57.1,60,39.7,39.8,39.4,39,39.1,-9999,-9999,-9999,-9999,-9999,-9999,-9999,-9999,-9999,9.420377731323242
"2025-06-19 19:30:40",39,38.9,38.5,38.9,57.1,60,39.7,39.8,39.4,39,39.1,-9999,-9999,-9999,-9999,-9999,-9999,-9999,-9999,-9999,9.420777320861816
"2025-06-19 19:30:43",39,38.9,38.5,38.9,57.1,60,39.7,39.8,39.4,39,39.1,-9999,-9999,-9999,-9999,-9999,-9999,-9999,-9999,-9999,9.420125961303711
"2025-06-19 19:30:50",39,38.9,38.5,38.9,57.1,60,39.7,39.8,39.4,39,39.1,-9999,-9999,-9999,-9999,-9999,-9999,-9999,-9999,-9999,9.420161247253418
"2025-06-19 19:30:54",39,38.9,38.5,38.9,57,60,39.7,39.8,39.4,39,39.1,-9999,-9999,-9999,-9999,-9999,-9999,-9999,-9999,-9999,9.420726776123047
"2025-06-19 19:31:00",39,38.9,38.5,38.9,57.1,60,39.7,39.8,39.4,39,39.1,-9999,-9999,-9999,-9999,-9999,-9999,-9999,-9999,-9999,9.420878410339355
"2025-06-19 19:31:04",39,38.9,38.5,38.9,57.1,60,39.7,39.9,39.4,39,39.1,-9999,-9999,-9999,-9999,-9999,-9999,-9999,-9999,-9999,9.420372009277344
"2025-06-19 19:31:11",39,38.9,38.5,38.9,57.1,60,39.7,39.8,39.3,39,39.1,-9999,-9999,-9999,-9999,-9999,-9999,-9999,-9999,-9999,9.42017650604248
"2025-06-19 19:31:15",39,38.9,38.5,38.9,57.1,60,39.7,39.8,39.4,39,39,-9999,-9999,-9999,-9999,-9999,-9999,-9999,-9999,-9999,9.420516014099121
"2025-06-19 19:31:21",39,38.9,38.5,38.9,57,60,39.7,39.8,39.4,39,39.1,-9999,-9999,-9999,-9999,-9999,-9999,-9999,-9999,-9999,9.421022415161133
"2025-06-19 19:31:25",39,38.9,38.5,38.9,57.1,60,39.7,39.8,39.4,39,39.1,-9999,-9999,-9999,-9999,-9999,-9999,-9999,-9999,-9999,9.420856475830078
"2025-06-19 19:31:32",39,38.9,38.5,38.9,57,60,39.7,39.9,39.4,39,39.1,-9999,-9999,-9999,-9999,-9999,-9999,-9999,-9999,-9999,9.421116828918457
"2025-06-19 19:31:35",39,38.9,38.5,38.9,57,60,39.7,39.8,39.4,39,39.1,-9999,-9999,-9999,-9999,-9999,-9999,-9999,-9999,-9999,9.421805381774902
"2025-06-19 19:31:42",39,38.9,38.5,38.9,57.1,60,39.7,39.8,39.4,39,39.1,-9999,-9999,-9999,-9999,-9999,-9999,-9999,-9999,-9999,9.4215726852417
"2025-06-19 19:31:46",39,38.9,38.5,38.9,57,60,39.7,39.8,39.3,39,39.1,-9999,-9999,-9999,-9999,-9999,-9999,-9999,-9999,-9999,9.421415328979492
"2025-06-19 19:31:52",39,38.9,38.5,38.9,57.1,60,39.7,39.9,39.3,39,39.1,-9999,-9999,-9999,-9999,-9999,-9999,-9999,-9999,-9999,9.421305656433105
"2025-06-19 19:31:56",39,38.9,38.5,38.9,57.1,60,39.7,39.8,39.3,39,39,-9999,-9999,-9999,-9999,-9999,-9999,-9999,-9999,-9999,9.421538352966309
"2025-06-19 19:32:03",39,38.9,38.5,38.9,57.1,60,39.7,39.9,39.4,39,39.1,-9999,-9999,-9999,-9999,-9999,-9999,-9999,-9999,-9999,9.421560287475586
"2025-06-19 19:32:07",39,38.9,38.5,38.9,57.1,60,39.7,39.8,39.4,39,39.1,-9999,-9999,-9999,-9999,-9999,-9999,-9999,-9999,-9999,9.421125411987305
"2025-06-19 19:32:13",39,38.9,38.5,38.9,57.1,60,39.7,39.8,39.4,39,39,-9999,-9999,-9999,-9999,-9999,-9999,-9999,-9999,-9999,9.42199420928955
"2025-06-19 19:32:17",39,38.9,38.5,38.9,57.1,60,39.7,39.9,39.4,39,39.1,-9999,-9999,-9999,-9999,-9999,-9999,-9999,-9999,-9999,9.421761512756348
"2025-06-19 19:32:23",39,38.9,38.5,38.9,57,60,39.7,39.8,39.4,39,39,-9999,-9999,-9999,-9999,-9999,-9999,-9999,-9999,-9999,9.422161102294922
"2025-06-19 19:32:27",39,38.9,38.5,38.9,57,60,39.7,39.8,39.4,39,39,-9999,-9999,-9999,-9999,-9999,-9999,-9999,-9999,-9999,9.42186450958252
"2025-06-19 19:32:34",39,38.9,38.5,38.9,57.1,60,39.7,39.8,39.4,39,39,-9999,-9999,-9999,-9999,-9999,-9999,-9999,-9999,-9999,9.421676635742188
"2025-06-19 19:32:38",39,38.9,38.5,38.9,57.1,60,39.7,39.8,39.4,39,39.1,-9999,-9999,-9999,-9999,-9999,-9999,-9999,-9999,-9999,9.421928405761719
"2025-06-19 19:32:44",39,38.9,38.5,38.9,57.1,60,39.7,39.8,39.4,39,39,-9999,-9999,-9999,-9999,-9999,-9999,-9999,-9999,-9999,9.422211647033691
"2025-06-19 19:32:48",39,38.9,38.5,38.9,57,60,39.7,39.8,39.4,39,39,-9999,-9999,-9999,-9999,-9999,-9999,-9999,-9999,-9999,9.422161102294922
"2025-06-19 19:32:55",39,38.9,38.5,38.9,57.1,60,39.7,39.8,39.4,39,39.1,-9999,-9999,-9999,-9999,-9999,-9999,-9999,-9999,-9999,9.42257308959961
"2025-06-19 19:32:58",39,38.9,38.5,38.9,57.1,60,39.7,39.8,39.4,39,39.1,-9999,-9999,-9999,-9999,-9999,-9999,-9999,-9999,-9999,9.422384262084961
"2025-06-19 19:33:05",39,38.9,38.5,38.9,57.1,60,39.7,39.8,39.4,39,39.1,-9999,-9999,-9999,-9999,-9999,-9999,-9999,-9999,-9999,9.422588348388672
"2025-06-19 19:33:09",39,38.9,38.5,38.9,57,60,39.7,39.8,39.3,39,39.1,-9999,-9999,-9999,-9999,-9999,-9999,-9999,-9999,-9999,9.423022270202637
"2025-06-19 19:33:15",39,38.9,38.5,38.9,57.1,60,39.7,39.8,39.4,39,39.1,-9999,-9999,-9999,-9999,-9999,-9999,-9999,-9999,-9999,9.422893524169922
"2025-06-19 19:33:19",39,38.9,38.5,38.9,57.1,60,39.7,39.8,39.4,39,39.1,-9999,-9999,-9999,-9999,-9999,-9999,-9999,-9999,-9999,9.42298698425293
"2025-06-19 19:33:26",39,38.9,38.5,38.9,57.1,60,39.7,39.8,39.4,39,39.1,-9999,-9999,-9999,-9999,-9999,-9999,-9999,-9999,-9999,9.423666954040527
"2025-06-19 19:33:30",39,38.9,38.5,38.9,57.1,60,39.7,39.9,39.4,39,39.1,-9999,-9999,-9999,-9999,-9999,-9999,-9999,-9999,-9999,9.423739433288574
"2025-06-19 19:33:36",39,38.9,38.5,38.9,57.1,60,39.7,39.8,39.4,39,39,-9999,-9999,-9999,-9999,-9999,-9999,-9999,-9999,-9999,9.422849655151367
"2025-06-19 19:33:40",39,38.9,38.5,38.9,57.1,60,39.7,39.9,39.4,39,39,-9999,-9999,-9999,-9999,-9999,-9999,-9999,-9999,-9999,9.423044204711914
"2025-06-19 19:33:46",39,38.9,38.5,38.9,57.1,60,39.7,39.8,39.4,39,39,-9999,-9999,-9999,-9999,-9999,-9999,-9999,-9999,-9999,9.423340797424316
"2025-06-19 19:33:50",39,38.9,38.5,38.9,57.1,60,39.7,39.8,39.4,39,39.1,-9999,-9999,-9999,-9999,-9999,-9999,-9999,-9999,-9999,9.423660278320312
"2025-06-19 19:33:57",39,38.9,38.5,38.9,57.1,60,39.7,39.8,39.4,39,39.1,-9999,-9999,-9999,-9999,-9999,-9999,-9999,-9999,-9999,9.423688888549805
"2025-06-19 19:34:01",39,38.9,38.5,38.9,57.1,60,39.7,39.8,39.4,39,39,-9999,-9999,-9999,-9999,-9999,-9999,-9999,-9999,-9999,9.423579216003418
"2025-06-19 19:34:07",39,38.9,38.5,38.9,57.1,60,39.7,39.8,39.3,39,39.1,-9999,-9999,-9999,-9999,-9999,-9999,-9999,-9999,-9999,9.424304962158203
"2025-06-19 19:34:11",39,38.9,38.5,38.9,57.1,60,39.7,39.8,39.4,39,39.1,-9999,-9999,-9999,-9999,-9999,-9999,-9999,-9999,-9999,9.424318313598633
"2025-06-19 19:34:18",39,38.9,38.5,38.9,57.1,60,39.7,39.8,39.4,39,39.1,-9999,-9999,-9999,-9999,-9999,-9999,-9999,-9999,-9999,9.42412281036377
"2025-06-19 19:34:21",39,38.9,38.5,38.9,57.1,60,39.7,39.8,39.4,39,39.1,-9999,-9999,-9999,-9999,-9999,-9999,-9999,-9999,-9999,9.424210548400879
"2025-06-19 19:34:28",39,38.9,38.5,38.9,57.1,60,39.7,39.8,39.4,39,39,-9999,-9999,-9999,-9999,-9999,-9999,-9999,-9999,-9999,9.424399375915527
"2025-06-19 19:34:32",39,38.9,38.5,38.9,57.1,60,39.7,39.8,39.4,39,39.1,-9999,-9999,-9999,-9999,-9999,-9999,-9999,-9999,-9999,9.424978256225586
"2025-06-19 19:34:38",39,38.9,38.5,38.9,57.1,60,39.7,39.8,39.3,39,39.1,-9999,-9999,-9999,-9999,-9999,-9999,-9999,-9999,-9999,9.42517375946045
"2025-06-19 19:34:42",39,38.9,38.5,38.9,57.1,60,39.7,39.8,39.3,39,39.1,-9999,-9999,-9999,-9999,-9999,-9999,-9999,-9999,-9999,9.42464542388916
"2025-06-19 19:34:49",39,38.9,38.5,38.9,57.1,60,39.7,39.9,39.3,39,39.1,-9999,-9999,-9999,-9999,-9999,-9999,-9999,-9999,-9999,9.425101280212402
"2025-06-19 19:34:53",39,38.9,38.5,38.9,57.1,60,39.7,39.8,39.3,39,39.1,-9999,-9999,-9999,-9999,-9999,-9999,-9999,-9999,-9999,9.42473316192627
"2025-06-19 19:34:59",39,38.9,38.5,38.9,57.1,60,39.7,39.8,39.3,39,39,-9999,-9999,-9999,-9999,-9999,-9999,-9999,-9999,-9999,9.42529010772705
"2025-06-19 19:35:03",39,38.9,38.5,38.9,57.1,60,39.7,39.8,39.4,39,39.1,-9999,-9999,-9999,-9999,-9999,-9999,-9999,-9999,-9999,9.425261497497559
"2025-06-19 19:35:10",39,38.9,38.5,38.9,57.1,60,39.7,39.8,39.4,39,39,-9999,-9999,-9999,-9999,-9999,-9999,-9999,-9999,-9999,9.425361633300781
"2025-06-19 19:35:13",39,38.9,38.5,38.9,57.1,60,39.7,39.8,39.3,39,39.1,-9999,-9999,-9999,-9999,-9999,-9999,-9999,-9999,-9999,9.42546272277832
"2025-06-19 19:35:20",39,38.9,38.5,38.9,57.1,60,39.7,39.8,39.3,39,39.1,-9999,-9999,-9999,-9999,-9999,-9999,-9999,-9999,-9999,9.426072120666504
"2025-06-19 19:35:24",39,38.9,38.5,38.9,57.1,60,39.7,39.8,39.3,39,39.1,-9999,-9999,-9999,-9999,-9999,-9999,-9999,-9999,-9999,9.425739288330078
"2025-06-19 19:35:30",38.9,38.9,38.5,38.9,57.1,60,39.6,39.8,39.3,39,39.1,-9999,-9999,-9999,-9999,-9999,-9999,-9999,-9999,-9999,9.426151275634766
"2025-06-19 19:35:34",39,38.9,38.5,38.9,57.1,60,39.7,39.8,39.4,39,39.1,-9999,-9999,-9999,-9999,-9999,-9999,-9999,-9999,-9999,9.425890922546387
"2025-06-19 19:35:41",39,38.9,38.5,38.9,57.1,60,39.7,39.8,39.3,39,39.1,-9999,-9999,-9999,-9999,-9999,-9999,-9999,-9999,-9999,9.425912857055664
"2025-06-19 19:35:44",39,38.9,38.5,38.9,57.1,60,39.7,39.8,39.3,39,39,-9999,-9999,-9999,-9999,-9999,-9999,-9999,-9999,-9999,9.425658226013184
"2025-06-19 19:35:51",39,38.9,38.5,38.9,57.1,60,39.7,39.8,39.3,39,39.1,-9999,-9999,-9999,-9999,-9999,-9999,-9999,-9999,-9999,9.425877571105957
"2025-06-19 19:35:55",39,38.9,38.5,38.9,57.1,60,39.7,39.8,39.3,39,39.1,-9999,-9999,-9999,-9999,-9999,-9999,-9999,-9999,-9999,9.425745964050293
"2025-06-19 19:36:01",39,38.9,38.6,38.9,57.1,60,39.7,39.8,39.3,39,39.1,-9999,-9999,-9999,-9999,-9999,-9999,-9999,-9999,-9999,9.425506591796875
"2025-06-19 19:36:05",39,38.9,38.5,38.9,57.1,60,39.7,39.8,39.4,39,39.1,-9999,-9999,-9999,-9999,-9999,-9999,-9999,-9999,-9999,9.42585563659668
"2025-06-19 19:36:12",39,38.9,38.5,38.9,57.1,60,39.7,39.8,39.4,39,39.1,-9999,-9999,-9999,-9999,-9999,-9999,-9999,-9999,-9999,9.426217079162598
"2025-06-19 19:36:16",39,38.9,38.5,38.9,57.1,60,39.7,39.8,39.4,39,39.1,-9999,-9999,-9999,-9999,-9999,-9999,-9999,-9999,-9999,9.426883697509766
"2025-06-19 19:36:22",39,38.9,38.5,38.9,57.1,60,39.7,39.8,39.4,39,39.1,-9999,-9999,-9999,-9999,-9999,-9999,-9999,-9999,-9999,9.426267623901367
"2025-06-19 19:36:26",39,38.9,38.5,38.9,57.1,60,39.7,39.8,39.3,39,39,-9999,-9999,-9999,-9999,-9999,-9999,-9999,-9999,-9999,9.426572799682617
"2025-06-19 19:36:33",39,38.9,38.5,38.9,57.1,60,39.7,39.8,39.3,39,39.1,-9999,-9999,-9999,-9999,-9999,-9999,-9999,-9999,-9999,9.426679611206055
"2025-06-19 19:36:36",39,38.9,38.5,38.9,57.1,60,39.7,39.8,39.3,39,39.1,-9999,-9999,-9999,-9999,-9999,-9999,-9999,-9999,-9999,9.42658519744873
"2025-06-19 19:36:43",39,38.9,38.5,38.9,57.1,60,39.7,39.8,39.3,39,39.1,-9999,-9999,-9999,-9999,-9999,-9999,-9999,-9999,-9999,9.426412582397461
"2025-06-19 19:36:47",39,38.9,38.5,38.9,57.1,60,39.7,39.8,39.3,39,39.1,-9999,-9999,-9999,-9999,-9999,-9999,-9999,-9999,-9999,9.426789283752441
"2025-06-19 19:36:53",39,38.9,38.5,38.9,57.1,60,39.7,39.8,39.4,39,39.1,-9999,-9999,-9999,-9999,-9999,-9999,-9999,-9999,-9999,9.426607131958008
"2025-06-19 19:36:57",39,38.9,38.5,38.9,57.1,60.1,39.7,39.8,39.4,39,39.1,-9999,-9999,-9999,-9999,-9999,-9999,-9999,-9999,-9999,9.427258491516113
"2025-06-19 19:37:04",39,38.9,38.5,38.9,57.1,60,39.7,39.8,39.4,39,39.1,-9999,-9999,-9999,-9999,-9999,-9999,-9999,-9999,-9999,9.42719554901123
"2025-06-19 19:37:08",39,38.9,38.5,38.9,57.1,60,39.7,39.8,39.4,39,39.1,-9999,-9999,-9999,-9999,-9999,-9999,-9999,-9999,-9999,9.427324295043945
"2025-06-19 19:37:14",39,38.9,38.5,38.9,57.1,60,39.7,39.8,39.4,39,39.1,-9999,-9999,-9999,-9999,-9999,-9999,-9999,-9999,-9999,9.427245140075684
"2025-06-19 19:37:18",39,38.9,38.5,38.9,57.1,60,39.7,39.9,39.4,39,39.1,-9999,-9999,-9999,-9999,-9999,-9999,-9999,-9999,-9999,9.426969528198242
"2025-06-19 19:37:25",39,38.9,38.5,38.9,57.1,60.1,39.7,39.8,39.4,39,39.1,-9999,-9999,-9999,-9999,-9999,-9999,-9999,-9999,-9999,9.427020072937012
"2025-06-19 19:37:28",39,38.9,38.5,38.9,57.1,60,39.7,39.8,39.4,39,39.1,-9999,-9999,-9999,-9999,-9999,-9999,-9999,-9999,-9999,9.426701545715332
"2025-06-19 19:37:35",39,38.9,38.5,38.9,57.1,60,39.7,39.8,39.4,39,39.1,-9999,-9999,-9999,-9999,-9999,-9999,-9999,-9999,-9999,9.427664756774902
"2025-06-19 19:37:39",39,38.9,38.5,38.9,57.1,60,39.7,39.8,39.4,39,39.1,-9999,-9999,-9999,-9999,-9999,-9999,-9999,-9999,-9999,9.428208351135254
"2025-06-19 19:37:45",39,38.9,38.5,38.9,57.1,60,39.7,39.8,39.3,39,39.1,-9999,-9999,-9999,-9999,-9999,-9999,-9999,-9999,-9999,9.427940368652344
"2025-06-19 19:37:49",39,38.9,38.5,38.9,57.1,60,39.7,39.8,39.4,39,39.1,-9999,-9999,-9999,-9999,-9999,-9999,-9999,-9999,-9999,9.427925109863281
"2025-06-19 19:37:56",39,38.9,38.5,38.9,57.1,60,39.7,39.8,39.4,39,39.1,-9999,-9999,-9999,-9999,-9999,-9999,-9999,-9999,-9999,9.428723335266113
"2025-06-19 19:37:59",39,38.9,38.5,38.9,57.1,60,39.7,39.8,39.4,39,39.1,-9999,-9999,-9999,-9999,-9999,-9999,-9999,-9999,-9999,9.428563117980957
"2025-06-19 19:38:06",39,38.9,38.5,38.9,57.1,60,39.7,39.8,39.4,39,39.1,-9999,-9999,-9999,-9999,-9999,-9999,-9999,-9999,-9999,9.42857837677002
"2025-06-19 19:38:10",39,38.9,38.5,38.9,57.1,60,39.7,39.8,39.4,39,39.1,-9999,-9999,-9999,-9999,-9999,-9999,-9999,-9999,-9999,9.428497314453125
"2025-06-19 19:38:16",39,38.9,38.5,38.9,57.1,60.1,39.7,39.8,39.4,39,39.1,-9999,-9999,-9999,-9999,-9999,-9999,-9999,-9999,-9999,9.428947448730469
"2025-06-19 19:38:20",39,38.9,38.5,38.9,57.1,60.1,39.7,39.8,39.4,39,39.1,-9999,-9999,-9999,-9999,-9999,-9999,-9999,-9999,-9999,9.428085327148438
"2025-06-19 19:38:27",39,38.9,38.5,38.9,57.1,60,39.7,39.8,39.4,39,39.1,-9999,-9999,-9999,-9999,-9999,-9999,-9999,-9999,-9999,9.429381370544434
"2025-06-19 19:38:31",39,38.9,38.5,38.9,57.1,60.1,39.7,39.8,39.4,39,39.1,-9999,-9999,-9999,-9999,-9999,-9999,-9999,-9999,-9999,9.429079055786133
"2025-06-19 19:38:37",39,38.9,38.5,38.9,57.1,60,39.7,39.9,39.4,39,39.1,-9999,-9999,-9999,-9999,-9999,-9999,-9999,-9999,-9999,9.42959213256836
"2025-06-19 19:38:41",39,38.9,38.5,38.9,57.1,60.1,39.7,39.9,39.4,39,39.1,-9999,-9999,-9999,-9999,-9999,-9999,-9999,-9999,-9999,9.429585456848145
"2025-06-19 19:38:48",39,38.9,38.5,38.9,57.1,60.1,39.7,39.9,39.4,39,39.1,-9999,-9999,-9999,-9999,-9999,-9999,-9999,-9999,-9999,9.42945384979248
"2025-06-19 19:38:51",39,38.9,38.5,38.9,57.1,60.1,39.7,39.9,39.4,39,39.1,-9999,-9999,-9999,-9999,-9999,-9999,-9999,-9999,-9999,9.430113792419434
"2025-06-19 19:38:58",39,38.9,38.5,38.9,57.1,60.1,39.7,39.9,39.4,39,39.1,-9999,-9999,-9999,-9999,-9999,-9999,-9999,-9999,-9999,9.428853034973145
"2025-06-19 19:39:02",39,38.9,38.5,38.9,57.1,60.1,39.7,39.9,39.4,39,39.1,-9999,-9999,-9999,-9999,-9999,-9999,-9999,-9999,-9999,9.429091453552246
"2025-06-19 19:39:08",39,38.9,38.5,38.9,57.1,60.1,39.7,39.9,39.4,39,39.1,-9999,-9999,-9999,-9999,-9999,-9999,-9999,-9999,-9999,9.42918586730957
"2025-06-19 19:39:12",39,38.9,38.5,38.9,57.1,60.1,39.7,39.9,39.4,39,39.1,-9999,-9999,-9999,-9999,-9999,-9999,-9999,-9999,-9999,9.429201126098633
"2025-06-19 19:39:19",39,38.9,38.5,38.9,57.1,60.1,39.7,39.9,39.4,39,39.1,-9999,-9999,-9999,-9999,-9999,-9999,-9999,-9999,-9999,9.429692268371582
"2025-06-19 19:39:22",39,38.9,38.5,38.9,57.1,60.1,39.7,39.9,39.4,39,39.1,-9999,-9999,-9999,-9999,-9999,-9999,-9999,-9999,-9999,9.42970085144043
"2025-06-19 19:39:29",39,38.9,38.5,38.9,57.1,60.1,39.7,39.9,39.4,39,39.1,-9999,-9999,-9999,-9999,-9999,-9999,-9999,-9999,-9999,9.430352210998535
"2025-06-19 19:39:33",39,38.9,38.5,38.9,57.1,60.1,39.7,39.9,39.4,39,39.1,-9999,-9999,-9999,-9999,-9999,-9999,-9999,-9999,-9999,9.429845809936523
"2025-06-19 19:39:40",39,38.9,38.5,38.9,57.1,60.1,39.7,39.9,39.4,39,39.1,-9999,-9999,-9999,-9999,-9999,-9999,-9999,-9999,-9999,9.430402755737305
"2025-06-19 19:39:43",39,38.9,38.5,39,57.1,60.1,39.7,39.9,39.4,39,39.1,-9999,-9999,-9999,-9999,-9999,-9999,-9999,-9999,-9999,9.430770874023438
"2025-06-19 19:39:50",39,38.9,38.5,38.9,57.1,60.1,39.7,39.9,39.4,39,39.1,-9999,-9999,-9999,-9999,-9999,-9999,-9999,-9999,-9999,9.430374145507812
"2025-06-19 19:39:54",39,38.9,38.5,38.9,57.1,60.1,39.7,39.9,39.4,39,39.1,-9999,-9999,-9999,-9999,-9999,-9999,-9999,-9999,-9999,9.429962158203125
"2025-06-19 19:40:00",39,38.9,38.5,38.9,57.1,60.1,39.7,39.9,39.4,39,39.1,-9999,-9999,-9999,-9999,-9999,-9999,-9999,-9999,-9999,9.430780410766602
"2025-06-19 19:40:04",39,38.9,38.5,38.9,57.1,60.1,39.7,39.9,39.4,39,39.1,-9999,-9999,-9999,-9999,-9999,-9999,-9999,-9999,-9999,9.430792808532715
"2025-06-19 19:40:11",39,38.9,38.5,38.9,57.1,60.1,39.7,39.9,39.4,39,39.1,-9999,-9999,-9999,-9999,-9999,-9999,-9999,-9999,-9999,9.429795265197754
"2025-06-19 19:40:14",39,38.9,38.5,38.9,57.1,60.1,39.7,39.9,39.4,39,39.1,-9999,-9999,-9999,-9999,-9999,-9999,-9999,-9999,-9999,9.430503845214844
"2025-06-19 19:40:21",39,38.9,38.5,38.9,57.1,60.1,39.7,39.9,39.4,39,39.1,-9999,-9999,-9999,-9999,-9999,-9999,-9999,-9999,-9999,9.430497169494629
"2025-06-19 19:40:25",39,38.9,38.5,38.9,57.1,60.1,39.7,39.9,39.4,39,39.1,-9999,-9999,-9999,-9999,-9999,-9999,-9999,-9999,-9999,9.431010246276855
"2025-06-19 19:40:31",39,38.9,38.5,38.9,57.1,60.1,39.8,39.9,39.4,39,39.1,-9999,-9999,-9999,-9999,-9999,-9999,-9999,-9999,-9999,9.431047439575195
"2025-06-19 19:40:35",39,38.9,38.5,38.9,57.1,60.1,39.7,39.9,39.4,39,39.1,-9999,-9999,-9999,-9999,-9999,-9999,-9999,-9999,-9999,9.431641578674316
"2025-06-19 19:40:42",39,38.9,38.5,38.9,57.1,60.1,39.7,39.8,39.4,39,39.1,-9999,-9999,-9999,-9999,-9999,-9999,-9999,-9999,-9999,9.431082725524902
"2025-06-19 19:40:46",39,38.9,38.6,38.9,57.1,60.1,39.7,39.9,39.4,39,39.1,-9999,-9999,-9999,-9999,-9999,-9999,-9999,-9999,-9999,9.43110466003418
"2025-06-19 19:40:52",39,38.9,38.5,38.9,57.1,60.1,39.7,39.9,39.4,39,39.1,-9999,-9999,-9999,-9999,-9999,-9999,-9999,-9999,-9999,9.430699348449707
"2025-06-19 19:40:56",39,38.9,38.5,38.9,57.1,60.1,39.7,39.9,39.4,39,39.1,-9999,-9999,-9999,-9999,-9999,-9999,-9999,-9999,-9999,9.43091869354248
"2025-06-19 19:41:03",39,38.9,38.5,38.9,57.1,60.1,39.7,39.9,39.4,39,39,-9999,-9999,-9999,-9999,-9999,-9999,-9999,-9999,-9999,9.43135929107666
"2025-06-19 19:41:06",39,38.9,38.5,38.9,57.1,60.1,39.7,39.9,39.4,39,39.1,-9999,-9999,-9999,-9999,-9999,-9999,-9999,-9999,-9999,9.431771278381348
"2025-06-19 19:41:13",39,38.9,38.5,38.9,57.1,60.1,39.7,39.9,39.4,39,39.1,-9999,-9999,-9999,-9999,-9999,-9999,-9999,-9999,-9999,9.432286262512207
"2025-06-19 19:41:17",39,38.9,38.5,38.9,57.1,60.1,39.7,39.9,39.4,39,39.1,-9999,-9999,-9999,-9999,-9999,-9999,-9999,-9999,-9999,9.432082176208496
"2025-06-19 19:41:23",39,38.9,38.5,38.9,57.1,60.1,39.7,39.9,39.4,39,39.1,-9999,-9999,-9999,-9999,-9999,-9999,-9999,-9999,-9999,9.431821823120117
"2025-06-19 19:41:27",39,38.9,38.5,38.9,57.1,60.1,39.7,39.8,39.4,39,39,-9999,-9999,-9999,-9999,-9999,-9999,-9999,-9999,-9999,9.432387351989746
"2025-06-19 19:41:34",39,38.9,38.5,39,57.1,60.1,39.7,39.9,39.4,39,39.1,-9999,-9999,-9999,-9999,-9999,-9999,-9999,-9999,-9999,9.432060241699219
"2025-06-19 19:41:37",39,38.9,38.5,38.9,57.1,60.1,39.7,39.9,39.4,39,39,-9999,-9999,-9999,-9999,-9999,-9999,-9999,-9999,-9999,9.43217658996582
"2025-06-19 19:41:44",39,38.9,38.5,38.9,57.1,60.1,39.7,39.9,39.4,39,39,-9999,-9999,-9999,-9999,-9999,-9999,-9999,-9999,-9999,9.432777404785156
"2025-06-19 19:41:48",39,38.9,38.5,38.9,57.1,60.1,39.7,39.9,39.4,39,39,-9999,-9999,-9999,-9999,-9999,-9999,-9999,-9999,-9999,9.432475090026855
"2025-06-19 19:41:54",39,38.9,38.5,38.9,57.1,60.1,39.7,39.9,39.4,39,39,-9999,-9999,-9999,-9999,-9999,-9999,-9999,-9999,-9999,9.433293342590332
"2025-06-19 19:41:58",39,38.9,38.5,38.9,57.1,60.1,39.7,39.9,39.4,39,39,-9999,-9999,-9999,-9999,-9999,-9999,-9999,-9999,-9999,9.433133125305176
"2025-06-19 19:42:05",39,38.9,38.5,38.9,57.1,60.1,39.7,39.9,39.4,39,39.1,-9999,-9999,-9999,-9999,-9999,-9999,-9999,-9999,-9999,9.432902336120605
"2025-06-19 19:42:09",39,38.9,38.5,38.9,57.1,60.1,39.7,39.9,39.4,39,39.1,-9999,-9999,-9999,-9999,-9999,-9999,-9999,-9999,-9999,9.432843208312988
"2025-06-19 19:42:15",39,38.9,38.5,38.9,57.1,60.1,39.7,39.9,39.4,39,39,-9999,-9999,-9999,-9999,-9999,-9999,-9999,-9999,-9999,9.433408737182617
"2025-06-19 19:42:19",39,38.9,38.5,38.9,57.1,60.1,39.7,39.9,39.4,39,39,-9999,-9999,-9999,-9999,-9999,-9999,-9999,-9999,-9999,9.433525085449219
"2025-06-19 19:42:26",39,38.9,38.6,38.9,57.1,60.1,39.7,39.9,39.4,39,39,-9999,-9999,-9999,-9999,-9999,-9999,-9999,-9999,-9999,9.433899879455566
"2025-06-19 19:42:29",39,38.9,38.6,38.9,57.1,60.1,39.7,39.9,39.4,39,39,-9999,-9999,-9999,-9999,-9999,-9999,-9999,-9999,-9999,9.433286666870117
"2025-06-19 19:42:36",39,38.9,38.5,38.9,57.1,60.1,39.7,39.9,39.4,39,39,-9999,-9999,-9999,-9999,-9999,-9999,-9999,-9999,-9999,9.433380126953125
"2025-06-19 19:42:40",39,38.9,38.5,38.9,57.1,60.1,39.7,39.9,39.4,39,39,-9999,-9999,-9999,-9999,-9999,-9999,-9999,-9999,-9999,9.433327674865723
"2025-06-19 19:42:46",39,38.9,38.6,38.9,57.1,60.1,39.7,39.9,39.4,39,39,-9999,-9999,-9999,-9999,-9999,-9999,-9999,-9999,-9999,9.433003425598145
"2025-06-19 19:42:50",39,38.9,38.5,38.9,57.1,60.1,39.7,39.9,39.4,39,39.1,-9999,-9999,-9999,-9999,-9999,-9999,-9999,-9999,-9999,9.43347454071045
"2025-06-19 19:42:57",39,38.9,38.6,38.9,57.1,60.1,39.7,39.9,39.4,39,39.1,-9999,-9999,-9999,-9999,-9999,-9999,-9999,-9999,-9999,9.434422492980957
"2025-06-19 19:43:00",39,38.9,38.5,39,57.1,60.1,39.7,39.9,39.4,39,39.1,-9999,-9999,-9999,-9999,-9999,-9999,-9999,-9999,-9999,9.434378623962402
"2025-06-19 19:43:07",39,38.9,38.5,38.9,57.1,60.1,39.7,39.9,39.4,39,39.1,-9999,-9999,-9999,-9999,-9999,-9999,-9999,-9999,-9999,9.433553695678711
"2025-06-19 19:43:11",39,38.9,38.5,38.9,57.1,60.1,39.7,39.9,39.4,39,39.1,-9999,-9999,-9999,-9999,-9999,-9999,-9999,-9999,-9999,9.43413257598877
"2025-06-19 19:43:17",39,38.9,38.5,38.9,57.1,60.1,39.7,39.9,39.4,39,39.1,-9999,-9999,-9999,-9999,-9999,-9999,-9999,-9999,-9999,9.433858871459961
"2025-06-19 19:43:21",39,38.9,38.5,38.9,57.1,60.1,39.7,39.9,39.4,39,39.1,-9999,-9999,-9999,-9999,-9999,-9999,-9999,-9999,-9999,9.433937072753906
"2025-06-19 19:43:28",39,38.9,38.5,38.9,57.1,60.1,39.7,39.9,39.4,39,39.1,-9999,-9999,-9999,-9999,-9999,-9999,-9999,-9999,-9999,9.434849739074707
"2025-06-19 19:43:32",39,38.9,38.5,38.9,57.1,60.1,39.7,39.9,39.4,39,39.1,-9999,-9999,-9999,-9999,-9999,-9999,-9999,-9999,-9999,9.434966087341309
"2025-06-19 19:43:38",39,38.9,38.5,38.9,57.1,60.1,39.7,39.9,39.4,39,39.1,-9999,-9999,-9999,-9999,-9999,-9999,-9999,-9999,-9999,9.435349464416504
"2025-06-19 19:43:42",39,38.9,38.5,38.9,57.1,60.1,39.8,39.9,39.4,39,39.1,-9999,-9999,-9999,-9999,-9999,-9999,-9999,-9999,-9999,9.435639381408691
"2025-06-19 19:43:49",39,38.9,38.5,38.9,57.1,60.1,39.7,39.9,39.4,39,39.1,-9999,-9999,-9999,-9999,-9999,-9999,-9999,-9999,-9999,9.435075759887695
"2025-06-19 19:43:52",39,38.9,38.5,38.9,57.1,60.1,39.7,39.9,39.4,39,39.1,-9999,-9999,-9999,-9999,-9999,-9999,-9999,-9999,-9999,9.435283660888672
"2025-06-19 19:43:59",39,38.9,38.5,38.9,57.1,60.1,39.7,39.9,39.4,39,39.1,-9999,-9999,-9999,-9999,-9999,-9999,-9999,-9999,-9999,9.4358491897583
"2025-06-19 19:44:03",39,38.9,38.5,38.9,57.1,60.1,39.7,39.9,39.4,39,39.1,-9999,-9999,-9999,-9999,-9999,-9999,-9999,-9999,-9999,9.435906410217285
"2025-06-19 19:44:09",39,38.9,38.6,38.9,57.1,60.1,39.7,39.9,39.4,39,39.1,-9999,-9999,-9999,-9999,-9999,-9999,-9999,-9999,-9999,9.435406684875488
"2025-06-19 19:44:13",39,38.9,38.5,38.9,57.1,60.1,39.7,39.9,39.4,39,39.1,-9999,-9999,-9999,-9999,-9999,-9999,-9999,-9999,-9999,9.435501098632812
"2025-06-19 19:44:20",39,38.9,38.5,38.9,57.1,60.1,39.7,39.9,39.4,39,39.1,-9999,-9999,-9999,-9999,-9999,-9999,-9999,-9999,-9999,9.436044692993164
"2025-06-19 19:44:23",39,38.9,38.5,38.9,57.1,60.1,39.7,39.9,39.4,39,39.1,-9999,-9999,-9999,-9999,-9999,-9999,-9999,-9999,-9999,9.436132431030273
"2025-06-19 19:44:30",39,38.9,38.5,38.9,57.1,60.1,39.7,39.9,39.4,39,39.1,-9999,-9999,-9999,-9999,-9999,-9999,-9999,-9999,-9999,9.436226844787598
"2025-06-19 19:44:34",39,38.9,38.5,38.9,57.1,60.1,39.7,39.9,39.4,39,39.1,-9999,-9999,-9999,-9999,-9999,-9999,-9999,-9999,-9999,9.436022758483887
"2025-06-19 19:44:41",39,38.9,38.5,38.9,57.1,60.1,39.7,39.9,39.4,39,39.1,-9999,-9999,-9999,-9999,-9999,-9999,-9999,-9999,-9999,9.4366455078125
"2025-06-19 19:44:44",39,38.9,38.5,38.9,57.1,60.1,39.7,39.9,39.4,39,39.1,-9999,-9999,-9999,-9999,-9999,-9999,-9999,-9999,-9999,9.437094688415527
"2025-06-19 19:44:51",39,38.9,38.5,38.9,57.1,60.1,39.7,39.9,39.4,39,39.1,-9999,-9999,-9999,-9999,-9999,-9999,-9999,-9999,-9999,9.437131881713867
"2025-06-19 19:44:55",39,38.9,38.5,38.9,57.1,60.1,39.7,39.9,39.4,39,39.1,-9999,-9999,-9999,-9999,-9999,-9999,-9999,-9999,-9999,9.436856269836426
"2025-06-19 19:45:01",39,38.9,38.5,38.9,57.1,60.1,39.7,39.9,39.4,39,39.1,-9999,-9999,-9999,-9999,-9999,-9999,-9999,-9999,-9999,9.43703842163086
"2025-06-19 19:45:05",39,38.9,38.5,38.9,57.1,60.1,39.7,39.9,39.4,39,39.1,-9999,-9999,-9999,-9999,-9999,-9999,-9999,-9999,-9999,9.4365816116333
"2025-06-19 19:45:12",39,38.9,38.5,38.9,57.1,60.1,39.7,39.9,39.4,39,39.1,-9999,-9999,-9999,-9999,-9999,-9999,-9999,-9999,-9999,9.43729019165039
"2025-06-19 19:45:15",39,38.9,38.5,38.9,57.1,60.1,39.7,39.9,39.4,39,39.1,-9999,-9999,-9999,-9999,-9999,-9999,-9999,-9999,-9999,9.437616348266602
"2025-06-19 19:45:22",39,38.9,38.5,38.9,57.1,60.1,39.7,39.9,39.4,39,39.1,-9999,-9999,-9999,-9999,-9999,-9999,-9999,-9999,-9999,9.436478614807129
"2025-06-19 19:45:26",39,38.9,38.5,38.9,57.1,60.1,39.7,39.9,39.4,39,39.1,-9999,-9999,-9999,-9999,-9999,-9999,-9999,-9999,-9999,9.436768531799316
"2025-06-19 19:45:32",39,38.9,38.5,38.9,57.1,60.1,39.7,39.8,39.4,39,39.1,-9999,-9999,-9999,-9999,-9999,-9999,-9999,-9999,-9999,9.437204360961914
"2025-06-19 19:45:36",39,38.9,38.5,38.9,57.1,60.1,39.7,39.8,39.4,39,39.1,-9999,-9999,-9999,-9999,-9999,-9999,-9999,-9999,-9999,9.436972618103027
"2025-06-19 19:45:43",39,38.9,38.5,38.9,57.1,60.1,39.7,39.9,39.4,39,39.1,-9999,-9999,-9999,-9999,-9999,-9999,-9999,-9999,-9999,9.437283515930176
"2025-06-19 19:45:47",39,38.9,38.5,38.9,57.1,60.1,39.7,39.9,39.4,39,39.1,-9999,-9999,-9999,-9999,-9999,-9999,-9999,-9999,-9999,9.437173843383789
"2025-06-19 19:45:53",39,38.9,38.5,38.9,57.1,60.1,39.7,39.8,39.4,39,39.1,-9999,-9999,-9999,-9999,-9999,-9999,-9999,-9999,-9999,9.437044143676758
"2025-06-19 19:45:57",39,38.9,38.5,38.9,57.1,60.1,39.7,39.8,39.4,39,39.1,-9999,-9999,-9999,-9999,-9999,-9999,-9999,-9999,-9999,9.437921524047852
"2025-06-19 19:46:04",39,38.9,38.6,38.9,57.1,60.1,39.7,39.8,39.4,39,39.1,-9999,-9999,-9999,-9999,-9999,-9999,-9999,-9999,-9999,9.438095092773438
"2025-06-19 19:46:07",39,38.9,38.6,38.9,57.1,60.1,39.7,39.8,39.4,39,39.1,-9999,-9999,-9999,-9999,-9999,-9999,-9999,-9999,-9999,9.438057899475098
"2025-06-19 19:46:14",39,38.9,38.5,38.9,57.1,60.1,39.7,39.9,39.4,39,39.1,-9999,-9999,-9999,-9999,-9999,-9999,-9999,-9999,-9999,9.437494277954102
"2025-06-19 19:46:18",39,38.9,38.5,38.9,57.1,60.1,39.7,39.9,39.4,39,39.1,-9999,-9999,-9999,-9999,-9999,-9999,-9999,-9999,-9999,9.438277244567871
"2025-06-19 19:46:24",39,38.9,38.5,38.9,57.1,60.1,39.7,39.9,39.4,39,39.1,-9999,-9999,-9999,-9999,-9999,-9999,-9999,-9999,-9999,9.438101768493652
"2025-06-19 19:46:28",39,38.9,38.5,38.9,57.1,60.1,39.7,39.9,39.4,39,39.1,-9999,-9999,-9999,-9999,-9999,-9999,-9999,-9999,-9999,9.437870979309082
"2025-06-19 19:46:35",39,38.9,38.5,38.9,57.1,60.1,39.7,39.9,39.4,39,39.1,-9999,-9999,-9999,-9999,-9999,-9999,-9999,-9999,-9999,9.438377380371094
"2025-06-19 19:46:38",39,38.9,38.5,38.9,57.1,60.1,39.7,39.9,39.4,39,39.1,-9999,-9999,-9999,-9999,-9999,-9999,-9999,-9999,-9999,9.438355445861816
"2025-06-19 19:46:45",39,38.9,38.5,38.9,57.1,60.1,39.7,39.9,39.4,39,39.1,-9999,-9999,-9999,-9999,-9999,-9999,-9999,-9999,-9999,9.438774108886719
"2025-06-19 19:46:49",39,38.9,38.5,38.9,56.2,59.1,39.7,39.9,39.4,39,39.1,-9999,-9999,-9999,-9999,-9999,-9999,-9999,-9999,-9999,9.438673973083496
"2025-06-19 19:46:56",39,38.9,38.5,38.9,51.7,53.7,39.7,39.9,39.4,39,39.1,-9999,-9999,-9999,-9999,-9999,-9999,-9999,-9999,-9999,9.439013481140137
"2025-06-19 19:46:59",39,38.9,38.5,38.9,49.4,50.8,39.7,39.9,39.4,39,39.1,-9999,-9999,-9999,-9999,-9999,-9999,-9999,-9999,-9999,9.438630104064941
"2025-06-19 19:47:06",39,38.9,38.5,39,46.3,47.5,39.7,39.8,39.4,39,39.1,-9999,-9999,-9999,-9999,-9999,-9999,-9999,-9999,-9999,9.438812255859375
"2025-06-19 19:47:10",39,38.9,38.6,38.9,45.1,46.1,39.7,39.8,39.3,39,39.1,-9999,-9999,-9999,-9999,-9999,-9999,-9999,-9999,-9999,9.439129829406738
"2025-06-19 19:47:16",39,38.9,38.5,38.9,43.5,44.3,39.7,39.8,39.3,39,39.1,-9999,-9999,-9999,-9999,-9999,-9999,-9999,-9999,-9999,9.438608169555664
"2025-06-19 19:47:20",39,38.9,38.5,38.9,42.9,43.4,39.7,39.8,39.3,39,39,-9999,-9999,-9999,-9999,-9999,-9999,-9999,-9999,-9999,9.438638687133789
"2025-06-19 19:47:27",39,38.9,38.5,38.9,41.9,42.4,39.7,39.8,39.3,39,39.1,-9999,-9999,-9999,-9999,-9999,-9999,-9999,-9999,-9999,-0.00002800219226628542
"2025-06-19 19:47:30",39,38.9,38.5,38.9,41.6,41.9,39.7,39.8,39.3,39,39,-9999,-9999,-9999,-9999,-9999,-9999,-9999,-9999,-9999,-0.000028163534807390533
"2025-06-19 19:47:37",39,38.9,38.5,38.9,41,41.3,39.7,39.7,39.3,39,39,-9999,-9999,-9999,-9999,-9999,-9999,-9999,-9999,-9999,-0.000028280050173634663
"2025-06-19 19:47:41",38.9,38.8,38.5,38.9,40.7,41,39.7,39.7,39.3,39,39,-9999,-9999,-9999,-9999,-9999,-9999,-9999,-9999,-9999,-0.000028273852876736782
"2025-06-19 19:47:47",38.9,38.8,38.4,38.9,40.4,40.6,39.7,39.7,39.2,39,39,-9999,-9999,-9999,-9999,-9999,-9999,-9999,-9999,-9999,-0.00002828996548487339
"2025-06-19 19:47:51",38.8,38.7,38.4,38.8,40.2,40.4,39.7,39.6,39.2,39,39,-9999,-9999,-9999,-9999,-9999,-9999,-9999,-9999,-9999,-0.00002829141158144921
"2025-06-19 19:47:58",38.7,38.6,38.3,38.8,40,40.1,39.7,39.6,39.2,38.9,39,-9999,-9999,-9999,-9999,-9999,-9999,-9999,-9999,-9999,-0.00002827839671226684
"2025-06-19 19:48:02",38.6,38.5,38.3,38.7,39.9,40,39.6,39.5,39.2,38.9,38.9,-9999,-9999,-9999,-9999,-9999,-9999,-9999,-9999,-9999,-0.00002827736534527503
"2025-06-19 19:48:08",38.4,38.4,38.2,38.6,39.7,39.8,39.6,39.4,39.1,38.9,38.8,-9999,-9999,-9999,-9999,-9999,-9999,-9999,-9999,-9999,-0.000028298436518525705
"2025-06-19 19:48:12",38.4,38.3,38.1,38.5,39.5,39.7,39.5,39.4,39,38.9,38.8,-9999,-9999,-9999,-9999,-9999,-9999,-9999,-9999,-9999,-0.000028294924049987458
"2025-06-19 19:48:19",38.2,38.1,37.9,38.4,39.4,39.5,39.5,39.3,38.9,38.8,38.7,-9999,-9999,-9999,-9999,-9999,-9999,-9999,-9999,-9999,-0.000028300708436290734
"2025-06-19 19:48:22",38.1,38,37.8,38.2,39.3,39.4,39.4,39.2,38.9,38.8,38.6,-9999,-9999,-9999,-9999,-9999,-9999,-9999,-9999,-9999,-0.000028306079911999404
"2025-06-19 19:48:29",37.9,37.8,37.6,38.1,39.2,39.2,39.3,39.1,38.8,38.7,38.5,-9999,-9999,-9999,-9999,-9999,-9999,-9999,-9999,-9999,-0.000028303187718847767
"2025-06-19 19:48:33",37.6,37.6,37.5,37.9,39.1,39.1,39.3,39.1,38.7,38.6,38.4,-9999,-9999,-9999,-9999,-9999,-9999,-9999,-9999,-9999,-0.000028286867745919153
"2025-06-19 19:48:39",37.4,37.4,37.2,37.7,38.9,38.9,39.1,38.9,38.5,38.5,38.3,-9999,-9999,-9999,-9999,-9999,-9999,-9999,-9999,-9999,-0.00002829141158144921
"2025-06-19 19:48:43",37.3,37.2,37.1,37.5,38.7,38.8,39,38.8,38.4,38.4,38.2,-9999,-9999,-9999,-9999,-9999,-9999,-9999,-9999,-9999,-0.00002830422090482898
"2025-06-19 19:48:50",37,36.9,36.8,37.3,38.6,38.6,38.9,38.6,38.3,38.3,37.9,-9999,-9999,-9999,-9999,-9999,-9999,-9999,-9999,-9999,-0.0000283058725472074
"2025-06-19 19:48:53",36.8,36.8,36.7,37.1,38.5,38.5,38.8,38.5,38.2,38.2,37.8,-9999,-9999,-9999,-9999,-9999,-9999,-9999,-9999,-9999,-0.00002829347795341164
"2025-06-19 19:49:00",36.5,36.4,36.4,36.8,38.2,38.3,38.6,38.3,37.9,38,37.6,-9999,-9999,-9999,-9999,-9999,-9999,-9999,-9999,-9999,-0.000028295336960582063
"2025-06-19 19:49:04",36.4,36.3,36.2,36.6,38.1,38.1,38.5,38.2,37.8,37.9,37.5,-9999,-9999,-9999,-9999,-9999,-9999,-9999,-9999,-9999,-0.00002830959238053765
"2025-06-19 19:49:11",36.1,36,35.9,36.3,37.9,37.9,38.3,38,37.6,37.7,37.2,-9999,-9999,-9999,-9999,-9999,-9999,-9999,-9999,-9999,-0.000028288106477702968
"2025-06-19 19:49:14",35.9,35.8,35.7,36,37.7,37.8,38.2,37.8,37.4,37.6,37.1,-9999,-9999,-9999,-9999,-9999,-9999,-9999,-9999,-9999,-0.000028295749871176668
"2025-06-19 19:49:21",35.6,35.5,35.4,35.7,37.4,37.5,37.9,37.6,37.1,37.4,36.9,-9999,-9999,-9999,-9999,-9999,-9999,-9999,-9999,-9999,-0.00002830731864378322
"2025-06-19 19:49:25",35.4,35.3,35.2,35.5,37.3,37.4,37.8,37.4,37,37.3,36.7,-9999,-9999,-9999,-9999,-9999,-9999,-9999,-9999,-9999,-0.000028288313842494972
"2025-06-19 19:49:31",35,35,34.9,35.1,37,37.1,37.5,37.2,36.7,37,36.4,-9999,-9999,-9999,-9999,-9999,-9999,-9999,-9999,-9999,-0.000028295957235968672
"2025-06-19 19:49:35",34.8,34.8,34.7,35,36.9,36.9,37.4,37,36.6,36.9,36.2,-9999,-9999,-9999,-9999,-9999,-9999,-9999,-9999,-9999,-0.00002829058576026
"2025-06-19 19:49:42",34.5,34.4,34.4,34.6,36.6,36.7,37.1,36.7,36.3,36.6,35.9,-9999,-9999,-9999,-9999,-9999,-9999,-9999,-9999,-9999,-0.000028309797926340252
"2025-06-19 19:49:45",34.3,34.3,34.2,34.4,36.4,36.5,37,36.6,36.2,36.4,35.8,-9999,-9999,-9999,-9999,-9999,-9999,-9999,-9999,-9999,-0.000028292444767430425
"2025-06-19 19:49:52",34,34,33.8,34.1,36.2,36.2,36.7,36.3,35.8,36.2,35.5,-9999,-9999,-9999,-9999,-9999,-9999,-9999,-9999,-9999,-0.000028292444767430425
"2025-06-19 19:49:56",33.9,33.8,33.7,33.9,36,36.1,36.6,36.1,35.7,36.1,35.3,-9999,-9999,-9999,-9999,-9999,-9999,-9999,-9999,-9999,-0.00002832405334629584
"2025-06-19 19:50:02",33.5,33.5,33.4,33.5,35.7,35.8,36.2,35.8,35.4,35.7,35,-9999,-9999,-9999,-9999,-9999,-9999,-9999,-9999,-9999,-0.00002827881144185085
"2025-06-19 19:50:06",33.4,33.3,33.2,33.4,35.5,35.6,36.1,35.6,35.2,35.6,34.8,-9999,-9999,-9999,-9999,-9999,-9999,-9999,-9999,-9999,-0.000028295749871176668
"2025-06-19 19:50:13",33.1,33,32.9,33,35.3,35.3,35.8,35.3,35,35.3,34.5,-9999,-9999,-9999,-9999,-9999,-9999,-9999,-9999,-9999,-0.000028263317290111445
"2025-06-19 19:50:16",32.9,32.9,32.7,32.8,35.1,35.1,35.6,35.1,34.8,35.2,34.4,-9999,-9999,-9999,-9999,-9999,-9999,-9999,-9999,-9999,-0.00002828438846336212
"2025-06-19 19:50:23",32.6,32.6,32.4,32.4,34.8,34.8,35.4,34.9,34.5,34.9,34.1,-9999,-9999,-9999,-9999,-9999,-9999,-9999,-9999,-9999,-0.00002830504672601819
"2025-06-19 19:50:27",32.5,32.4,32.3,32.3,34.6,34.6,35.2,34.7,34.3,34.7,33.9,-9999,-9999,-9999,-9999,-9999,-9999,-9999,-9999,-9999,-0.000028300915801082738
"2025-06-19 19:50:34",32.2,32.1,32,32,34.3,34.3,34.9,34.4,34,34.4,33.5,-9999,-9999,-9999,-9999,-9999,-9999,-9999,-9999,-9999,-0.000028295957235968672
"2025-06-19 19:50:37",32,32,31.8,31.9,34.2,34.2,34.7,34.3,33.9,34.2,33.4,-9999,-9999,-9999,-9999,-9999,-9999,-9999,-9999,-9999,-0.000028314756491454318
"2025-06-19 19:50:44",31.7,31.7,31.6,31.5,33.9,33.9,34.5,33.9,33.6,34,33.2,-9999,-9999,-9999,-9999,-9999,-9999,-9999,-9999,-9999,-0.000028288313842494972
"2025-06-19 19:50:48",31.6,31.6,31.4,31.3,33.8,33.7,34.3,33.8,33.4,33.8,33,-9999,-9999,-9999,-9999,-9999,-9999,-9999,-9999,-9999,-0.00002829058576026
"2025-06-19 19:50:54",31.4,31.3,31.1,31.1,33.5,33.4,34,33.5,33.2,33.5,32.7,-9999,-9999,-9999,-9999,-9999,-9999,-9999,-9999,-9999,-0.000028281496270210482
"2025-06-19 19:50:58",31.2,31.1,31,30.9,33.3,33.2,33.8,33.3,33,33.3,32.5,-9999,-9999,-9999,-9999,-9999,-9999,-9999,-9999,-9999,-0.00002827054777299054
"2025-06-19 19:51:05",30.9,30.9,30.7,30.7,33.1,33,33.6,33,32.8,33.1,32.3,-9999,-9999,-9999,-9999,-9999,-9999,-9999,-9999,-9999,-0.000028296370146563277
"2025-06-19 19:51:08",30.8,30.7,30.6,30.5,32.9,32.8,33.4,32.9,32.6,33,32.1,-9999,-9999,-9999,-9999,-9999,-9999,-9999,-9999,-9999,-0.00002829265213222243
"2025-06-19 19:51:15",30.5,30.5,30.4,30.3,32.6,32.6,33.1,32.6,32.3,32.7,31.9,-9999,-9999,-9999,-9999,-9999,-9999,-9999,-9999,-9999,-0.000028265589207876474
"2025-06-19 19:51:19",30.4,30.4,30.3,30.2,32.5,32.4,33,32.5,32.2,32.5,31.7,-9999,-9999,-9999,-9999,-9999,-9999,-9999,-9999,-9999,-0.00002826538184308447
"2025-06-19 19:51:25",30.2,30.2,30,29.9,32.2,32.2,32.7,32.2,31.9,32.2,31.5,-9999,-9999,-9999,-9999,-9999,-9999,-9999,-9999,-9999,-0.00002827674506988842
"2025-06-19 19:51:29",30,30,29.9,29.8,32.1,32,32.5,32.1,31.8,32.1,31.3,-9999,-9999,-9999,-9999,-9999,-9999,-9999,-9999,-9999,-0.000028293065042817034
"2025-06-19 19:51:36",29.8,29.8,29.6,29.6,31.9,31.8,32.3,31.8,31.5,31.8,31.1,-9999,-9999,-9999,-9999,-9999,-9999,-9999,-9999,-9999,-0.000028260838007554412
"2025-06-19 19:51:40",29.6,29.6,29.5,29.4,31.7,31.6,32.1,31.6,31.4,31.7,30.9,-9999,-9999,-9999,-9999,-9999,-9999,-9999,-9999,-9999,-0.00002828211654559709
"2025-06-19 19:51:46",29.4,29.4,29.3,29.2,31.5,31.3,31.9,31.4,31.2,31.5,30.7,-9999,-9999,-9999,-9999,-9999,-9999,-9999,-9999,-9999,-0.000028273645511944778
"2025-06-19 19:51:50",29.3,29.3,29.1,29.1,31.3,31.2,31.8,31.3,31,31.3,30.5,-9999,-9999,-9999,-9999,-9999,-9999,-9999,-9999,-9999,-0.000028286867745919153
"2025-06-19 19:51:57",29,29,28.9,28.9,31.1,31,31.5,31,30.8,31.1,30.3,-9999,-9999,-9999,-9999,-9999,-9999,-9999,-9999,-9999,-0.000028302567443461157
"2025-06-19 19:52:00",28.9,28.9,28.8,28.7,31,30.9,31.4,30.9,30.7,30.9,30.2,-9999,-9999,-9999,-9999,-9999,-9999,-9999,-9999,-9999,-0.000028291618946241215
"2025-06-19 19:52:07",28.7,28.7,28.6,28.5,30.7,30.6,31.1,30.7,30.4,30.7,29.9,-9999,-9999,-9999,-9999,-9999,-9999,-9999,-9999,-9999,-0.000028281288905418478
"2025-06-19 19:52:11",28.6,28.6,28.5,28.4,30.6,30.5,31,30.5,30.3,30.5,29.8,-9999,-9999,-9999,-9999,-9999,-9999,-9999,-9999,-9999,-0.000028289347028476186
"2025-06-19 19:52:17",28.4,28.4,28.3,28.2,30.4,30.2,30.8,30.3,30.1,30.3,29.6,-9999,-9999,-9999,-9999,-9999,-9999,-9999,-9999,-9999,-0.000028287900931900367
"2025-06-19 19:52:21",28.2,28.2,28.1,28,30.3,30.1,30.7,30.2,30,30.2,29.5,-9999,-9999,-9999,-9999,-9999,-9999,-9999,-9999,-9999,-0.00002827963726304006
"2025-06-19 19:52:28",28,28,27.9,27.9,30,29.9,30.4,30,29.8,30,29.2,-9999,-9999,-9999,-9999,-9999,-9999,-9999,-9999,-9999,-0.00002829120603564661
"2025-06-19 19:52:31",27.9,27.9,27.8,27.7,29.9,29.8,30.3,29.8,29.6,29.8,29.1,-9999,-9999,-9999,-9999,-9999,-9999,-9999,-9999,-9999,-0.00002828521428455133
"2025-06-19 19:52:38",27.7,27.7,27.6,27.5,29.7,29.5,30,29.6,29.4,29.6,28.9,-9999,-9999,-9999,-9999,-9999,-9999,-9999,-9999,-9999,-0.000028286041924729943
"2025-06-19 19:52:42",27.5,27.6,27.5,27.4,29.6,29.4,29.9,29.5,29.3,29.5,28.8,-9999,-9999,-9999,-9999,-9999,-9999,-9999,-9999,-9999,-0.00002829884942912031
"2025-06-19 19:52:49",27.4,27.4,27.3,27.2,29.3,29.2,29.8,29.3,29.1,29.2,28.6,-9999,-9999,-9999,-9999,-9999,-9999,-9999,-9999,-9999,-0.000028285421649343334
"2025-06-19 19:52:52",27.3,27.3,27.1,27.1,29.2,29.1,29.6,29.1,29,29.1,28.4,-9999,-9999,-9999,-9999,-9999,-9999,-9999,-9999,-9999,-0.000028298436518525705
"2025-06-19 19:52:59",27,27,27,26.9,29,28.9,29.4,28.9,28.7,28.9,28.2,-9999,-9999,-9999,-9999,-9999,-9999,-9999,-9999,-9999,-0.000028256499717826955
"2025-06-19 19:53:03",27,27,26.9,26.8,28.9,28.7,29.3,28.9,28.6,28.8,28.1,-9999,-9999,-9999,-9999,-9999,-9999,-9999,-9999,-9999,-0.00002827281969075557
"2025-06-19 19:53:09",26.7,26.8,26.7,26.6,28.7,28.5,29.1,28.6,28.4,28.6,27.9,-9999,-9999,-9999,-9999,-9999,-9999,-9999,-9999,-9999,-0.000028295957235968672
"2025-06-19 19:53:13",26.7,26.7,26.6,26.5,28.6,28.4,29,28.5,28.3,28.5,27.8,-9999,-9999,-9999,-9999,-9999,-9999,-9999,-9999,-9999,-0.000028267861125641502
"2025-06-19 19:53:20",26.5,26.5,26.4,26.3,28.4,28.2,28.8,28.3,28.1,28.3,27.6,-9999,-9999,-9999,-9999,-9999,-9999,-9999,-9999,-9999,-0.000028293685318203643
"2025-06-19 19:53:23",26.3,26.3,26.3,26.2,28.3,28.1,28.7,28.2,28,28.1,27.5,-9999,-9999,-9999,-9999,-9999,-9999,-9999,-9999,-9999,-0.000028284595828154124
"2025-06-19 19:53:30",26.2,26.2,26.1,26.1,28.1,27.9,28.5,28,27.8,27.9,27.3,-9999,-9999,-9999,-9999,-9999,-9999,-9999,-9999,-9999,-0.00002829657751135528
"2025-06-19 19:53:34",26.1,26.1,26,26,27.9,27.8,28.3,27.9,27.7,27.8,27.2,-9999,-9999,-9999,-9999,-9999,-9999,-9999,-9999,-9999,-0.000028282322091399692
"2025-06-19 19:53:40",25.9,25.9,25.9,25.8,27.8,27.6,28.2,27.7,27.5,27.6,27,-9999,-9999,-9999,-9999,-9999,-9999,-9999,-9999,-9999,-0.000028293272407609038
"2025-06-19 19:53:44",25.8,25.8,25.8,25.8,27.7,27.5,28,27.6,27.4,27.5,26.9,-9999,-9999,-9999,-9999,-9999,-9999,-9999,-9999,-9999,-0.000028299056793912314
"2025-06-19 19:53:51",25.6,25.7,25.6,25.6,27.4,27.3,27.9,27.4,27.2,27.4,26.7,-9999,-9999,-9999,-9999,-9999,-9999,-9999,-9999,-9999,-0.000028294098228798248
"2025-06-19 19:53:55",25.5,25.6,25.5,25.5,27.4,27.2,27.7,27.3,27.1,27.3,26.6,-9999,-9999,-9999,-9999,-9999,-9999,-9999,-9999,-9999,-0.000028286041924729943
"2025-06-19 19:54:01",25.4,25.4,25.4,25.3,27.2,27,27.5,27.1,26.9,27,26.4,-9999,-9999,-9999,-9999,-9999,-9999,-9999,-9999,-9999,-0.00002830959238053765
"2025-06-19 19:54:05",25.3,25.3,25.3,25.3,27.1,26.9,27.4,27,26.8,27,26.3,-9999,-9999,-9999,-9999,-9999,-9999,-9999,-9999,-9999,-0.00002829740333254449
"2025-06-19 19:54:12",25.2,25.2,25.2,25.1,26.9,26.7,27.3,26.8,26.7,26.8,26.1,-9999,-9999,-9999,-9999,-9999,-9999,-9999,-9999,-9999,-0.000028267448215046898
"2025-06-19 19:54:15",25.1,25.1,25.1,25,26.8,26.7,27.2,26.7,26.6,26.7,26.1,-9999,-9999,-9999,-9999,-9999,-9999,-9999,-9999,-9999,-0.000028273232601350173
"2025-06-19 19:54:22",24.9,24.9,25,24.9,26.6,26.5,27,26.5,26.4,26.5,25.9,-9999,-9999,-9999,-9999,-9999,-9999,-9999,-9999,-9999,-0.0000282980236079311
"2025-06-20 09:51:40",28.9,29,29.2,29.1,29,28.8,29.4,29.2,29,29,29,-9999,-9999,-9999,-9999,-9999,-9999,-9999,-9999,-9999,-0.000028307733373367228
"2025-06-20 09:51:47",28.9,29,29.2,29.1,29,28.9,29.4,29.2,29,29,29.1,-9999,-9999,-9999,-9999,-9999,-9999,-9999,-9999,-9999,-0.000028274678697925992
"2025-06-20 09:51:51",28.9,29,29.3,29.1,29,28.9,29.4,29.2,29.1,29,29,-9999,-9999,-9999,-9999,-9999,-9999,-9999,-9999,-9999,-0.00002831186429830268
"2025-06-20 09:51:57",28.9,29,29.3,29.1,29,28.9,29.4,29.2,29,29,29.1,-9999,-9999,-9999,-9999,-9999,-9999,-9999,-9999,-9999,-0.00002830422090482898
"2025-06-20 09:52:01",28.9,29,29.2,29.1,29,28.9,29.4,29.2,29.1,29,29,-9999,-9999,-9999,-9999,-9999,-9999,-9999,-9999,-9999,-0.000028305459636612795
"2025-06-20 09:52:08",28.9,29,29.2,29.1,29,28.9,29.4,29.2,29.1,29,29,-9999,-9999,-9999,-9999,-9999,-9999,-9999,-9999,-9999,-0.00002828438846336212
"2025-06-20 09:52:12",28.8,29,29.2,29.1,29,28.9,29.4,29.2,29.1,29,29.1,-9999,-9999,-9999,-9999,-9999,-9999,-9999,-9999,-9999,-0.000028280050173634663
"2025-06-20 09:52:18",28.9,29,29.2,29.1,29,28.9,29.4,29.2,29,29,29.1,-9999,-9999,-9999,-9999,-9999,-9999,-9999,-9999,-9999,-0.000028307733373367228
"2025-06-20 09:52:22",28.9,29,29.3,29.1,29,28.9,29.4,29.2,29,29,29.1,-9999,-9999,-9999,-9999,-9999,-9999,-9999,-9999,-9999,-0.000028294718504184857
"2025-06-20 09:52:29",28.9,29,29.3,29.1,29,28.9,29.4,29.2,29,29,29.1,-9999,-9999,-9999,-9999,-9999,-9999,-9999,-9999,-9999,-0.00002830504672601819
"2025-06-20 09:52:32",28.9,29,29.3,29.1,29,28.9,29.4,29.2,29,29,29.1,-9999,-9999,-9999,-9999,-9999,-9999,-9999,-9999,-9999,-0.00002827901698765345
"2025-06-20 09:52:39",28.9,29,29.2,29.1,29,28.9,29.4,29.2,29,29,29.1,-9999,-9999,-9999,-9999,-9999,-9999,-9999,-9999,-9999,-0.000028281288905418478
"2025-06-20 09:52:43",28.9,29,29.3,29.1,29,28.9,29.4,29.2,29,29,29.1,-9999,-9999,-9999,-9999,-9999,-9999,-9999,-9999,-9999,-0.000028291618946241215
"2025-06-20 09:52:49",28.9,29,29.2,29.1,29,28.9,29.4,29.2,29,29,29.1,-9999,-9999,-9999,-9999,-9999,-9999,-9999,-9999,-9999,-0.000028299262339714915
"2025-06-20 09:52:53",28.9,29,29.2,29.1,29,28.9,29.4,29.2,29,29,29.1,-9999,-9999,-9999,-9999,-9999,-9999,-9999,-9999,-9999,-0.00002829657751135528
"2025-06-20 09:53:00",28.9,29,29.3,29.1,29,28.9,29.4,29.2,29,29,29.1,-9999,-9999,-9999,-9999,-9999,-9999,-9999,-9999,-9999,-0.000028294511139392853
"2025-06-20 09:53:03",28.9,29,29.3,29.1,29,28.9,29.4,29.2,29,29,29.1,-9999,-9999,-9999,-9999,-9999,-9999,-9999,-9999,-9999,-0.000028294924049987458
"2025-06-20 09:53:10",28.9,29,29.3,29.1,29,28.9,29.4,29.2,29,29,29.1,-9999,-9999,-9999,-9999,-9999,-9999,-9999,-9999,-9999,-0.000028306700187386014
"2025-06-20 09:53:14",28.9,29,29.3,29.1,29,28.9,29.4,29.2,29,29,29.1,-9999,-9999,-9999,-9999,-9999,-9999,-9999,-9999,-9999,-0.000028281083359615877
"2025-06-20 09:53:20",28.9,29,29.2,29.1,29,28.9,29.4,29.2,29,29,29.1,-9999,-9999,-9999,-9999,-9999,-9999,-9999,-9999,-9999,-0.000028273232601350173
"2025-06-20 09:53:24",28.9,29,29.2,29.1,29,28.9,29.4,29.2,29,29.1,29.1,-9999,-9999,-9999,-9999,-9999,-9999,-9999,-9999,-9999,-0.000028287488021305762
"2025-06-20 09:53:31",28.9,29,29.3,29.1,29.1,28.9,29.4,29.2,29,29,29.1,-9999,-9999,-9999,-9999,-9999,-9999,-9999,-9999,-9999,-0.000028308764740359038
"2025-06-20 09:53:35",28.9,29.1,29.3,29.1,29.1,28.9,29.4,29.2,29,29,29.1,-9999,-9999,-9999,-9999,-9999,-9999,-9999,-9999,-9999,-0.000028317648684605956
"2025-06-20 09:53:41",28.9,29.1,29.3,29.1,29.1,28.9,29.4,29.2,29,29,29.1,-9999,-9999,-9999,-9999,-9999,-9999,-9999,-9999,-9999,-0.00002830731864378322
"2025-06-20 09:53:45",28.9,29,29.3,29.1,29.1,28.9,29.4,29.2,29,29,29.1,-9999,-9999,-9999,-9999,-9999,-9999,-9999,-9999,-9999,-0.00002831723577401135
"2025-06-20 09:53:52",28.9,29,29.3,29.1,29,28.9,29.4,29.2,29,29.1,29.1,-9999,-9999,-9999,-9999,-9999,-9999,-9999,-9999,-9999,-0.00002828666038112715
"2025-06-20 09:53:55",28.9,29,29.2,29.1,29,28.9,29.4,29.2,29,29.1,29.1,-9999,-9999,-9999,-9999,-9999,-9999,-9999,-9999,-9999,-0.00002827674506988842
"2025-06-20 09:54:02",28.9,29,29.3,29.1,29.1,29,29.4,29.2,29,29.1,29.1,-9999,-9999,-9999,-9999,-9999,-9999,-9999,-9999,-9999,-0.00002828356264217291
"2025-06-20 09:54:06",29,29.1,29.3,29.1,29.1,29,29.4,29.2,29,29.1,29.1,-9999,-9999,-9999,-9999,-9999,-9999,-9999,-9999,-9999,-0.000028302361897658557
"2025-06-20 09:54:12",29,29,29.3,29.1,29.1,29,29.4,29.2,29,29.1,29.1,-9999,-9999,-9999,-9999,-9999,-9999,-9999,-9999,-9999,-0.00002828583455993794
"2025-06-20 09:54:16",28.9,29,29.3,29.1,29.1,29,29.4,29.2,29.1,29.1,29.1,-9999,-9999,-9999,-9999,-9999,-9999,-9999,-9999,-9999,-0.000028315582312643528
"2025-06-20 09:54:23",28.9,29,29.2,29.1,29.1,29,29.4,29.2,29.1,29.1,29.1,-9999,-9999,-9999,-9999,-9999,-9999,-9999,-9999,-9999,-0.00002829182631103322
"2025-06-20 09:54:27",29,29,29.2,29.1,29,28.9,29.4,29.2,29,29.1,29.1,-9999,-9999,-9999,-9999,-9999,-9999,-9999,-9999,-9999,-0.00002831103847711347
"2025-06-20 09:54:33",29,29.1,29.3,29.1,29.1,29,29.4,29.2,29.1,29.1,29.1,-9999,-9999,-9999,-9999,-9999,-9999,-9999,-9999,-9999,-0.00002830360062944237
"2025-06-20 09:54:37",29,29.1,29.3,29.1,29.1,29,29.4,29.2,29.1,29.1,29.1,-9999,-9999,-9999,-9999,-9999,-9999,-9999,-9999,-9999,-0.000028316202588030137
"2025-06-20 09:54:43",29,29.1,29.3,29.2,29.1,29,29.4,29.2,29,29.1,29.1,-9999,-9999,-9999,-9999,-9999,-9999,-9999,-9999,-9999,-0.00002829347795341164
"2025-06-20 09:54:47",29,29.1,29.3,29.1,29.1,29,29.4,29.2,29.1,29.1,29.1,-9999,-9999,-9999,-9999,-9999,-9999,-9999,-9999,-9999,-0.000028293685318203643
"2025-06-20 09:54:54",28.9,29,29.3,29.1,29,29,29.4,29.2,29.1,29.1,29.1,-9999,-9999,-9999,-9999,-9999,-9999,-9999,-9999,-9999,-0.000028315582312643528
"2025-06-20 09:54:58",28.9,29,29.3,29.1,29,28.9,29.4,29.2,29.1,29.1,29.1,-9999,-9999,-9999,-9999,-9999,-9999,-9999,-9999,-9999,-0.00002828356264217291
"2025-06-20 09:55:04",29,29.1,29.3,29.1,29.1,29,29.4,29.2,29,29.1,29.1,-9999,-9999,-9999,-9999,-9999,-9999,-9999,-9999,-9999,-0.00002829884942912031
"2025-06-20 09:55:08",29,29.1,29.3,29.1,29.1,29,29.4,29.2,29.1,29.1,29.2,-9999,-9999,-9999,-9999,-9999,-9999,-9999,-9999,-9999,-0.00002827219941536896
"2025-06-20 09:55:15",29,29.1,29.3,29.2,29.1,29,29.4,29.2,29,29.1,29.2,-9999,-9999,-9999,-9999,-9999,-9999,-9999,-9999,-9999,-0.00002831103847711347
"2025-06-20 09:55:18",29,29.1,29.3,29.1,29.1,29,29.4,29.2,29,29.1,29.2,-9999,-9999,-9999,-9999,-9999,-9999,-9999,-9999,-9999,-0.00002828438846336212
"2025-06-20 09:55:25",28.9,29,29.3,29.1,29.1,29,29.4,29.2,29,29.1,29.2,-9999,-9999,-9999,-9999,-9999,-9999,-9999,-9999,-9999,-0.00002829182631103322
"2025-06-20 09:55:29",28.9,29.1,29.3,29.1,29,29,29.4,29.2,29,29.1,29.2,-9999,-9999,-9999,-9999,-9999,-9999,-9999,-9999,-9999,-0.000028268068490433507
"2025-06-20 09:55:35",29,29,29.3,29.1,29.1,29,29.4,29.2,29,29.1,29.2,-9999,-9999,-9999,-9999,-9999,-9999,-9999,-9999,-9999,-0.0000282980236079311
"2025-06-20 09:55:39",29,29.1,29.3,29.1,29.1,29,29.4,29.2,29,29.1,29.2,-9999,-9999,-9999,-9999,-9999,-9999,-9999,-9999,-9999,-0.00002830628727679141
"2025-06-20 09:55:46",29,29.1,29.3,29.1,29.1,29,29.4,29.2,29,29.1,29.2,-9999,-9999,-9999,-9999,-9999,-9999,-9999,-9999,-9999,-0.000028273027055547573
"2025-06-20 09:55:50",29,29.1,29.3,29.2,29.1,29,29.4,29.2,29,29.1,29.2,-9999,-9999,-9999,-9999,-9999,-9999,-9999,-9999,-9999,-0.000028291618946241215
"2025-06-20 09:55:56",29,29.1,29.3,29.1,29.1,29,29.4,29.2,29,29.1,29.2,-9999,-9999,-9999,-9999,-9999,-9999,-9999,-9999,-9999,-0.0000282903802144574
"2025-06-20 09:56:00",28.9,29,29.3,29.1,29.1,29,29.4,29.2,29,29.1,29.2,-9999,-9999,-9999,-9999,-9999,-9999,-9999,-9999,-9999,-0.000028297195967752486
"2025-06-20 09:56:07",29,29.1,29.3,29.1,29.1,29,29.4,29.2,29.1,29.1,29.2,-9999,-9999,-9999,-9999,-9999,-9999,-9999,-9999,-9999,-0.000028310625566518866
"2025-06-20 09:56:10",29,29.1,29.3,29.1,29.1,29,29.4,29.2,29.1,29.1,29.2,-9999,-9999,-9999,-9999,-9999,-9999,-9999,-9999,-9999,-0.000028321574063738808
"2025-06-20 09:56:17",29,29.1,29.3,29.1,29.1,29,29.4,29.2,29.1,29.1,29.2,-9999,-9999,-9999,-9999,-9999,-9999,-9999,-9999,-9999,-0.00002828376818797551
"2025-06-20 09:56:21",29,29.1,29.3,29.1,29.1,29,29.4,29.2,29,29.1,29.2,-9999,-9999,-9999,-9999,-9999,-9999,-9999,-9999,-9999,-0.000028283149731578305
"2025-06-20 09:56:27",29,29,29.3,29.1,29,29,29.4,29.2,29.1,29.1,29.2,-9999,-9999,-9999,-9999,-9999,-9999,-9999,-9999,-9999,-0.000028278604077058844
"2025-06-20 09:56:31",29,29,29.3,29.1,29,29,29.4,29.2,29,29.1,29.2,-9999,-9999,-9999,-9999,-9999,-9999,-9999,-9999,-9999,-0.000028274886062717997
"2025-06-20 09:56:38",29,29.1,29.3,29.1,29.1,29,29.4,29.2,29,29.1,29.2,-9999,-9999,-9999,-9999,-9999,-9999,-9999,-9999,-9999,-0.000028298642064328305
"2025-06-20 09:56:41",29,29.1,29.3,29.1,29.1,29,29.4,29.2,29,29.1,29.2,-9999,-9999,-9999,-9999,-9999,-9999,-9999,-9999,-9999,-0.000028293890864006244
"2025-06-20 09:56:48",29,29.1,29.3,29.1,29.1,29,29.4,29.2,29,29.1,29.2,-9999,-9999,-9999,-9999,-9999,-9999,-9999,-9999,-9999,-0.000028290793125052005
"2025-06-20 09:56:52",29,29.1,29.3,29.1,29.1,29,29.4,29.2,29.1,29.1,29.2,-9999,-9999,-9999,-9999,-9999,-9999,-9999,-9999,-9999,-0.00002828521428455133
"2025-06-20 09:56:58",29,29.1,29.3,29.1,29,29,29.4,29.2,29,29.1,29.2,-9999,-9999,-9999,-9999,-9999,-9999,-9999,-9999,-9999,-0.000028299882615101524
"2025-06-20 09:57:02",29,29.1,29.3,29.1,29.1,29,29.4,29.2,29,29.1,29.2,-9999,-9999,-9999,-9999,-9999,-9999,-9999,-9999,-9999,-0.000028281909180805087
"2025-06-20 09:57:09",29,29.1,29.3,29.1,29.1,29,29.4,29.2,29,29.1,29.2,-9999,-9999,-9999,-9999,-9999,-9999,-9999,-9999,-9999,-0.000028293685318203643
"2025-06-20 09:57:13",29,29.1,29.3,29.1,29.1,29,29.4,29.2,29,29.1,29.2,-9999,-9999,-9999,-9999,-9999,-9999,-9999,-9999,-9999,-0.000028286247470532544
"2025-06-20 09:57:19",29,29.1,29.3,29.1,29.1,29,29.4,29.2,29,29.1,29.2,-9999,-9999,-9999,-9999,-9999,-9999,-9999,-9999,-9999,-0.00002829967525030952
"2025-06-20 09:57:23",29,29.1,29.3,29.1,29.1,29,29.4,29.2,29,29.1,29.2,-9999,-9999,-9999,-9999,-9999,-9999,-9999,-9999,-9999,-0.000028306905733188614
"2025-06-20 09:57:30",29,29.1,29.3,29.1,29.1,29,29.4,29.2,29,29.1,29.2,-9999,-9999,-9999,-9999,-9999,-9999,-9999,-9999,-9999,-0.000028289139663684182
"2025-06-20 09:57:33",29,29.1,29.3,29.1,29.1,29,29.4,29.2,29,29.1,29.2,-9999,-9999,-9999,-9999,-9999,-9999,-9999,-9999,-9999,-0.00002829884942912031
"2025-06-20 09:57:40",29,29.1,29.3,29.1,29.1,29,29.4,29.2,29,29.1,29.2,-9999,-9999,-9999,-9999,-9999,-9999,-9999,-9999,-9999,-0.000028285627195145935
"2025-06-20 09:57:44",29,29.1,29.3,29.1,29.1,29,29.4,29.2,29,29.1,29.2,-9999,-9999,-9999,-9999,-9999,-9999,-9999,-9999,-9999,-0.000028288726753089577
"2025-06-20 09:57:50",29,29.1,29.3,29.1,29.1,29,29.4,29.2,29,29.1,29.2,-9999,-9999,-9999,-9999,-9999,-9999,-9999,-9999,-9999,-0.000028292444767430425
"2025-06-20 09:57:54",29,29.1,29.3,29.1,29.1,29,29.4,29.2,29,29.1,29.2,-9999,-9999,-9999,-9999,-9999,-9999,-9999,-9999,-9999,-0.00002831723577401135
"2025-06-20 09:58:01",29,29.1,29.3,29.1,29.1,29,29.4,29.2,29,29.1,29.2,-9999,-9999,-9999,-9999,-9999,-9999,-9999,-9999,-9999,-0.00002827901698765345
"2025-06-20 09:58:04",29,29.1,29.3,29.1,29.1,29,29.4,29.2,29,29.1,29.2,-9999,-9999,-9999,-9999,-9999,-9999,-9999,-9999,-9999,-0.000028288726753089577
"2025-06-20 09:58:11",29,29.1,29.3,29.1,29.1,29,29.4,29.2,29,29.1,29.2,-9999,-9999,-9999,-9999,-9999,-9999,-9999,-9999,-9999,-0.00002830649282259401
"2025-06-20 09:58:15",29,29.1,29.3,29.1,29.1,29,29.4,29.2,29,29.1,29.2,-9999,-9999,-9999,-9999,-9999,-9999,-9999,-9999,-9999,-0.000028302980354055762
"2025-06-20 09:58:21",29,29.1,29.3,29.1,29.1,29,29.4,29.2,29,29.1,29.2,-9999,-9999,-9999,-9999,-9999,-9999,-9999,-9999,-9999,-0.000028288106477702968
"2025-06-20 09:58:25",29,29.1,29.3,29.1,29,29,29.4,29.2,29,29.1,29.2,-9999,-9999,-9999,-9999,-9999,-9999,-9999,-9999,-9999,-0.000028301328711677343
"2025-06-20 09:58:32",29,29.1,29.3,29.1,29.1,29,29.4,29.2,29,29.1,29.2,-9999,-9999,-9999,-9999,-9999,-9999,-9999,-9999,-9999,-0.00002829203185683582
"2025-06-20 09:58:36",29,29.1,29.3,29.1,29.1,29,29.4,29.2,29,29.1,29.2,-9999,-9999,-9999,-9999,-9999,-9999,-9999,-9999,-9999,-0.000028288519388297573
"2025-06-20 09:58:42",29,29.1,29.3,29.1,29.1,29,29.4,29.2,29,29.1,29.2,-9999,-9999,-9999,-9999,-9999,-9999,-9999,-9999,-9999,-0.000028293685318203643
"2025-06-20 09:58:46",29,29.1,29.3,29.1,29,29,29.4,29.2,29,29.1,29.2,-9999,-9999,-9999,-9999,-9999,-9999,-9999,-9999,-9999,-0.000028288726753089577
"2025-06-20 09:58:53",29,29.1,29.3,29.1,29.1,29,29.4,29.2,29,29.1,29.2,-9999,-9999,-9999,-9999,-9999,-9999,-9999,-9999,-9999,-0.00002829946970450692
"2025-06-20 09:58:56",29,29.1,29.3,29.1,29.1,29,29.4,29.2,29,29.1,29.2,-9999,-9999,-9999,-9999,-9999,-9999,-9999,-9999,-9999,-0.00002829120603564661
"2025-06-20 09:59:07",29,29.1,29.3,29.1,29.1,29,29.4,29.2,29,29.1,29.2,-9999,-9999,-9999,-9999,-9999,-9999,-9999,-9999,-9999,-0.000028302154532866552
"2025-06-20 09:59:17",29,29.1,29.3,29.1,29.1,29,29.4,29.2,29,29.1,29.2,-9999,-9999,-9999,-9999,-9999,-9999,-9999,-9999,-9999,-0.000028279429898248054
"2025-06-20 09:59:28",29,29,29.3,29.1,29,29,29.4,29.2,29,29.1,29.2,-9999,-9999,-9999,-9999,-9999,-9999,-9999,-9999,-9999,-0.00002831124402291607
"2025-06-20 09:59:38",29,29.1,29.3,29.1,29.1,29,29.4,29.2,29,29.1,29.2,-9999,-9999,-9999,-9999,-9999,-9999,-9999,-9999,-9999,-0.00002830484118021559
"2025-06-20 09:59:48",29,29.1,29.3,29.1,29,29,29.4,29.2,29,29.1,29.2,-9999,-9999,-9999,-9999,-9999,-9999,-9999,-9999,-9999,-0.000028308351829764433
